{"type": "FeatureCollection", "features": [{"type": "Feature", "geometry": {"type": "Point", "coordinates": [108.471211, 12.642748]}, "properties": {"lo": 1, "loCu": ["1", "2", "3", "4", "5", "6"], "cum": "A", "doi": "Đội 1", "nongTruong": "NT 1A", "giong": "Philipin (cavendish)", "ngayTrong": "2024-11-08", "matDo": 2160, "dienTichBanDau": 2.81, "soCayBanDau": 6064, "taiCanh": [], "dienTichHienHuu": 2.81, "soCayHienHuu": 5558, "trangThai": "Đã trồng", "phuTrach": "Phan Ngọc Hiếu", "maLo": "Cụm A1145604", "viTri": [12.642748, 108.471211], "nguonRanhGioi": "nhan"}}, {"type": "Feature", "geometry": {"type": "Point", "coordinates": [108.473797, 12.644082]}, "properties": {"lo": 2, "loCu": ["A1"], "cum": "A", "doi": "Đội 1", "nongTruong": "NT 1A", "giong": "Philipin (cavendish)", "ngayTrong": "2019-02-02", "matDo": 2160, "dienTichBanDau": 3.33, "soCayBanDau": 7192, "taiCanh": [], "dienTichHienHuu": 3.33, "soCayHienHuu": 6494, "trangThai": "Đã trồng", "phuTrach": "Phan Ngọc Hiếu", "maLo": "Cụm AA1243498", "viTri": [12.644082, 108.473797], "nguonRanhGioi": "nhan"}}, {"type": "Feature", "geometry": {"type": "Polygon", "coordinates": [[[108.475374, 12.646265], [108.475475, 12.646169], [108.475486, 12.646151], [108.475479, 12.646076], [108.475526, 12.646034], [108.475729, 12.645891], [108.475736, 12.645873], [108.47574, 12.645838], [108.475794, 12.645763], [108.475848, 12.645738], [108.475971, 12.645667], [108.476026, 12.645614], [108.476073, 12.645578], [108.47608, 12.645543], [108.476174, 12.645436], [108.476257, 12.64539], [108.476297, 12.645343], [108.476609, 12.645657], [108.475605, 12.646638], [108.475584, 12.646539], [108.475566, 12.646521], [108.475504, 12.646421], [108.475486, 12.646411], [108.475421, 12.646339], [108.475374, 12.646265]]]}, "properties": {"lo": 3, "loCu": ["A2"], "cum": "A", "doi": "Đội 1", "nongTruong": "NT 1A", "giong": "Philipin (cavendish)", "ngayTrong": "2018-08-23", "matDo": 2160, "dienTichBanDau": 0.75, "soCayBanDau": 1620, "taiCanh": [], "dienTichHienHuu": 0.75, "soCayHienHuu": 1310, "trangThai": "Đã trồng", "phuTrach": "Phan Ngọc Hiếu", "maLo": "Cụm AA2343335", "viTri": [12.645993, 108.475925], "dienTichBanDo": 0.73, "nguonRanhGioi": "pdf"}}, {"type": "Feature", "geometry": {"type": "Polygon", "coordinates": [[[108.477293, 12.646333], [108.475779, 12.647805], [108.475721, 12.647698], [108.475721, 12.647659], [108.475728, 12.647641], [108.475721, 12.647506], [108.475732, 12.647489], [108.475757, 12.647471], [108.475797, 12.647417], [108.47587, 12.647282], [108.475881, 12.647275], [108.475863, 12.647183], [108.475815, 12.647083], [108.475794, 12.646976], [108.475758, 12.646948], [108.475685, 12.646838], [108.475692, 12.646795], [108.475627, 12.646685], [108.47566, 12.64666], [108.476641, 12.645696], [108.476649, 12.645692], [108.477293, 12.646333]]]}, "properties": {"lo": 4, "loCu": ["A3"], "cum": "A", "doi": "Đội 1", "nongTruong": "NT 1A", "giong": "Philipin (cavendish)", "ngayTrong": "2018-08-14", "matDo": 2160, "dienTichBanDau": 1.96, "soCayBanDau": 4233, "taiCanh": [], "dienTichHienHuu": 1.96, "soCayHienHuu": 3914, "trangThai": "Đã trồng", "phuTrach": "Phan Ngọc Hiếu", "maLo": "Cụm AA3443326", "viTri": [12.64674, 108.476267], "dienTichBanDo": 1.84, "nguonRanhGioi": "pdf"}}, {"type": "Feature", "geometry": {"type": "Polygon", "coordinates": [[[108.475808, 12.647859], [108.477333, 12.646368], [108.478, 12.647012], [108.477905, 12.647101], [108.477927, 12.647122], [108.477858, 12.647147], [108.477739, 12.647179], [108.477674, 12.647172], [108.477554, 12.647225], [108.477518, 12.647236], [108.477492, 12.647236], [108.47738, 12.647261], [108.477315, 12.647297], [108.477214, 12.647339], [108.477101, 12.647403], [108.477054, 12.647442], [108.477018, 12.647457], [108.476598, 12.647787], [108.476529, 12.64783], [108.476471, 12.647883], [108.476279, 12.647997], [108.476149, 12.648054], [108.476083, 12.648061], [108.475993, 12.648015], [108.475819, 12.64788], [108.475808, 12.647859]]]}, "properties": {"lo": 5, "loCu": ["A4"], "cum": "A", "doi": "Đội 1", "nongTruong": "NT 1A", "giong": "Philipin (cavendish)", "ngayTrong": "2018-08-08", "matDo": 2160, "dienTichBanDau": 1.53, "soCayBanDau": 3304, "taiCanh": [], "dienTichHienHuu": 1.53, "soCayHienHuu": 3476, "trangThai": "Đã trồng", "phuTrach": "Phan Ngọc Hiếu", "maLo": "Cụm AA4543320", "viTri": [12.647202, 108.477043], "dienTichBanDo": 1.55, "nguonRanhGioi": "pdf"}}, {"type": "Feature", "geometry": {"type": "Point", "coordinates": [108.47568, 12.643467]}, "properties": {"lo": 6, "loCu": ["A5"], "cum": "A", "doi": "Đội 1", "nongTruong": "NT 1A", "giong": "Philipin (cavendish)", "ngayTrong": "2019-12-21", "matDo": 2160, "dienTichBanDau": 2.13, "soCayBanDau": 4600, "taiCanh": [], "dienTichHienHuu": 2.13, "soCayHienHuu": 4440, "trangThai": "Đã trồng", "phuTrach": "Phan Ngọc Hiếu", "maLo": "Cụm AA5643820", "viTri": [12.643467, 108.47568], "nguonRanhGioi": "nhan"}}, {"type": "Feature", "geometry": {"type": "Point", "coordinates": [108.477067, 12.64505]}, "properties": {"lo": 7, "loCu": ["A6"], "cum": "A", "doi": "Đội 1", "nongTruong": "NT 1A", "giong": "Philipin (cavendish)", "ngayTrong": "2018-09-22", "matDo": 2160, "dienTichBanDau": 1.55, "soCayBanDau": 3348, "taiCanh": [], "dienTichHienHuu": 1.55, "soCayHienHuu": 3367, "trangThai": "Đã trồng", "phuTrach": "Phan Ngọc Hiếu", "maLo": "Cụm AA6743365", "viTri": [12.64505, 108.477067], "nguonRanhGioi": "nhan"}}, {"type": "Feature", "geometry": {"type": "Polygon", "coordinates": [[[108.476714, 12.645628], [108.477982, 12.64439], [108.47863, 12.645031], [108.477359, 12.646268], [108.476714, 12.645628]]]}, "properties": {"lo": 8, "loCu": ["A7"], "cum": "A", "doi": "Đội 1", "nongTruong": "NT 1A", "giong": "Philipin (cavendish)", "ngayTrong": "2018-08-15", "matDo": 2160, "dienTichBanDau": 1.99, "soCayBanDau": 4298, "taiCanh": [], "dienTichHienHuu": 1.99, "soCayHienHuu": 3384, "trangThai": "Đã trồng", "phuTrach": "Phan Ngọc Hiếu", "maLo": "Cụm AA7843327", "viTri": [12.645267, 108.477735], "dienTichBanDo": 1.94, "nguonRanhGioi": "pdf"}}, {"type": "Feature", "geometry": {"type": "Polygon", "coordinates": [[[108.477395, 12.646308], [108.478666, 12.64507], [108.479325, 12.645717], [108.478047, 12.646962], [108.477931, 12.646841], [108.477395, 12.646308]]]}, "properties": {"lo": 9, "loCu": ["A8"], "cum": "A", "doi": "Đội 1", "nongTruong": "NT 1A", "giong": "Philipin (cavendish)", "ngayTrong": "2018-08-11", "matDo": 2160, "dienTichBanDau": 2, "soCayBanDau": 4320, "taiCanh": [], "dienTichHienHuu": 2, "soCayHienHuu": 4107, "trangThai": "Đã trồng", "phuTrach": "Phan Ngọc Hiếu", "maLo": "Cụm AA8943323", "viTri": [12.645996, 108.478377], "dienTichBanDo": 1.97, "nguonRanhGioi": "pdf"}}, {"type": "Feature", "geometry": {"type": "Polygon", "coordinates": [[[108.478086, 12.647001], [108.479365, 12.645756], [108.480017, 12.646397], [108.479169, 12.647226], [108.479155, 12.647215], [108.479072, 12.647197], [108.479046, 12.647186], [108.47888, 12.64714], [108.478796, 12.647122], [108.478753, 12.647122], [108.478648, 12.647137], [108.47855, 12.647137], [108.478402, 12.647179], [108.478362, 12.647197], [108.478275, 12.647208], [108.478086, 12.647001]]]}, "properties": {"lo": 10, "loCu": ["A9"], "cum": "A", "doi": "Đội 1", "nongTruong": "NT 1A", "giong": "Philipin (cavendish)", "ngayTrong": "2018-08-28", "matDo": 2160, "dienTichBanDau": 1.73, "soCayBanDau": 3736, "taiCanh": [], "dienTichHienHuu": 1.73, "soCayHienHuu": 3404, "trangThai": "Đã trồng", "phuTrach": "Phan Ngọc Hiếu", "maLo": "Cụm AA91043340", "viTri": [12.64671, 108.479042], "dienTichBanDo": 1.68, "nguonRanhGioi": "pdf"}}, {"type": "Feature", "geometry": {"type": "Polygon", "coordinates": [[[108.47947, 12.647475], [108.479365, 12.647379], [108.479365, 12.647354], [108.479274, 12.647286], [108.479217, 12.647258], [108.480057, 12.646436], [108.480723, 12.647083], [108.480249, 12.647549], [108.479926, 12.647542], [108.479557, 12.647517], [108.479499, 12.647492], [108.47947, 12.647475]]]}, "properties": {"lo": 11, "loCu": ["A10"], "cum": "A", "doi": "Đội 1", "nongTruong": "NT 1A", "giong": "Philipin (cavendish)", "ngayTrong": "2018-09-04", "matDo": 2160, "dienTichBanDau": 1.08, "soCayBanDau": 2332, "taiCanh": [], "dienTichHienHuu": 1.08, "soCayHienHuu": 1919, "trangThai": "Đã trồng", "phuTrach": "Phan Ngọc Hiếu", "maLo": "Cụm AA101143347", "viTri": [12.646753, 108.480058], "dienTichBanDo": 1.13, "nguonRanhGioi": "pdf"}}, {"type": "Feature", "geometry": {"type": "Polygon", "coordinates": [[[108.480325, 12.647549], [108.48076, 12.647123], [108.481248, 12.647603], [108.481212, 12.647603], [108.481104, 12.647578], [108.481002, 12.647585], [108.480893, 12.647557], [108.480575, 12.647581], [108.480376, 12.647549], [108.480325, 12.647549]]]}, "properties": {"lo": 12, "loCu": ["A11"], "cum": "A", "doi": "Đội 1", "nongTruong": "NT 1A", "giong": "Philipin (cavendish)", "ngayTrong": "2018-09-04", "matDo": 2160, "dienTichBanDau": 0.27, "soCayBanDau": 583, "taiCanh": [], "dienTichHienHuu": 0.27, "soCayHienHuu": 468, "trangThai": "Đã trồng", "phuTrach": "Phan Ngọc Hiếu", "maLo": "Cụm AA111243347", "viTri": [12.647409, 108.480761], "dienTichBanDo": 0.25, "nguonRanhGioi": "pdf"}}, {"type": "Feature", "geometry": {"type": "Point", "coordinates": [108.478158, 12.642773]}, "properties": {"lo": 13, "loCu": ["A12"], "cum": "A", "doi": "Đội 1", "nongTruong": "NT 1A", "giong": "Philipin (cavendish)", "ngayTrong": "2018-09-15", "matDo": 2160, "dienTichBanDau": 1.53, "soCayBanDau": 3304, "taiCanh": [], "dienTichHienHuu": 1.53, "soCayHienHuu": 3345, "trangThai": "Đã trồng", "phuTrach": "Phan Ngọc Hiếu", "maLo": "Cụm AA121343358", "viTri": [12.642773, 108.478158], "nguonRanhGioi": "nhan"}}, {"type": "Feature", "geometry": {"type": "Polygon", "coordinates": [[[108.477351, 12.643668], [108.477855, 12.643188], [108.479329, 12.641744], [108.479967, 12.642377], [108.479999, 12.642348], [108.477993, 12.644305], [108.477953, 12.644255], [108.477351, 12.643668]]]}, "properties": {"lo": 14, "loCu": ["A13"], "cum": "A", "doi": "Đội 1", "nongTruong": "NT 1A", "giong": "Philipin (cavendish)", "ngayTrong": "2018-08-26", "matDo": 2160, "dienTichBanDau": 3.1, "soCayBanDau": 6696, "taiCanh": [], "dienTichHienHuu": 3.1, "soCayHienHuu": 6716, "trangThai": "Đã trồng", "phuTrach": "Phan Ngọc Hiếu", "maLo": "Cụm AA131443338", "viTri": [12.642782, 108.478912], "dienTichBanDo": 2.98, "nguonRanhGioi": "pdf"}}, {"type": "Feature", "geometry": {"type": "Polygon", "coordinates": [[[108.478054, 12.644344], [108.480028, 12.642416], [108.480677, 12.64306], [108.478702, 12.644981], [108.478054, 12.644344]]]}, "properties": {"lo": 15, "loCu": ["B1"], "cum": "A", "doi": "Đội 1", "nongTruong": "NT 1A", "giong": "Philipin (cavendish)", "ngayTrong": "2018-08-16", "matDo": 2160, "dienTichBanDau": 3.03, "soCayBanDau": 6544, "taiCanh": [], "dienTichHienHuu": 3.03, "soCayHienHuu": 6020, "trangThai": "Đã trồng", "phuTrach": "Phan Ngọc Hiếu", "maLo": "Cụm AB11543328", "viTri": [12.643778, 108.479286], "dienTichBanDo": 3.02, "nguonRanhGioi": "pdf"}}, {"type": "Feature", "geometry": {"type": "Point", "coordinates": [108.480624, 12.644588]}, "properties": {"lo": 16, "loCu": ["B2"], "cum": "A", "doi": "Đội 1", "nongTruong": "NT 1A", "giong": "Philipin (cavendish)", "ngayTrong": "2018-08-10", "matDo": 2160, "dienTichBanDau": 3.01, "soCayBanDau": 6501, "taiCanh": [], "dienTichHienHuu": 3.01, "soCayHienHuu": 5548, "trangThai": "Đã trồng", "phuTrach": "Phan Ngọc Hiếu", "maLo": "Cụm AB21643322", "viTri": [12.644588, 108.480624], "nguonRanhGioi": "nhan"}}, {"type": "Feature", "geometry": {"type": "Point", "coordinates": [108.480729, 12.645196]}, "properties": {"lo": 17, "loCu": ["B3"], "cum": "A", "doi": "Đội 1", "nongTruong": "NT 1A", "giong": "Philipin (cavendish)", "ngayTrong": "2018-08-28", "matDo": 2160, "dienTichBanDau": 3, "soCayBanDau": 6480, "taiCanh": [], "dienTichHienHuu": 3, "soCayHienHuu": 6351, "trangThai": "Đã trồng", "phuTrach": "Phan Ngọc Hiếu", "maLo": "Cụm AB31743340", "viTri": [12.645196, 108.480729], "nguonRanhGioi": "nhan"}}, {"type": "Feature", "geometry": {"type": "Polygon", "coordinates": [[[108.480296, 12.646201], [108.482085, 12.644455], [108.482067, 12.644472], [108.482723, 12.645123], [108.480767, 12.647037], [108.48022, 12.646496], [108.480267, 12.646429], [108.480256, 12.646404], [108.480256, 12.646375], [108.480278, 12.646294], [108.480296, 12.646269], [108.480296, 12.646201]]]}, "properties": {"lo": 18, "loCu": ["B4"], "cum": "A", "doi": "Đội 1", "nongTruong": "NT 1A", "giong": "Philipin (cavendish)", "ngayTrong": "2018-09-08", "matDo": 2160, "dienTichBanDau": 3.02, "soCayBanDau": 6523, "taiCanh": [], "dienTichHienHuu": 3.02, "soCayHienHuu": 5825, "trangThai": "Đã trồng", "phuTrach": "Phan Ngọc Hiếu", "maLo": "Cụm AB41843351", "viTri": [12.645662, 108.48151], "dienTichBanDo": 3.01, "nguonRanhGioi": "pdf"}}, {"type": "Feature", "geometry": {"type": "Polygon", "coordinates": [[[108.480808, 12.647078], [108.482759, 12.645163], [108.483393, 12.645792], [108.481538, 12.647592], [108.481451, 12.647606], [108.481408, 12.647606], [108.481314, 12.647589], [108.480808, 12.647078]]]}, "properties": {"lo": 19, "loCu": ["B5"], "cum": "A", "doi": "Đội 1", "nongTruong": "NT 1A", "giong": "Philipin (cavendish)", "ngayTrong": "2018-09-07", "matDo": 2160, "dienTichBanDau": 3.06, "soCayBanDau": 6609, "taiCanh": [], "dienTichHienHuu": 3.06, "soCayHienHuu": 5156, "trangThai": "Đã trồng", "phuTrach": "Phan Ngọc Hiếu", "maLo": "Cụm AB51943350", "viTri": [12.646435, 108.482097], "dienTichBanDo": 2.9, "nguonRanhGioi": "pdf"}}, {"type": "Feature", "geometry": {"type": "Polygon", "coordinates": [[[108.481629, 12.647578], [108.483429, 12.645831], [108.483987, 12.646383], [108.483998, 12.646376], [108.483976, 12.646429], [108.483954, 12.646465], [108.483762, 12.646618], [108.483719, 12.646642], [108.48365, 12.646653], [108.483632, 12.64666], [108.483577, 12.646714], [108.48352, 12.646742], [108.483454, 12.646795], [108.483407, 12.646803], [108.4834, 12.646849], [108.483364, 12.646867], [108.48336, 12.646877], [108.483251, 12.646945], [108.483244, 12.646945], [108.483132, 12.647116], [108.482723, 12.647439], [108.482205, 12.647532], [108.481629, 12.647578]]]}, "properties": {"lo": 20, "loCu": ["B6"], "cum": "A", "doi": "Đội 1", "nongTruong": "NT 1A", "giong": "Philipin (cavendish)", "ngayTrong": "2018-09-07", "matDo": 2160, "dienTichBanDau": 1.72, "soCayBanDau": 3715, "taiCanh": [], "dienTichHienHuu": 1.72, "soCayHienHuu": 3584, "trangThai": "Đã trồng", "phuTrach": "Phan Ngọc Hiếu", "maLo": "Cụm AB62043350", "viTri": [12.646687, 108.483076], "dienTichBanDo": 1.79, "nguonRanhGioi": "pdf"}}, {"type": "Feature", "geometry": {"type": "Polygon", "coordinates": [[[108.479365, 12.64169], [108.479485, 12.641662], [108.479652, 12.641608], [108.479818, 12.641548], [108.479949, 12.641495], [108.480235, 12.641416], [108.480604, 12.641384], [108.481115, 12.641256], [108.480007, 12.642338], [108.479365, 12.64169]]]}, "properties": {"lo": 21, "loCu": ["C1"], "cum": "A", "doi": "Đội 2", "nongTruong": "NT 1B", "giong": "MBC5 ( JUTJEM)", "ngayTrong": "2018-09-18", "matDo": 2160, "dienTichBanDau": 0.88, "soCayBanDau": 1900, "taiCanh": [], "dienTichHienHuu": 0.88, "soCayHienHuu": 1677, "trangThai": "Đã trồng", "phuTrach": "Phan Ngọc Hiếu", "maLo": "Cụm AC12143361", "viTri": [12.642014, 108.480012], "dienTichBanDo": 0.89, "nguonRanhGioi": "pdf"}}, {"type": "Feature", "geometry": {"type": "Polygon", "coordinates": [[[108.480046, 12.642373], [108.481195, 12.641253], [108.481238, 12.641264], [108.481376, 12.641356], [108.481394, 12.641356], [108.481586, 12.641438], [108.481749, 12.641477], [108.48185, 12.641541], [108.481926, 12.641577], [108.48206, 12.641651], [108.482078, 12.641669], [108.480695, 12.643017], [108.480046, 12.642373]]]}, "properties": {"lo": 22, "loCu": ["C2"], "cum": "A", "doi": "Đội 2", "nongTruong": "NT 1B", "giong": "MBC5 ( JUTJEM)", "ngayTrong": "2018-09-12", "matDo": 2160, "dienTichBanDau": 1.94, "soCayBanDau": 4190, "taiCanh": [], "dienTichHienHuu": 1.94, "soCayHienHuu": 4025, "trangThai": "Đã trồng", "phuTrach": "Phan Ngọc Hiếu", "maLo": "Cụm AC22243355", "viTri": [12.642019, 108.481064], "dienTichBanDo": 1.95, "nguonRanhGioi": "pdf"}}, {"type": "Feature", "geometry": {"type": "Polygon", "coordinates": [[[108.483339, 12.641801], [108.481386, 12.643707], [108.480734, 12.643056], [108.482154, 12.641669], [108.482227, 12.641662], [108.482292, 12.641609], [108.482368, 12.641591], [108.482393, 12.641591], [108.482495, 12.641609], [108.482676, 12.641666], [108.482745, 12.641694], [108.48277, 12.641683], [108.482853, 12.641594], [108.482901, 12.64153], [108.482908, 12.641495], [108.482929, 12.641459], [108.482944, 12.641399], [108.483339, 12.641801]]]}, "properties": {"lo": 23, "loCu": ["C3"], "cum": "A", "doi": "Đội 2", "nongTruong": "NT 1B", "giong": "MBC5 ( JUTJEM)", "ngayTrong": "2018-09-11", "matDo": 2160, "dienTichBanDau": 2.8, "soCayBanDau": 6048, "taiCanh": [], "dienTichHienHuu": 2.8, "soCayHienHuu": 5326, "trangThai": "Đã trồng", "phuTrach": "Phan Ngọc Hiếu", "maLo": "Cụm AC32343354", "viTri": [12.642429, 108.482036], "dienTichBanDo": 2.78, "nguonRanhGioi": "pdf"}}, {"type": "Feature", "geometry": {"type": "Polygon", "coordinates": [[[108.481423, 12.643747], [108.481481, 12.643697], [108.481647, 12.643526], [108.483379, 12.64184], [108.484016, 12.642495], [108.482071, 12.644391], [108.481423, 12.643747]]]}, "properties": {"lo": 24, "loCu": ["C4"], "cum": "A", "doi": "Đội 2", "nongTruong": "NT 1B", "giong": "ASALDO", "ngayTrong": "2018-09-08", "matDo": 2160, "dienTichBanDau": 3.08, "soCayBanDau": 6652, "taiCanh": [], "dienTichHienHuu": 3.08, "soCayHienHuu": 5342, "trangThai": "Đã trồng", "phuTrach": "Phan Ngọc Hiếu", "maLo": "Cụm AC42443351", "viTri": [12.64301, 108.482832], "dienTichBanDo": 2.99, "nguonRanhGioi": "pdf"}}, {"type": "Feature", "geometry": {"type": "Polygon", "coordinates": [[[108.482111, 12.64443], [108.483103, 12.643476], [108.484052, 12.642534], [108.484559, 12.64305], [108.484682, 12.643188], [108.482763, 12.645084], [108.482111, 12.64443]]]}, "properties": {"lo": 25, "loCu": ["C5"], "cum": "A", "doi": "Đội 2", "nongTruong": "NT 1B", "giong": "ASALDO", "ngayTrong": "2018-09-21", "matDo": 2160, "dienTichBanDau": 3.08, "soCayBanDau": 6652, "taiCanh": [], "dienTichHienHuu": 3.08, "soCayHienHuu": 5141, "trangThai": "Đã trồng", "phuTrach": "Phan Ngọc Hiếu", "maLo": "Cụm AC52543364", "viTri": [12.643853, 108.48336], "dienTichBanDo": 2.97, "nguonRanhGioi": "pdf"}}, {"type": "Feature", "geometry": {"type": "Polygon", "coordinates": [[[108.484892, 12.643605], [108.484896, 12.643829], [108.484911, 12.644003], [108.484921, 12.644227], [108.484936, 12.644352], [108.484802, 12.64443], [108.483444, 12.645753], [108.48281, 12.64512], [108.484653, 12.643316], [108.484726, 12.643249], [108.484769, 12.643217], [108.484867, 12.64342], [108.484874, 12.643469], [108.484874, 12.643544], [108.484892, 12.643605]]]}, "properties": {"lo": 26, "loCu": ["C6"], "cum": "A", "doi": "Đội 2", "nongTruong": "NT 1B", "giong": "JUSTGEM", "ngayTrong": "2018-09-20", "matDo": 2160, "dienTichBanDau": 2.73, "soCayBanDau": 5896, "taiCanh": [], "dienTichHienHuu": 2.73, "soCayHienHuu": 5293, "trangThai": "Đã trồng", "phuTrach": "Phan Ngọc Hiếu", "maLo": "Cụm AC62643363", "viTri": [12.644755, 108.483828], "dienTichBanDo": 2.65, "nguonRanhGioi": "pdf"}}, {"type": "Feature", "geometry": {"type": "Polygon", "coordinates": [[[108.485562, 12.645056], [108.484454, 12.646184], [108.484309, 12.646269], [108.484233, 12.646305], [108.484048, 12.646358], [108.48348, 12.645792], [108.483759, 12.645525], [108.483918, 12.645365], [108.484838, 12.644473], [108.484979, 12.644387], [108.485052, 12.644458], [108.485146, 12.644529], [108.485265, 12.644672], [108.485363, 12.644807], [108.485562, 12.645056]]]}, "properties": {"lo": 27, "loCu": ["C7"], "cum": "A", "doi": "Đội 2", "nongTruong": "NT 1B", "giong": "JUSTGEM", "ngayTrong": "2018-08-19", "matDo": 2160, "dienTichBanDau": 2.26, "soCayBanDau": 4881, "taiCanh": [], "dienTichHienHuu": 2.26, "soCayHienHuu": 4124, "trangThai": "Đã trồng", "phuTrach": "Phan Ngọc Hiếu", "maLo": "Cụm AC72743331", "viTri": [12.645445, 108.484509], "dienTichBanDo": 2.28, "nguonRanhGioi": "pdf"}}, {"type": "Feature", "geometry": {"type": "Polygon", "coordinates": [[[108.485849, 12.64576], [108.485849, 12.645842], [108.485809, 12.645931], [108.485783, 12.645931], [108.485725, 12.645913], [108.485642, 12.645956], [108.485544, 12.645945], [108.48545, 12.645956], [108.485312, 12.645981], [108.485305, 12.645963], [108.48524, 12.645952], [108.484889, 12.646002], [108.484787, 12.64602], [108.484668, 12.646048], [108.484668, 12.646056], [108.48465, 12.646073], [108.484595, 12.64612], [108.484577, 12.646123], [108.485584, 12.645095], [108.485613, 12.645163], [108.485649, 12.645209], [108.48562, 12.645287], [108.485657, 12.645415], [108.485711, 12.645522], [108.485747, 12.645568], [108.485758, 12.645568], [108.485805, 12.645615], [108.485812, 12.645654], [108.485849, 12.64576]]]}, "properties": {"lo": 28, "loCu": ["C8"], "cum": "A", "doi": "Đội 2", "nongTruong": "NT 1B", "giong": "JUSTGEM", "ngayTrong": "2018-09-13", "matDo": 2160, "dienTichBanDau": 0.6, "soCayBanDau": 1296, "taiCanh": [], "dienTichHienHuu": 0.6, "soCayHienHuu": 945, "trangThai": "Đã trồng", "phuTrach": "Phan Ngọc Hiếu", "maLo": "Cụm AC82843356", "viTri": [12.645591, 108.48544], "dienTichBanDo": 0.61, "nguonRanhGioi": "pdf"}}, {"type": "Feature", "geometry": {"type": "Point", "coordinates": [108.48379, 12.640091]}, "properties": {"lo": 29, "loCu": ["D8"], "cum": "A", "doi": "Đội 2", "nongTruong": "NT 1B", "giong": "JUSTGEM", "ngayTrong": "2024-01-25", "matDo": 2160, "dienTichBanDau": 1.02, "soCayBanDau": 1859, "taiCanh": [], "dienTichHienHuu": 1.02, "soCayHienHuu": 1811, "trangThai": "Đã trồng", "phuTrach": "Phan Ngọc Hiếu", "maLo": "Cụm AD82945316", "viTri": [12.640091, 108.48379], "nguonRanhGioi": "nhan"}}, {"type": "Feature", "geometry": {"type": "Polygon", "coordinates": [[[108.483755, 12.641395], [108.483379, 12.641762], [108.482987, 12.64136], [108.48298, 12.641367], [108.482958, 12.641345], [108.482977, 12.641278], [108.482977, 12.64126], [108.483006, 12.641189], [108.483016, 12.641036], [108.483035, 12.640936], [108.483024, 12.640883], [108.483053, 12.640819], [108.483082, 12.640737], [108.483121, 12.640794], [108.483158, 12.640819], [108.483382, 12.64104], [108.483491, 12.641139], [108.4836, 12.641257], [108.483683, 12.641321], [108.483755, 12.641395]]]}, "properties": {"lo": 30, "loCu": ["D1"], "cum": "A", "doi": "Đội 2", "nongTruong": "NT 1B", "giong": "JUSTGEM", "ngayTrong": "2018-09-11", "matDo": 2160, "dienTichBanDau": 0.5, "soCayBanDau": 1080, "taiCanh": [], "dienTichHienHuu": 0.5, "soCayHienHuu": 855, "trangThai": "Đã trồng", "phuTrach": "Phan Ngọc Hiếu", "maLo": "Cụm AD13043354", "viTri": [12.641223, 108.48328], "dienTichBanDo": 0.48, "nguonRanhGioi": "pdf"}}, {"type": "Feature", "geometry": {"type": "Polygon", "coordinates": [[[108.485309, 12.639848], [108.485262, 12.639905], [108.483792, 12.641285], [108.4831, 12.640687], [108.483154, 12.640659], [108.484831, 12.639229], [108.484994, 12.639211], [108.48498, 12.639695], [108.485023, 12.639745], [108.485208, 12.639795], [108.485309, 12.639848]]]}, "properties": {"lo": 31, "loCu": ["D9"], "cum": "A", "doi": "Đội 2", "nongTruong": "NT 1B", "giong": "JUSTGEM", "ngayTrong": "2024-01-25", "matDo": 2160, "dienTichBanDau": 2.2, "soCayBanDau": 4336, "taiCanh": [], "dienTichHienHuu": 2.2, "soCayHienHuu": 4148, "trangThai": "Đã trồng", "phuTrach": "Phan Ngọc Hiếu", "maLo": "Cụm AD93145316", "viTri": [12.640282, 108.484228], "dienTichBanDo": 2.16, "nguonRanhGioi": "pdf"}}, {"type": "Feature", "geometry": {"type": "Polygon", "coordinates": [[[108.484056, 12.642455], [108.483429, 12.641808], [108.484136, 12.641097], [108.484338, 12.640901], [108.484994, 12.641563], [108.484447, 12.642071], [108.484056, 12.642455]]]}, "properties": {"lo": 32, "loCu": ["D2"], "cum": "A", "doi": "Đội 2", "nongTruong": "NT 1B", "giong": "JUSTGEM", "ngayTrong": "2018-09-22", "matDo": 2160, "dienTichBanDau": 1.41, "soCayBanDau": 3045, "taiCanh": [], "dienTichHienHuu": 1.41, "soCayHienHuu": 2319, "trangThai": "Đã trồng", "phuTrach": "Phan Ngọc Hiếu", "maLo": "Cụm AD23243365", "viTri": [12.641687, 108.484205], "dienTichBanDo": 1.42, "nguonRanhGioi": "pdf"}}, {"type": "Feature", "geometry": {"type": "Polygon", "coordinates": [[[108.485505, 12.641541], [108.485472, 12.641559], [108.485273, 12.641541], [108.485251, 12.641531], [108.48503, 12.641509], [108.484791, 12.641289], [108.48436, 12.640862], [108.485106, 12.640161], [108.485153, 12.640175], [108.484987, 12.641033], [108.484954, 12.641278], [108.485114, 12.641367], [108.485208, 12.641385], [108.485244, 12.641385], [108.485334, 12.641403], [108.485505, 12.641541]]]}, "properties": {"lo": 33, "loCu": ["D10"], "cum": "A", "doi": "Đội 2", "nongTruong": "NT 1B", "giong": "JUSTGEM", "ngayTrong": "2024-01-25", "matDo": 2160, "dienTichBanDau": 0.63, "soCayBanDau": 1260, "taiCanh": [], "dienTichHienHuu": 0.63, "soCayHienHuu": 1155, "trangThai": "Đã trồng", "phuTrach": "Phan Ngọc Hiếu", "maLo": "Cụm AD103345316", "viTri": [12.640618, 108.484843], "dienTichBanDo": 0.61, "nguonRanhGioi": "pdf"}}, {"type": "Feature", "geometry": {"type": "Polygon", "coordinates": [[[108.486008, 12.641925], [108.48582, 12.642128], [108.484958, 12.642946], [108.484864, 12.642857], [108.484936, 12.642733], [108.484903, 12.642584], [108.484751, 12.642434], [108.484653, 12.642363], [108.484643, 12.642278], [108.484682, 12.642217], [108.484715, 12.642206], [108.484751, 12.642128], [108.484773, 12.6421], [108.484791, 12.642053], [108.484816, 12.642018], [108.484795, 12.641989], [108.484838, 12.641957], [108.484838, 12.64194], [108.484809, 12.641947], [108.484766, 12.641972], [108.484585, 12.642135], [108.484548, 12.642093], [108.484708, 12.641925], [108.485106, 12.641548], [108.485114, 12.641552], [108.4852, 12.641552], [108.485255, 12.641545], [108.485273, 12.641566], [108.485385, 12.64158], [108.485483, 12.641602], [108.485606, 12.641648], [108.485639, 12.641666], [108.485715, 12.641659], [108.485798, 12.64163], [108.485899, 12.641605], [108.485947, 12.641605], [108.485961, 12.641634], [108.485979, 12.641758], [108.485997, 12.641794], [108.486008, 12.641925]]]}, "properties": {"lo": 34, "loCu": ["D3"], "cum": "A", "doi": "Đội 2", "nongTruong": "NT 1B", "giong": "JUSTGEM", "ngayTrong": "2018-09-22", "matDo": 2160, "dienTichBanDau": 1.53, "soCayBanDau": 3304, "taiCanh": [], "dienTichHienHuu": 1.53, "soCayHienHuu": 2664, "trangThai": "Đã trồng", "phuTrach": "Phan Ngọc Hiếu", "maLo": "Cụm AD33443365", "viTri": [12.642247, 108.485178], "dienTichBanDo": 1.29, "nguonRanhGioi": "pdf"}}, {"type": "Feature", "geometry": {"type": "Polygon", "coordinates": [[[108.487417, 12.641239], [108.487305, 12.641495], [108.487265, 12.641869], [108.487156, 12.642139], [108.487073, 12.642278], [108.487055, 12.642324], [108.486457, 12.642861], [108.485653, 12.643644], [108.485001, 12.643], [108.486023, 12.642007], [108.486004, 12.642075], [108.486004, 12.642146], [108.486095, 12.642132], [108.486215, 12.642121], [108.486262, 12.642121], [108.486446, 12.642078], [108.486483, 12.642061], [108.486512, 12.642054], [108.48662, 12.64199], [108.486707, 12.641947], [108.486751, 12.641876], [108.486751, 12.641858], [108.486772, 12.641812], [108.48678, 12.64173], [108.48679, 12.641712], [108.486819, 12.641477], [108.486888, 12.641143], [108.486899, 12.641043], [108.486906, 12.641054], [108.487417, 12.641239]]]}, "properties": {"lo": 35, "loCu": ["D4"], "cum": "A", "doi": "Đội 2", "nongTruong": "NT 1B", "giong": "JUSTGEM", "ngayTrong": "2018-10-24", "matDo": 2160, "dienTichBanDau": 3.05, "soCayBanDau": 6588, "taiCanh": [], "dienTichHienHuu": 3.05, "soCayHienHuu": 5534, "trangThai": "Đã trồng", "phuTrach": "Phan Ngọc Hiếu", "maLo": "Cụm AD43543397", "viTri": [12.642358, 108.48634], "dienTichBanDo": 2.54, "nguonRanhGioi": "pdf"}}, {"type": "Feature", "geometry": {"type": "Point", "coordinates": [108.486344, 12.643567]}, "properties": {"lo": 36, "loCu": ["D5"], "cum": "A", "doi": "Đội 2", "nongTruong": "NT 1B", "giong": "ASALDO", "ngayTrong": "2018-11-12", "matDo": 2160, "dienTichBanDau": 2.04, "soCayBanDau": 4406, "taiCanh": [], "dienTichHienHuu": 2.04, "soCayHienHuu": 3382, "trangThai": "Đã trồng", "phuTrach": "Phan Ngọc Hiếu", "maLo": "Cụm AD53643416", "viTri": [12.643567, 108.486344], "nguonRanhGioi": "nhan"}}, {"type": "Feature", "geometry": {"type": "Point", "coordinates": [108.487292, 12.644531]}, "properties": {"lo": 37, "loCu": ["D6"], "cum": "A", "doi": "Đội 2", "nongTruong": "NT 1B", "giong": "JUSTGEM", "ngayTrong": "2018-10-24", "matDo": 2160, "dienTichBanDau": 2.77, "soCayBanDau": 5983, "taiCanh": [], "dienTichHienHuu": 2.77, "soCayHienHuu": 5461, "trangThai": "Đã trồng", "phuTrach": "Phan Ngọc Hiếu", "maLo": "Cụm AD63743397", "viTri": [12.644531, 108.487292], "nguonRanhGioi": "nhan"}}, {"type": "Feature", "geometry": {"type": "Point", "coordinates": [108.487684, 12.645086]}, "properties": {"lo": 38, "loCu": ["D7"], "cum": "A", "doi": "Đội 2", "nongTruong": "NT 1B", "giong": "JUSTGEM", "ngayTrong": "2020-03-08", "matDo": 2160, "dienTichBanDau": 1.22, "soCayBanDau": 2635, "taiCanh": [], "dienTichHienHuu": 1.22, "soCayHienHuu": 2648, "trangThai": "Đã trồng", "phuTrach": "Phan Ngọc Hiếu", "maLo": "Cụm AD73843898", "viTri": [12.645086, 108.487684], "nguonRanhGioi": "nhan"}}, {"type": "Feature", "geometry": {"type": "Polygon", "coordinates": [[[108.485961, 12.646796], [108.483954, 12.648265], [108.483672, 12.648026], [108.483193, 12.647752], [108.483059, 12.647717], [108.483016, 12.647407], [108.483031, 12.647357], [108.483404, 12.646906], [108.484157, 12.646465], [108.484686, 12.646173], [108.485164, 12.646105], [108.48562, 12.646084], [108.485722, 12.646152], [108.485961, 12.646796]]]}, "properties": {"lo": 39, "loCu": ["13"], "cum": "A", "doi": "Đội 2", "nongTruong": "NT 1B", "giong": "Philipin (cavendish)", "ngayTrong": "2024-03-26", "matDo": 2000, "dienTichBanDau": 4.31, "soCayBanDau": 8367, "taiCanh": [], "dienTichHienHuu": 4.31, "soCayHienHuu": 6783, "trangThai": "Đã trồng", "phuTrach": "Phan Ngọc Hiếu", "maLo": "Cụm A133945377", "viTri": [12.647132, 108.484359], "dienTichBanDo": 4.23, "nguonRanhGioi": "pdf"}}, {"type": "Feature", "geometry": {"type": "Polygon", "coordinates": [[[108.486316, 12.647913], [108.484121, 12.650043], [108.484088, 12.64999], [108.484041, 12.649848], [108.484005, 12.649684], [108.483983, 12.649556], [108.483976, 12.649464], [108.483961, 12.649375], [108.483947, 12.649193], [108.48394, 12.648983], [108.483947, 12.648909], [108.483954, 12.648887], [108.483954, 12.648862], [108.483961, 12.648834], [108.483961, 12.648603], [108.483969, 12.648517], [108.483976, 12.648496], [108.483976, 12.648357], [108.48599, 12.646885], [108.486316, 12.647913]]]}, "properties": {"lo": 40, "loCu": ["14"], "cum": "A", "doi": "Đội 2", "nongTruong": "NT 1B", "giong": "Philipin (cavendish)", "ngayTrong": "2024-01-26", "matDo": 2000, "dienTichBanDau": 4.01, "soCayBanDau": 8102, "taiCanh": [], "dienTichHienHuu": 4.01, "soCayHienHuu": 6086, "trangThai": "Đã trồng", "phuTrach": "Phan Ngọc Hiếu", "maLo": "Cụm A144045317", "viTri": [12.64846, 108.484864], "dienTichBanDo": 4.08, "nguonRanhGioi": "pdf"}}, {"type": "Feature", "geometry": {"type": "Polygon", "coordinates": [[[108.487, 12.648642], [108.485377, 12.650221], [108.485214, 12.650317], [108.485066, 12.650424], [108.484881, 12.650577], [108.484758, 12.650659], [108.484693, 12.650694], [108.484591, 12.650726], [108.484479, 12.650723], [108.48436, 12.650698], [108.484323, 12.65068], [108.484287, 12.650645], [108.484255, 12.65057], [108.484218, 12.650435], [108.484218, 12.650417], [108.484197, 12.650314], [108.484197, 12.650289], [108.484175, 12.650214], [108.484175, 12.6502], [108.484168, 12.650189], [108.484164, 12.650161], [108.484153, 12.650136], [108.486374, 12.647977], [108.487, 12.648642]]]}, "properties": {"lo": 41, "loCu": ["15"], "cum": "A", "doi": "Đội 2", "nongTruong": "NT 1B", "giong": "Philipin (cavendish)", "ngayTrong": "2024-01-30", "matDo": 2000, "dienTichBanDau": 2.99, "soCayBanDau": 6076, "taiCanh": [], "dienTichHienHuu": 2.99, "soCayHienHuu": 5125, "trangThai": "Đã trồng", "phuTrach": "Phan Ngọc Hiếu", "maLo": "Cụm A154145321", "viTri": [12.649389, 108.485577], "dienTichBanDo": 3.47, "nguonRanhGioi": "pdf"}}, {"type": "Feature", "geometry": {"type": "Polygon", "coordinates": [[[108.487688, 12.649378], [108.486453, 12.650581], [108.486355, 12.650392], [108.486225, 12.650228], [108.486076, 12.650068], [108.48604, 12.650051], [108.485587, 12.650253], [108.485504, 12.650232], [108.485504, 12.650221], [108.487062, 12.64871], [108.487688, 12.649378]]]}, "properties": {"lo": 42, "loCu": ["17"], "cum": "A", "doi": "Đội 2", "nongTruong": "NT 1B", "giong": "Philipin (cavendish)", "ngayTrong": "2024-01-24", "matDo": 2000, "dienTichBanDau": 1.92, "soCayBanDau": 3797, "taiCanh": [], "dienTichHienHuu": 1.92, "soCayHienHuu": 3616, "trangThai": "Đã trồng", "phuTrach": "Phan Ngọc Hiếu", "maLo": "Cụm A174245315", "viTri": [12.649714, 108.486685], "dienTichBanDo": 1.93, "nguonRanhGioi": "pdf"}}, {"type": "Feature", "geometry": {"type": "Polygon", "coordinates": [[[108.48838, 12.650118], [108.487015, 12.651406], [108.486844, 12.65121], [108.486645, 12.651004], [108.486565, 12.650887], [108.486536, 12.650837], [108.486515, 12.650787], [108.486493, 12.650716], [108.486489, 12.650684], [108.486493, 12.650666], [108.48775, 12.649446], [108.48838, 12.650118]]]}, "properties": {"lo": 43, "loCu": ["19"], "cum": "A", "doi": "Đội 2", "nongTruong": "NT 1B", "giong": "Philipin (cavendish)", "ngayTrong": "2024-01-17", "matDo": 2000, "dienTichBanDau": 1.96, "soCayBanDau": 3933, "taiCanh": [], "dienTichHienHuu": 1.96, "soCayHienHuu": 3743, "trangThai": "Đã trồng", "phuTrach": "Phan Ngọc Hiếu", "maLo": "Cụm A194345308", "viTri": [12.650392, 108.487432], "dienTichBanDo": 2.03, "nguonRanhGioi": "pdf"}}, {"type": "Feature", "geometry": {"type": "Polygon", "coordinates": [[[108.489072, 12.650858], [108.487945, 12.651922], [108.48771, 12.652214], [108.48738, 12.652235], [108.487163, 12.652228], [108.487014, 12.652142], [108.486946, 12.652061], [108.486928, 12.652032], [108.486917, 12.652011], [108.486913, 12.651982], [108.486942, 12.651947], [108.487058, 12.651833], [108.487094, 12.65174], [108.487116, 12.651623], [108.487076, 12.651474], [108.488442, 12.650182], [108.489072, 12.650858]]]}, "properties": {"lo": 44, "loCu": ["21"], "cum": "A", "doi": "Đội 2", "nongTruong": "NT 1B", "giong": "Philipin (cavendish)", "ngayTrong": "2024-01-16", "matDo": 2000, "dienTichBanDau": 2.31, "soCayBanDau": 4560, "taiCanh": [], "dienTichHienHuu": 2.31, "soCayHienHuu": 4087, "trangThai": "Đã trồng", "phuTrach": "Phan Ngọc Hiếu", "maLo": "Cụm A214445307", "viTri": [12.651166, 108.488074], "dienTichBanDo": 2.44, "nguonRanhGioi": "pdf"}}, {"type": "Feature", "geometry": {"type": "Polygon", "coordinates": [[[108.489836, 12.651669], [108.488992, 12.651854], [108.488608, 12.651961], [108.488434, 12.652], [108.488076, 12.652057], [108.488061, 12.65205], [108.488007, 12.651989], [108.489137, 12.650926], [108.489836, 12.651669]]]}, "properties": {"lo": 45, "loCu": ["23"], "cum": "A", "doi": "Đội 2", "nongTruong": "NT 1B", "giong": "Philipin (cavendish)", "ngayTrong": "2024-01-16", "matDo": 2000, "dienTichBanDau": 1.07, "soCayBanDau": 2168, "taiCanh": [], "dienTichHienHuu": 1.07, "soCayHienHuu": 1897, "trangThai": "Đã trồng", "phuTrach": "Phan Ngọc Hiếu", "maLo": "Cụm A234545307", "viTri": [12.651298, 108.489114], "dienTichBanDo": 1.05, "nguonRanhGioi": "pdf"}}, {"type": "Feature", "geometry": {"type": "Polygon", "coordinates": [[[108.487924, 12.647738], [108.487065, 12.648581], [108.486388, 12.647856], [108.486392, 12.647852], [108.485877, 12.64628], [108.486055, 12.646753], [108.486069, 12.646778], [108.486098, 12.646806], [108.486098, 12.646799], [108.486164, 12.646771], [108.486236, 12.646806], [108.486283, 12.64686], [108.486348, 12.646877], [108.486475, 12.646877], [108.486522, 12.646906], [108.48654, 12.646931], [108.486529, 12.646988], [108.486529, 12.647077], [108.486551, 12.647134], [108.486663, 12.64724], [108.486678, 12.647269], [108.4867, 12.647287], [108.486765, 12.647322], [108.486899, 12.647265], [108.486921, 12.647251], [108.486957, 12.64724], [108.487007, 12.647205], [108.48708, 12.647169], [108.487094, 12.647158], [108.487102, 12.647134], [108.487149, 12.647105], [108.487218, 12.647123], [108.487239, 12.647141], [108.487276, 12.647187], [108.48733, 12.647187], [108.487388, 12.647194], [108.487471, 12.647212], [108.487544, 12.647287], [108.487562, 12.647311], [108.487573, 12.647365], [108.487663, 12.647393], [108.48771, 12.647475], [108.48771, 12.647585], [108.487703, 12.647681], [108.487739, 12.647792], [108.487764, 12.647781], [108.48783, 12.647774], [108.487855, 12.647756], [108.487924, 12.647738]]]}, "properties": {"lo": 46, "loCu": ["16"], "cum": "A", "doi": "Đội 2", "nongTruong": "NT 1B", "giong": "Philipin (cavendish)", "ngayTrong": "2024-01-31", "matDo": 2000, "dienTichBanDau": 1.73, "soCayBanDau": 3321, "taiCanh": [], "dienTichHienHuu": 1.73, "soCayHienHuu": 3206, "trangThai": "Đã trồng", "phuTrach": "Phan Ngọc Hiếu", "maLo": "Cụm A164645322", "viTri": [12.647434, 108.486971], "dienTichBanDo": 1.89, "nguonRanhGioi": "pdf"}}, {"type": "Feature", "geometry": {"type": "Polygon", "coordinates": [[[108.487754, 12.649314], [108.487127, 12.648645], [108.488054, 12.647742], [108.488224, 12.647703], [108.48829, 12.64771], [108.488416, 12.64771], [108.488445, 12.647728], [108.488511, 12.647703], [108.488565, 12.64771], [108.488583, 12.647728], [108.488612, 12.647703], [108.488619, 12.64771], [108.488674, 12.647703], [108.488695, 12.647671], [108.488695, 12.647628], [108.488757, 12.647575], [108.488786, 12.647539], [108.48888, 12.647521], [108.488942, 12.647564], [108.488963, 12.647575], [108.489, 12.647582], [108.489043, 12.647575], [108.489108, 12.647539], [108.489126, 12.647557], [108.489282, 12.647457], [108.489304, 12.64744], [108.489304, 12.647422], [108.48934, 12.647393], [108.489478, 12.647322], [108.48955, 12.647304], [108.489597, 12.647329], [108.489619, 12.647358], [108.489652, 12.647386], [108.489662, 12.647386], [108.48971, 12.647365], [108.48992, 12.647141], [108.489981, 12.647148], [108.487754, 12.649314]]]}, "properties": {"lo": 47, "loCu": ["18"], "cum": "A", "doi": "Đội 2", "nongTruong": "NT 1B", "giong": "Philipin (cavendish)", "ngayTrong": "2024-01-24", "matDo": 2000, "dienTichBanDau": 2.1, "soCayBanDau": 4255, "taiCanh": [], "dienTichHienHuu": 2.1, "soCayHienHuu": 4105, "trangThai": "Đã trồng", "phuTrach": "Phan Ngọc Hiếu", "maLo": "Cụm A184745315", "viTri": [12.648194, 108.488248], "dienTichBanDo": 2.26, "nguonRanhGioi": "pdf"}}, {"type": "Feature", "geometry": {"type": "Polygon", "coordinates": [[[108.490858, 12.647774], [108.488445, 12.650054], [108.487815, 12.649382], [108.490036, 12.647226], [108.490474, 12.647287], [108.490706, 12.647493], [108.490858, 12.647774]]]}, "properties": {"lo": 48, "loCu": ["20"], "cum": "A", "doi": "Đội 2", "nongTruong": "NT 1B", "giong": "Philipin (cavendish)", "ngayTrong": "2024-01-23", "matDo": 2000, "dienTichBanDau": 3.8, "soCayBanDau": 7451, "taiCanh": [], "dienTichHienHuu": 3.8, "soCayHienHuu": 6429, "trangThai": "Đã trồng", "phuTrach": "Phan Ngọc Hiếu", "maLo": "Cụm A204845314", "viTri": [12.648578, 108.489325], "dienTichBanDo": 3.77, "nguonRanhGioi": "pdf"}}, {"type": "Feature", "geometry": {"type": "Polygon", "coordinates": [[[108.489141, 12.650794], [108.488511, 12.650122], [108.490887, 12.647874], [108.490955, 12.647902], [108.491013, 12.647945], [108.491111, 12.648044], [108.491252, 12.648222], [108.4913, 12.64829], [108.491405, 12.648461], [108.491477, 12.648596], [108.489141, 12.650794]]]}, "properties": {"lo": 49, "loCu": ["22"], "cum": "A", "doi": "Đội 2", "nongTruong": "NT 1B", "giong": null, "ngayTrong": "2024-01-23", "matDo": 2000, "dienTichBanDau": 3.44, "soCayBanDau": 7026, "taiCanh": [], "dienTichHienHuu": 0, "soCayHienHuu": 0, "trangThai": "Chưa trồng", "phuTrach": "Phan Ngọc Hiếu", "maLo": "Cụm A224945314", "viTri": [12.649359, 108.489992], "dienTichBanDo": 3.66, "nguonRanhGioi": "pdf"}}, {"type": "Feature", "geometry": {"type": "Point", "coordinates": [108.490067, 12.650312]}, "properties": {"lo": 50, "loCu": ["24"], "cum": "A", "doi": "Đội 2", "nongTruong": "NT 1B", "giong": "Philipin (cavendish)", "ngayTrong": "2024-01-17", "matDo": 2000, "dienTichBanDau": 2.8, "soCayBanDau": 5522, "taiCanh": [], "dienTichHienHuu": 2.8, "soCayHienHuu": 4472, "trangThai": "Đã trồng", "phuTrach": "Phan Ngọc Hiếu", "maLo": "Cụm A245045308", "viTri": [12.650312, 108.490067], "nguonRanhGioi": "nhan"}}, {"type": "Feature", "geometry": {"type": "Point", "coordinates": [108.491001, 12.650881]}, "properties": {"lo": 51, "loCu": ["25"], "cum": "A", "doi": "Đội 2", "nongTruong": "NT 1B", "giong": "Philipin (cavendish)", "ngayTrong": "2025-03-04", "matDo": 2200, "dienTichBanDau": 1.33, "soCayBanDau": 2922, "taiCanh": [], "dienTichHienHuu": 1.33, "soCayHienHuu": 2822, "trangThai": "Đã trồng", "phuTrach": "Phan Ngọc Hiếu", "maLo": "Cụm A255145720", "viTri": [12.650881, 108.491001], "nguonRanhGioi": "nhan"}}, {"type": "Feature", "geometry": {"type": "Point", "coordinates": [108.491327, 12.651162]}, "properties": {"lo": 52, "loCu": ["26"], "cum": "A", "doi": "Đội 2", "nongTruong": "NT 1B", "giong": "Philipin (cavendish)", "ngayTrong": "2025-03-05", "matDo": 2200, "dienTichBanDau": 2.06, "soCayBanDau": 4539, "taiCanh": [], "dienTichHienHuu": 2.06, "soCayHienHuu": 4356, "trangThai": "Đã trồng", "phuTrach": "Phan Ngọc Hiếu", "maLo": "Cụm A265245721", "viTri": [12.651162, 108.491327], "nguonRanhGioi": "nhan"}}, {"type": "Feature", "geometry": {"type": "Point", "coordinates": [108.491874, 12.651625]}, "properties": {"lo": 53, "loCu": ["27"], "cum": "A", "doi": "Đội 2", "nongTruong": "NT 1B", "giong": "Philipin (cavendish)", "ngayTrong": "2025-03-06", "matDo": 2200, "dienTichBanDau": 1.04, "soCayBanDau": 2291, "taiCanh": [], "dienTichHienHuu": 1.04, "soCayHienHuu": 2105, "trangThai": "Đã trồng", "phuTrach": "Phan Ngọc Hiếu", "maLo": "Cụm A275345722", "viTri": [12.651625, 108.491874], "nguonRanhGioi": "nhan"}}, {"type": "Feature", "geometry": {"type": "Point", "coordinates": [108.472738, 12.640727]}, "properties": {"lo": 54, "loCu": ["40", "41"], "cum": "A", "doi": "Đội 1", "nongTruong": "NT 1A", "giong": "Philipin (cavendish)", "ngayTrong": "2025-03-13", "matDo": 2200, "dienTichBanDau": 2.19, "soCayBanDau": 4580, "taiCanh": [], "dienTichHienHuu": 2.19, "soCayHienHuu": 4570, "trangThai": "Đã trồng", "phuTrach": "Phan Ngọc Hiếu", "maLo": "Cụm A405445729", "viTri": [12.640727, 108.472738], "nguonRanhGioi": "nhan"}}, {"type": "Feature", "geometry": {"type": "Polygon", "coordinates": [[[108.473256, 12.639242], [108.472738, 12.639744], [108.472672, 12.639708], [108.472614, 12.639626], [108.4726, 12.639562], [108.472553, 12.639488], [108.472484, 12.639463], [108.472404, 12.63937], [108.472354, 12.639328], [108.472332, 12.639274], [108.472328, 12.639228], [108.472354, 12.63921], [108.472408, 12.63921], [108.472513, 12.639146], [108.472575, 12.639139], [108.472614, 12.639128], [108.472676, 12.639139], [108.472709, 12.639167], [108.472741, 12.639185], [108.47285, 12.639221], [108.472951, 12.639278], [108.473045, 12.63926], [108.473256, 12.639242]]]}, "properties": {"lo": 55, "loCu": ["E1"], "cum": "A", "doi": "Đội 1", "nongTruong": "NT 1A", "giong": "Philipin (cavendish)", "ngayTrong": "2018-12-26", "matDo": 2160, "dienTichBanDau": 0.36, "soCayBanDau": 777, "taiCanh": [], "dienTichHienHuu": 0.36, "soCayHienHuu": 902, "trangThai": "Đã trồng", "phuTrach": "Phan Ngọc Hiếu", "maLo": "Cụm AE15543460", "viTri": [12.639431, 108.472758], "dienTichBanDo": 0.33, "nguonRanhGioi": "pdf"}}, {"type": "Feature", "geometry": {"type": "Polygon", "coordinates": [[[108.473006, 12.636667], [108.473513, 12.637147], [108.472578, 12.638189], [108.47239, 12.637961], [108.472376, 12.637922], [108.472383, 12.637897], [108.472205, 12.63772], [108.472205, 12.637663], [108.472274, 12.637627], [108.472383, 12.637588], [108.472506, 12.637449], [108.472571, 12.63736], [108.472647, 12.637278], [108.472749, 12.637193], [108.472785, 12.637175], [108.472904, 12.63693], [108.473006, 12.636667]]]}, "properties": {"lo": 56, "loCu": ["E18"], "cum": "A", "doi": "Đội 1", "nongTruong": "NT 1A", "giong": "Philipin (cavendish)", "ngayTrong": "2023-12-25", "matDo": 2160, "dienTichBanDau": 0.91, "soCayBanDau": 1802, "taiCanh": [], "dienTichHienHuu": 0.91, "soCayHienHuu": 1696, "trangThai": "Đã trồng", "phuTrach": "Phan Ngọc Hiếu", "maLo": "Cụm AE185645285", "viTri": [12.637405, 108.47291], "dienTichBanDo": 0.94, "nguonRanhGioi": "pdf"}}, {"type": "Feature", "geometry": {"type": "Polygon", "coordinates": [[[108.473564, 12.637211], [108.474212, 12.637873], [108.473806, 12.638374], [108.473621, 12.638573], [108.473419, 12.638388], [108.472904, 12.638524], [108.47285, 12.638545], [108.472799, 12.638527], [108.472622, 12.638275], [108.473564, 12.637211]]]}, "properties": {"lo": 57, "loCu": ["E17"], "cum": "A", "doi": "Đội 1", "nongTruong": "NT 1A", "giong": "Philipin (cavendish)", "ngayTrong": "2023-12-25", "matDo": 2160, "dienTichBanDau": 1.38, "soCayBanDau": 2742, "taiCanh": [], "dienTichHienHuu": 1.38, "soCayHienHuu": 2442, "trangThai": "Đã trồng", "phuTrach": "Phan Ngọc Hiếu", "maLo": "Cụm AE175745285", "viTri": [12.638074, 108.473424], "dienTichBanDo": 1.36, "nguonRanhGioi": "pdf"}}, {"type": "Feature", "geometry": {"type": "Polygon", "coordinates": [[[108.473661, 12.638673], [108.473658, 12.638641], [108.474284, 12.637923], [108.474947, 12.638588], [108.474838, 12.638759], [108.474762, 12.63884], [108.474643, 12.63888], [108.474549, 12.638897], [108.474436, 12.638883], [108.474338, 12.638862], [108.474154, 12.638837], [108.47407, 12.63884], [108.473911, 12.638872], [108.47381, 12.638926], [108.473661, 12.638673]]]}, "properties": {"lo": 58, "loCu": ["E16"], "cum": "A", "doi": "Đội 1", "nongTruong": "NT 1A", "giong": "Philipin (cavendish)", "ngayTrong": "2023-12-25", "matDo": 2160, "dienTichBanDau": 0.82, "soCayBanDau": 1647, "taiCanh": [], "dienTichHienHuu": 0.82, "soCayHienHuu": 1413, "trangThai": "Đã trồng", "phuTrach": "Phan Ngọc Hiếu", "maLo": "Cụm AE165845285", "viTri": [12.638255, 108.474305], "dienTichBanDo": 0.88, "nguonRanhGioi": "pdf"}}, {"type": "Feature", "geometry": {"type": "Polygon", "coordinates": [[[108.475309, 12.638634], [108.473697, 12.64021], [108.473661, 12.640228], [108.473632, 12.640253], [108.473581, 12.640256], [108.473516, 12.640242], [108.473465, 12.640221], [108.473382, 12.640213], [108.473284, 12.640185], [108.473212, 12.640178], [108.473125, 12.640135], [108.473063, 12.640121], [108.472951, 12.640043], [108.472886, 12.639982], [108.472828, 12.639936], [108.472785, 12.639875], [108.472748, 12.639797], [108.472919, 12.639648], [108.473411, 12.639164], [108.473531, 12.639111], [108.473781, 12.638961], [108.474132, 12.638855], [108.474462, 12.638922], [108.474693, 12.638887], [108.474849, 12.638791], [108.475081, 12.63841], [108.475309, 12.638634]]]}, "properties": {"lo": 59, "loCu": ["E2"], "cum": "A", "doi": "Đội 1", "nongTruong": "NT 1A", "giong": "Philipin (cavendish)", "ngayTrong": "2018-12-26", "matDo": 2160, "dienTichBanDau": 2.03, "soCayBanDau": 4384, "taiCanh": [], "dienTichHienHuu": 2.03, "soCayHienHuu": 4971, "trangThai": "Đã trồng", "phuTrach": "Phan Ngọc Hiếu", "maLo": "Cụm AE25943460", "viTri": [12.639406, 108.473842], "dienTichBanDo": 2.07, "nguonRanhGioi": "pdf"}}, {"type": "Feature", "geometry": {"type": "Polygon", "coordinates": [[[108.473694, 12.64021], [108.47381, 12.6401], [108.473846, 12.640139], [108.475345, 12.638673], [108.475921, 12.639246], [108.475878, 12.639296], [108.475823, 12.639317], [108.475617, 12.639367], [108.475617, 12.639392], [108.475704, 12.639371], [108.475787, 12.63936], [108.475957, 12.639285], [108.475994, 12.639321], [108.474719, 12.640566], [108.474606, 12.640519], [108.474436, 12.640484], [108.474385, 12.640502], [108.474233, 12.64042], [108.474193, 12.640395], [108.474157, 12.640363], [108.474114, 12.64037], [108.474081, 12.640366], [108.474049, 12.64037], [108.473987, 12.640391], [108.473973, 12.640402], [108.473944, 12.640391], [108.473929, 12.640398], [108.473889, 12.640398], [108.473824, 12.640359], [108.473777, 12.640324], [108.473632, 12.640256], [108.473657, 12.640231], [108.473694, 12.64021]]]}, "properties": {"lo": 60, "loCu": ["E3"], "cum": "A", "doi": "Đội 1", "nongTruong": "NT 1A", "giong": "Philipin (cavendish)", "ngayTrong": "2018-12-25", "matDo": 2160, "dienTichBanDau": 2.13, "soCayBanDau": 4600, "taiCanh": [], "dienTichHienHuu": 2.13, "soCayHienHuu": 4081, "trangThai": "Đã trồng", "phuTrach": "Phan Ngọc Hiếu", "maLo": "Cụm AE36043459", "viTri": [12.639746, 108.474904], "dienTichBanDo": 2.26, "nguonRanhGioi": "pdf"}}, {"type": "Feature", "geometry": {"type": "Polygon", "coordinates": [[[108.474748, 12.640612], [108.476033, 12.63936], [108.476685, 12.640007], [108.475338, 12.641334], [108.475323, 12.641316], [108.475189, 12.641231], [108.475142, 12.641181], [108.475081, 12.641085], [108.474987, 12.640957], [108.474856, 12.640736], [108.474758, 12.640633], [108.474748, 12.640612]]]}, "properties": {"lo": 61, "loCu": ["E4"], "cum": "A", "doi": "Đội 1", "nongTruong": "NT 1A", "giong": "Philipin (cavendish)", "ngayTrong": "2018-12-24", "matDo": 2160, "dienTichBanDau": 2.05, "soCayBanDau": 4428, "taiCanh": [], "dienTichHienHuu": 2.05, "soCayHienHuu": 3245, "trangThai": "Đã trồng", "phuTrach": "Phan Ngọc Hiếu", "maLo": "Cụm AE46143458", "viTri": [12.640199, 108.475831], "dienTichBanDo": 2.08, "nguonRanhGioi": "pdf"}}, {"type": "Feature", "geometry": {"type": "Polygon", "coordinates": [[[108.477308, 12.64063], [108.477153, 12.640673], [108.477116, 12.640673], [108.476754, 12.640758], [108.476533, 12.640893], [108.47628, 12.641089], [108.475975, 12.641295], [108.475689, 12.641427], [108.475414, 12.64158], [108.475385, 12.641587], [108.475323, 12.64159], [108.475323, 12.641523], [108.475338, 12.64148], [108.475334, 12.64143], [108.475338, 12.641423], [108.475352, 12.641409], [108.475356, 12.641412], [108.47541, 12.641359], [108.476729, 12.64005], [108.477308, 12.64063]]]}, "properties": {"lo": 62, "loCu": ["E5"], "cum": "A", "doi": "Đội 1", "nongTruong": "NT 1A", "giong": "Philipin (cavendish)", "ngayTrong": "2018-12-27", "matDo": 2160, "dienTichBanDau": 1.1, "soCayBanDau": 2376, "taiCanh": [], "dienTichHienHuu": 1.1, "soCayHienHuu": 2341, "trangThai": "Đã trồng", "phuTrach": "Phan Ngọc Hiếu", "maLo": "Cụm AE56243461", "viTri": [12.640826, 108.476296], "dienTichBanDo": 1.06, "nguonRanhGioi": "pdf"}}, {"type": "Feature", "geometry": {"type": "Point", "coordinates": [108.476655, 12.64146]}, "properties": {"lo": 63, "loCu": ["A14"], "cum": "A", "doi": "Đội 1", "nongTruong": "NT 1A", "giong": "Philipin (cavendish)", "ngayTrong": "2024-02-26", "matDo": 2160, "dienTichBanDau": 1.5, "soCayBanDau": 1828, "taiCanh": [], "dienTichHienHuu": 1.5, "soCayHienHuu": 1776, "trangThai": "Đã trồng", "phuTrach": "Phan Ngọc Hiếu", "maLo": "Cụm AA146345348", "viTri": [12.64146, 108.476655], "nguonRanhGioi": "nhan"}}, {"type": "Feature", "geometry": {"type": "Polygon", "coordinates": [[[108.477681, 12.640609], [108.477801, 12.640673], [108.477928, 12.640801], [108.478083, 12.641007], [108.477761, 12.641235], [108.477453, 12.641324], [108.477207, 12.641573], [108.477388, 12.64179], [108.477257, 12.642024], [108.47696, 12.642131], [108.476895, 12.642195], [108.476852, 12.642277], [108.476859, 12.642409], [108.476877, 12.642519], [108.476873, 12.642558], [108.476729, 12.642764], [108.476667, 12.642832], [108.476598, 12.642942], [108.476526, 12.642988], [108.476471, 12.643003], [108.476377, 12.643017], [108.476312, 12.643035], [108.476243, 12.643063], [108.476167, 12.64306], [108.475678, 12.642576], [108.477705, 12.640628], [108.477681, 12.640609]]]}, "properties": {"lo": 64, "loCu": ["A15"], "cum": "A", "doi": "Đội 1", "nongTruong": "NT 1A", "giong": "Philipin (cavendish)", "ngayTrong": "2024-01-26", "matDo": 2160, "dienTichBanDau": 2.16, "soCayBanDau": 4323, "taiCanh": [], "dienTichHienHuu": 2.16, "soCayHienHuu": 4180, "trangThai": "Đã trồng", "phuTrach": "Phan Ngọc Hiếu", "maLo": "Cụm AA156445317", "viTri": [12.641907, 108.476848], "dienTichBanDo": 2.11, "nguonRanhGioi": "pdf"}}, {"type": "Feature", "geometry": {"type": "Polygon", "coordinates": [[[108.477004, 12.64217], [108.477065, 12.642142], [108.477181, 12.64211], [108.477283, 12.642071], [108.477344, 12.641989], [108.477468, 12.6418], [108.477308, 12.641615], [108.477312, 12.641583], [108.477482, 12.641366], [108.477507, 12.641356], [108.477573, 12.641345], [108.47762, 12.641324], [108.47775, 12.641295], [108.477794, 12.641274], [108.478109, 12.641046], [108.478141, 12.641089], [108.478214, 12.64121], [108.478348, 12.641334], [108.478442, 12.641395], [108.478656, 12.641505], [108.4788, 12.641569], [108.478674, 12.641712], [108.478554, 12.641825], [108.478478, 12.641889], [108.478384, 12.641982], [108.478326, 12.642028], [108.478156, 12.642138], [108.478083, 12.642199], [108.478043, 12.642245], [108.477993, 12.642281], [108.477964, 12.642313], [108.477942, 12.642359], [108.477819, 12.642498], [108.477746, 12.64259], [108.477674, 12.642718], [108.47758, 12.642661], [108.477533, 12.642658], [108.477475, 12.642633], [108.477435, 12.642579], [108.477373, 12.642533], [108.477268, 12.642505], [108.477283, 12.642426], [108.477319, 12.64232], [108.477283, 12.642256], [108.477218, 12.642245], [108.477167, 12.642327], [108.477091, 12.64233], [108.477073, 12.642302], [108.477065, 12.642227], [108.477004, 12.64217]]]}, "properties": {"lo": 65, "loCu": ["A16"], "cum": "A", "doi": "Đội 1", "nongTruong": "NT 1A", "giong": "Philipin (cavendish)", "ngayTrong": "2024-01-30", "matDo": 2160, "dienTichBanDau": 1.67, "soCayBanDau": 3139, "taiCanh": [], "dienTichHienHuu": 1.67, "soCayHienHuu": 2882, "trangThai": "Đã trồng", "phuTrach": "Phan Ngọc Hiếu", "maLo": "Cụm AA166545321", "viTri": [12.641857, 108.477972], "dienTichBanDo": 1.63, "nguonRanhGioi": "pdf"}}, {"type": "Feature", "geometry": {"type": "Polygon", "coordinates": [[[108.473057, 12.636574], [108.47306, 12.63656], [108.473383, 12.635987], [108.47347, 12.636009], [108.473571, 12.635987], [108.47373, 12.636034], [108.473792, 12.636133], [108.474042, 12.636318], [108.474194, 12.636574], [108.474375, 12.636628], [108.474621, 12.636638], [108.474719, 12.636674], [108.474795, 12.636738], [108.474864, 12.636816], [108.474925, 12.63703], [108.474889, 12.637279], [108.474904, 12.637439], [108.474972, 12.637521], [108.475067, 12.637549], [108.475183, 12.637599], [108.475353, 12.637709], [108.474998, 12.638136], [108.475146, 12.638236], [108.475077, 12.638378], [108.474987, 12.638506], [108.474911, 12.638424], [108.474534, 12.638054], [108.473057, 12.636574]]]}, "properties": {"lo": 66, "loCu": ["E15"], "cum": "A", "doi": "Đội 1", "nongTruong": "NT 1A", "giong": "Philipin (cavendish)", "ngayTrong": "2023-12-26", "matDo": 2160, "dienTichBanDau": 2.84, "soCayBanDau": 5320, "taiCanh": [], "dienTichHienHuu": 2.84, "soCayHienHuu": 5170, "trangThai": "Đã trồng", "phuTrach": "Phan Ngọc Hiếu", "maLo": "Cụm AE156645286", "viTri": [12.637209, 108.474295], "dienTichBanDo": 2.77, "nguonRanhGioi": "pdf"}}, {"type": "Feature", "geometry": {"type": "Point", "coordinates": [108.47582, 12.6378]}, "properties": {"lo": 67, "loCu": ["E7"], "cum": "A", "doi": "Đội 1", "nongTruong": "NT 1A", "giong": "Philipin (cavendish)", "ngayTrong": "2019-01-11", "matDo": 2160, "dienTichBanDau": 1.4, "soCayBanDau": 3024, "taiCanh": [], "dienTichHienHuu": 1.4, "soCayHienHuu": 3312, "trangThai": "Đã trồng", "phuTrach": "Phan Ngọc Hiếu", "maLo": "Cụm AE76743476", "viTri": [12.6378, 108.47582], "nguonRanhGioi": "nhan"}}, {"type": "Feature", "geometry": {"type": "Point", "coordinates": [108.476375, 12.638479]}, "properties": {"lo": 68, "loCu": ["E8"], "cum": "A", "doi": "Đội 1", "nongTruong": "NT 1A", "giong": "Philipin (cavendish)", "ngayTrong": "2019-01-11", "matDo": 2160, "dienTichBanDau": 1.82, "soCayBanDau": 3931, "taiCanh": [], "dienTichHienHuu": 1.82, "soCayHienHuu": 4069, "trangThai": "Đã trồng", "phuTrach": "Phan Ngọc Hiếu", "maLo": "Cụm AE86843476", "viTri": [12.638479, 108.476375], "nguonRanhGioi": "nhan"}}, {"type": "Feature", "geometry": {"type": "Point", "coordinates": [108.476893, 12.639284]}, "properties": {"lo": 69, "loCu": ["E9"], "cum": "A", "doi": "Đội 1", "nongTruong": "NT 1A", "giong": "Philipin (cavendish)", "ngayTrong": "2018-12-27", "matDo": 2160, "dienTichBanDau": 1.36, "soCayBanDau": 2937, "taiCanh": [], "dienTichHienHuu": 1.36, "soCayHienHuu": 3672, "trangThai": "Đã trồng", "phuTrach": "Phan Ngọc Hiếu", "maLo": "Cụm AE96943461", "viTri": [12.639284, 108.476893], "nguonRanhGioi": "nhan"}}, {"type": "Feature", "geometry": {"type": "Polygon", "coordinates": [[[108.476765, 12.640015], [108.477142, 12.639641], [108.477232, 12.639694], [108.477316, 12.639766], [108.477374, 12.639798], [108.477424, 12.639808], [108.477471, 12.63979], [108.477544, 12.63979], [108.477529, 12.639719], [108.477471, 12.639748], [108.477399, 12.639744], [108.477348, 12.639698], [108.477258, 12.639645], [108.477211, 12.639573], [108.477417, 12.639364], [108.477562, 12.639225], [108.477569, 12.639225], [108.477605, 12.6392], [108.477671, 12.639221], [108.477624, 12.639171], [108.477714, 12.639075], [108.477754, 12.639143], [108.47779, 12.639243], [108.477808, 12.639275], [108.477881, 12.639342], [108.477906, 12.639453], [108.477942, 12.639534], [108.477964, 12.639552], [108.478015, 12.639662], [108.478, 12.639712], [108.478018, 12.63978], [108.47804, 12.639904], [108.478044, 12.639975], [108.478036, 12.640121], [108.477993, 12.640175], [108.477989, 12.640189], [108.477623, 12.640548], [108.477573, 12.640552], [108.477482, 12.640605], [108.477373, 12.640619], [108.476765, 12.640015]]]}, "properties": {"lo": 70, "loCu": ["E10"], "cum": "A", "doi": "Đội 1", "nongTruong": "NT 1A", "giong": "Philipin (cavendish)", "ngayTrong": "2018-12-27", "matDo": 2160, "dienTichBanDau": 1.18, "soCayBanDau": 2548, "taiCanh": [], "dienTichHienHuu": 1.18, "soCayHienHuu": 1551, "trangThai": "Đã trồng", "phuTrach": "Phan Ngọc Hiếu", "maLo": "Cụm AE107043461", "viTri": [12.639856, 108.477478], "dienTichBanDo": 1.3, "nguonRanhGioi": "pdf"}}, {"type": "Feature", "geometry": {"type": "Polygon", "coordinates": [[[108.477095, 12.633825], [108.473368, 12.635418], [108.473274, 12.635439], [108.473176, 12.635304], [108.473165, 12.635276], [108.473118, 12.635197], [108.4731, 12.635187], [108.473078, 12.635165], [108.473042, 12.635012], [108.473057, 12.634973], [108.473115, 12.634877], [108.473187, 12.63487], [108.473256, 12.634845], [108.47335, 12.634831], [108.47339, 12.634817], [108.473419, 12.634817], [108.473611, 12.634717], [108.473636, 12.634721], [108.473691, 12.634699], [108.473752, 12.634699], [108.473846, 12.634643], [108.473868, 12.634635], [108.473948, 12.634575], [108.473973, 12.634539], [108.474013, 12.634507], [108.474031, 12.634475], [108.474053, 12.63445], [108.474085, 12.634386], [108.4741, 12.634372], [108.474172, 12.63434], [108.474227, 12.634354], [108.474299, 12.634362], [108.474364, 12.634358], [108.474429, 12.634337], [108.474469, 12.63433], [108.474589, 12.634276], [108.474698, 12.634194], [108.474741, 12.634173], [108.474803, 12.63413], [108.474828, 12.63413], [108.474911, 12.634056], [108.47498, 12.634002], [108.474998, 12.633992], [108.47506, 12.63397], [108.475241, 12.633921], [108.475349, 12.63391], [108.475397, 12.633899], [108.475531, 12.633853], [108.475538, 12.633846], [108.475599, 12.633821], [108.475708, 12.6338], [108.4759, 12.633778], [108.475972, 12.633761], [108.475994, 12.633746], [108.476038, 12.633743], [108.476146, 12.633714], [108.476364, 12.633682], [108.476465, 12.633682], [108.476777, 12.633593], [108.477012, 12.633565], [108.477113, 12.633522], [108.477131, 12.633508], [108.477226, 12.633476], [108.477211, 12.633604], [108.477095, 12.633825]]]}, "properties": {"lo": 71, "loCu": ["38"], "cum": "A", "doi": "Đội 1", "nongTruong": "NT 1A", "giong": "Philipin (cavendish)", "ngayTrong": "2025-03-11", "matDo": 2200, "dienTichBanDau": 2.67, "soCayBanDau": 5711, "taiCanh": [], "dienTichHienHuu": 2.67, "soCayHienHuu": 5673, "trangThai": "Đã trồng", "phuTrach": "Phan Ngọc Hiếu", "maLo": "Cụm A387145727", "viTri": [12.634463, 108.474822], "dienTichBanDo": 2.76, "nguonRanhGioi": "pdf"}}, {"type": "Feature", "geometry": {"type": "Point", "coordinates": [108.474577, 12.635281]}, "properties": {"lo": 72, "loCu": ["39"], "cum": "A", "doi": "Đội 1", "nongTruong": "NT 1A", "giong": "Philipin (cavendish)", "ngayTrong": "2025-03-12", "matDo": 2200, "dienTichBanDau": 2.36, "soCayBanDau": 4995, "taiCanh": [], "dienTichHienHuu": 2.36, "soCayHienHuu": 4932, "trangThai": "Đã trồng", "phuTrach": "Phan Ngọc Hiếu", "maLo": "Cụm A397245728", "viTri": [12.635281, 108.474577], "nguonRanhGioi": "nhan"}}, {"type": "Feature", "geometry": {"type": "Point", "coordinates": [108.476061, 12.63632]}, "properties": {"lo": 73, "loCu": ["E6"], "cum": "A", "doi": "Đội 1", "nongTruong": "NT 1A", "giong": "Philipin (cavendish)", "ngayTrong": "2019-01-11", "matDo": 2160, "dienTichBanDau": 1.17, "soCayBanDau": 2527, "taiCanh": [], "dienTichHienHuu": 1.17, "soCayHienHuu": 2727, "trangThai": "Đã trồng", "phuTrach": "Phan Ngọc Hiếu", "maLo": "Cụm AE67343476", "viTri": [12.63632, 108.476061], "nguonRanhGioi": "nhan"}}, {"type": "Feature", "geometry": {"type": "Polygon", "coordinates": [[[108.476378, 12.635689], [108.476447, 12.635489], [108.476599, 12.635194], [108.476755, 12.634878], [108.476889, 12.634565], [108.476907, 12.634536], [108.477059, 12.634131], [108.477146, 12.633939], [108.477179, 12.633935], [108.47724, 12.633978], [108.477269, 12.634059], [108.477269, 12.634099], [108.477287, 12.634116], [108.477309, 12.634124], [108.477443, 12.634262], [108.477486, 12.634276], [108.477501, 12.634291], [108.477512, 12.634305], [108.477526, 12.634369], [108.477649, 12.634451], [108.477667, 12.634494], [108.477711, 12.63454], [108.477725, 12.634604], [108.477689, 12.634632], [108.477646, 12.634654], [108.477667, 12.634689], [108.477722, 12.634739], [108.477765, 12.634746], [108.477787, 12.634739], [108.477809, 12.634743], [108.477845, 12.63476], [108.476863, 12.635714], [108.476635, 12.635941], [108.476378, 12.635689]]]}, "properties": {"lo": 74, "loCu": ["E11"], "cum": "A", "doi": "Đội 1", "nongTruong": "NT 1A", "giong": "Philipin (cavendish)", "ngayTrong": "2019-01-19", "matDo": 2160, "dienTichBanDau": 1.44, "soCayBanDau": 3110, "taiCanh": [], "dienTichHienHuu": 1.44, "soCayHienHuu": 3196, "trangThai": "Đã trồng", "phuTrach": "Phan Ngọc Hiếu", "maLo": "Cụm AE117443484", "viTri": [12.635036, 108.477119], "dienTichBanDo": 1.48, "nguonRanhGioi": "pdf"}}, {"type": "Feature", "geometry": {"type": "Point", "coordinates": [108.477032, 12.636368]}, "properties": {"lo": 75, "loCu": ["E12"], "cum": "A", "doi": "Đội 1", "nongTruong": "NT 1A", "giong": "Philipin (cavendish)", "ngayTrong": "2019-01-11", "matDo": 2160, "dienTichBanDau": 2.5, "soCayBanDau": 5400, "taiCanh": [], "dienTichHienHuu": 2.5, "soCayHienHuu": 5229, "trangThai": "Đã trồng", "phuTrach": "Phan Ngọc Hiếu", "maLo": "Cụm AE127543476", "viTri": [12.636368, 108.477032], "nguonRanhGioi": "nhan"}}, {"type": "Feature", "geometry": {"type": "Point", "coordinates": [108.477691, 12.63717]}, "properties": {"lo": 76, "loCu": ["E13"], "cum": "A", "doi": "Đội 1", "nongTruong": "NT 1A", "giong": "Philipin (cavendish)", "ngayTrong": "2019-01-11", "matDo": 2160, "dienTichBanDau": 2.1, "soCayBanDau": 4536, "taiCanh": [], "dienTichHienHuu": 2.1, "soCayHienHuu": 4357, "trangThai": "Đã trồng", "phuTrach": "Phan Ngọc Hiếu", "maLo": "Cụm AE137643476", "viTri": [12.63717, 108.477691], "nguonRanhGioi": "nhan"}}, {"type": "Feature", "geometry": {"type": "Polygon", "coordinates": [[[108.478435, 12.637816], [108.478428, 12.63782], [108.47842, 12.637902], [108.478388, 12.637951], [108.478355, 12.637976], [108.478341, 12.637976], [108.47833, 12.637966], [108.478178, 12.63798], [108.478091, 12.638037], [108.478037, 12.638136], [108.477979, 12.638218], [108.477859, 12.638343], [108.477834, 12.638385], [108.477816, 12.638428], [108.47779, 12.638424], [108.477395, 12.63803], [108.477479, 12.637948], [108.4775, 12.637948], [108.477529, 12.637941], [108.47758, 12.637948], [108.477692, 12.637941], [108.477729, 12.637934], [108.477859, 12.637923], [108.477895, 12.63788], [108.47796, 12.637788], [108.477971, 12.637734], [108.477971, 12.637709], [108.477953, 12.637649], [108.477964, 12.637581], [108.477942, 12.637496], [108.478029, 12.637411], [108.478435, 12.637816]]]}, "properties": {"lo": 77, "loCu": ["E14"], "cum": "A", "doi": "Đội 1", "nongTruong": "NT 1A", "giong": "Philipin (cavendish)", "ngayTrong": "2019-01-11", "matDo": 2160, "dienTichBanDau": 0.53, "soCayBanDau": 1144, "taiCanh": [], "dienTichHienHuu": 0.53, "soCayHienHuu": 1778, "trangThai": "Đã trồng", "phuTrach": "Phan Ngọc Hiếu", "maLo": "Cụm AE147743476", "viTri": [12.637912, 108.478141], "dienTichBanDo": 0.47, "nguonRanhGioi": "pdf"}}, {"type": "Feature", "geometry": {"type": "Polygon", "coordinates": [[[108.465566, 12.664282], [108.465284, 12.664755], [108.464893, 12.664499], [108.465099, 12.663951], [108.465566, 12.664282]]]}, "properties": {"lo": 78, "loCu": ["2"], "cum": "A", "doi": "Đội 4", "nongTruong": "NT 4", "giong": "JUSTGEM", "ngayTrong": "2023-12-22", "matDo": 2000, "dienTichBanDau": 0.35, "soCayBanDau": 657, "taiCanh": [], "dienTichHienHuu": 0.35, "soCayHienHuu": 642, "trangThai": "Đã trồng", "phuTrach": "Phan Ngọc Hiếu", "maLo": "Cụm A27845282", "viTri": [12.66439, 108.465218], "dienTichBanDo": 0.35, "nguonRanhGioi": "pdf"}}, {"type": "Feature", "geometry": {"type": "Polygon", "coordinates": [[[108.467595, 12.665623], [108.466917, 12.665901], [108.466526, 12.666039], [108.466421, 12.665993], [108.466008, 12.665698], [108.466541, 12.664933], [108.467595, 12.665623]]]}, "properties": {"lo": 79, "loCu": ["1"], "cum": "A", "doi": "Đội 4", "nongTruong": "NT 4", "giong": "ASALDO", "ngayTrong": "2023-09-26", "matDo": 2000, "dienTichBanDau": 1.13, "soCayBanDau": 2206, "taiCanh": [], "dienTichHienHuu": 1.13, "soCayHienHuu": 2056, "trangThai": "Đã trồng", "phuTrach": "Phan Ngọc Hiếu", "maLo": "Cụm A17945195", "viTri": [12.665278, 108.466684], "dienTichBanDo": 1.07, "nguonRanhGioi": "pdf"}}, {"type": "Feature", "geometry": {"type": "Polygon", "coordinates": [[[108.465357, 12.662009], [108.465342, 12.662026], [108.465183, 12.662108], [108.464926, 12.662268], [108.464889, 12.662283], [108.464545, 12.662375], [108.464292, 12.662642], [108.464179, 12.662588], [108.464074, 12.662411], [108.463955, 12.662265], [108.463857, 12.662286], [108.463625, 12.662272], [108.463517, 12.662133], [108.462962, 12.661204], [108.462767, 12.660279], [108.465357, 12.662009]]]}, "properties": {"lo": 80, "loCu": ["5"], "cum": "A", "doi": "Đội 4", "nongTruong": "NT 4", "giong": "ASALDO", "ngayTrong": "2023-10-10", "matDo": 2000, "dienTichBanDau": 3.52, "soCayBanDau": 6857, "taiCanh": [], "dienTichHienHuu": 3.52, "soCayHienHuu": 6510, "trangThai": "Đã trồng", "phuTrach": "Phan Ngọc Hiếu", "maLo": "Cụm A58045209", "viTri": [12.661607, 108.463978], "dienTichBanDo": 2.85, "nguonRanhGioi": "pdf"}}, {"type": "Feature", "geometry": {"type": "Polygon", "coordinates": [[[108.467269, 12.663713], [108.466515, 12.664809], [108.465125, 12.663894], [108.465219, 12.663645], [108.465458, 12.663506], [108.465759, 12.663417], [108.466204, 12.663393], [108.466632, 12.663293], [108.467269, 12.663713]]]}, "properties": {"lo": 81, "loCu": ["4"], "cum": "A", "doi": "Đội 4", "nongTruong": "NT 4", "giong": "JUSTGEM", "ngayTrong": "2023-12-18", "matDo": 2000, "dienTichBanDau": 2.37, "soCayBanDau": 4558, "taiCanh": [], "dienTichHienHuu": 2.37, "soCayHienHuu": 4492, "trangThai": "Đã trồng", "phuTrach": "Phan Ngọc Hiếu", "maLo": "Cụm A48145278", "viTri": [12.664351, 108.466325], "dienTichBanDo": 2.2, "nguonRanhGioi": "pdf"}}, {"type": "Feature", "geometry": {"type": "Polygon", "coordinates": [[[108.467345, 12.663763], [108.469239, 12.665004], [108.469167, 12.665108], [108.468848, 12.665154], [108.468555, 12.665236], [108.468149, 12.665364], [108.467845, 12.665541], [108.467682, 12.665573], [108.466591, 12.664858], [108.467345, 12.663763]]]}, "properties": {"lo": 82, "loCu": ["3"], "cum": "A", "doi": "Đội 4", "nongTruong": "NT 4", "giong": "ASALDO", "ngayTrong": "2023-09-27", "matDo": 2000, "dienTichBanDau": 2.92, "soCayBanDau": 5665, "taiCanh": [], "dienTichHienHuu": 2.92, "soCayHienHuu": 5532, "trangThai": "Đã trồng", "phuTrach": "Phan Ngọc Hiếu", "maLo": "Cụm A38245196", "viTri": [12.664316, 108.467576], "dienTichBanDo": 2.85, "nguonRanhGioi": "pdf"}}, {"type": "Feature", "geometry": {"type": "Polygon", "coordinates": [[[108.462792, 12.660169], [108.462832, 12.660006], [108.462865, 12.659767], [108.462945, 12.659582], [108.463042, 12.659401], [108.463129, 12.659173], [108.466342, 12.661336], [108.466172, 12.661582], [108.46615, 12.661571], [108.465951, 12.661642], [108.465744, 12.661749], [108.465585, 12.66182], [108.46544, 12.661909], [108.462792, 12.660169]]]}, "properties": {"lo": 83, "loCu": ["8"], "cum": "A", "doi": "Đội 4", "nongTruong": "NT 4", "giong": "ASALDO", "ngayTrong": "2023-10-07", "matDo": 2000, "dienTichBanDau": 4.15, "soCayBanDau": 8353, "taiCanh": [], "dienTichHienHuu": 4.15, "soCayHienHuu": 7500, "trangThai": "Đã trồng", "phuTrach": "Phan Ngọc Hiếu", "maLo": "Cụm A88345206", "viTri": [12.66053, 108.464246], "dienTichBanDo": 4.31, "nguonRanhGioi": "pdf"}}, {"type": "Feature", "geometry": {"type": "Polygon", "coordinates": [[[108.46674, 12.663258], [108.466918, 12.66324], [108.467197, 12.663226], [108.467088, 12.662973], [108.466921, 12.662713], [108.466889, 12.662599], [108.466766, 12.662333], [108.466498, 12.661959], [108.466404, 12.661746], [108.466244, 12.661635], [108.466422, 12.661386], [108.468099, 12.662511], [108.467323, 12.663638], [108.46674, 12.663258]]]}, "properties": {"lo": 84, "loCu": ["7"], "cum": "A", "doi": "Đội 4", "nongTruong": "NT 4", "giong": "ASALDO", "ngayTrong": "2023-10-06", "matDo": 2000, "dienTichBanDau": 1.93, "soCayBanDau": 3971, "taiCanh": [], "dienTichHienHuu": 1.93, "soCayHienHuu": 2706, "trangThai": "Đã trồng", "phuTrach": "Phan Ngọc Hiếu", "maLo": "Cụm A78445205", "viTri": [12.662521, 108.467473], "dienTichBanDo": 1.92, "nguonRanhGioi": "pdf"}}, {"type": "Feature", "geometry": {"type": "Polygon", "coordinates": [[[108.471087, 12.664485], [108.470996, 12.664468], [108.470612, 12.664507], [108.470402, 12.664596], [108.470185, 12.664674], [108.469685, 12.664898], [108.469337, 12.664962], [108.467396, 12.663688], [108.468175, 12.662564], [108.47088, 12.664379], [108.471087, 12.664485]]]}, "properties": {"lo": 85, "loCu": ["6"], "cum": "A", "doi": "Đội 4", "nongTruong": "NT 4", "giong": "ASALDO", "ngayTrong": "2023-09-29", "matDo": 2000, "dienTichBanDau": 4.64, "soCayBanDau": 9206, "taiCanh": [], "dienTichHienHuu": 4.64, "soCayHienHuu": 8947, "trangThai": "Đã trồng", "phuTrach": "Phan Ngọc Hiếu", "maLo": "Cụm A68545198", "viTri": [12.664033, 108.469144], "dienTichBanDo": 4.63, "nguonRanhGioi": "pdf"}}, {"type": "Feature", "geometry": {"type": "Polygon", "coordinates": [[[108.468939, 12.661298], [108.468149, 12.662439], [108.463151, 12.659088], [108.463234, 12.658935], [108.463455, 12.65859], [108.46355, 12.658398], [108.463738, 12.658145], [108.463792, 12.65785], [108.468939, 12.661298]]]}, "properties": {"lo": 86, "loCu": ["10"], "cum": "A", "doi": "Đội 4", "nongTruong": "NT 4", "giong": "ASALDO", "ngayTrong": "2023-11-05", "matDo": 2000, "dienTichBanDau": 10.27, "soCayBanDau": 20544, "taiCanh": [], "dienTichHienHuu": 10.27, "soCayHienHuu": 18820, "trangThai": "Đã trồng", "phuTrach": "Phan Ngọc Hiếu", "maLo": "Cụm A108645235", "viTri": [12.660193, 108.466044], "dienTichBanDo": 10.12, "nguonRanhGioi": "pdf"}}, {"type": "Feature", "geometry": {"type": "Polygon", "coordinates": [[[108.47113, 12.664443], [108.471018, 12.664361], [108.468225, 12.662489], [108.469055, 12.661294], [108.469167, 12.661511], [108.469312, 12.661575], [108.469363, 12.661757], [108.469468, 12.662091], [108.469613, 12.66224], [108.46975, 12.662436], [108.469921, 12.662642], [108.470221, 12.662835], [108.470377, 12.662813], [108.470544, 12.662682], [108.470823, 12.662571], [108.470924, 12.662909], [108.471119, 12.664026], [108.47113, 12.664443]]]}, "properties": {"lo": 87, "loCu": ["9"], "cum": "A", "doi": "Đội 4", "nongTruong": "NT 4", "giong": "ASALDO", "ngayTrong": "2023-09-30", "matDo": 2000, "dienTichBanDau": 4.31, "soCayBanDau": 8273, "taiCanh": [], "dienTichHienHuu": 4.31, "soCayHienHuu": 7975, "trangThai": "Đã trồng", "phuTrach": "Phan Ngọc Hiếu", "maLo": "Cụm A98745199", "viTri": [12.662872, 108.469854], "dienTichBanDo": 3.96, "nguonRanhGioi": "pdf"}}, {"type": "Feature", "geometry": {"type": "Polygon", "coordinates": [[[108.469041, 12.661155], [108.46899, 12.661223], [108.463811, 12.657743], [108.463869, 12.657661], [108.464198, 12.657032], [108.464589, 12.656747], [108.46861, 12.659437], [108.468682, 12.659594], [108.468881, 12.660483], [108.468975, 12.661042], [108.469041, 12.661155]]]}, "properties": {"lo": 88, "loCu": ["11"], "cum": "A", "doi": "Đội 4", "nongTruong": "NT 4", "giong": "ASALDO", "ngayTrong": "2023-12-05", "matDo": 2000, "dienTichBanDau": 8.75, "soCayBanDau": 17357, "taiCanh": [], "dienTichHienHuu": 8.75, "soCayHienHuu": 16644, "trangThai": "Đã trồng", "phuTrach": "Phan Ngọc Hiếu", "maLo": "Cụm A118845265", "viTri": [12.658595, 108.466216], "dienTichBanDo": 8.6, "nguonRanhGioi": "pdf"}}, {"type": "Feature", "geometry": {"type": "Polygon", "coordinates": [[[108.464666, 12.65669], [108.465093, 12.656392], [108.465303, 12.65637], [108.465575, 12.656317], [108.465683, 12.656598], [108.466176, 12.65695], [108.466578, 12.656886], [108.466893, 12.657], [108.466947, 12.657142], [108.46686, 12.657601], [108.467469, 12.657918], [108.467958, 12.658384], [108.46823, 12.658633], [108.468516, 12.65922], [108.468374, 12.659174], [108.464666, 12.65669]]]}, "properties": {"lo": 89, "loCu": ["12"], "cum": "A", "doi": "Đội 4", "nongTruong": "NT 4", "giong": "ASALDO", "ngayTrong": "2023-12-09", "matDo": 2000, "dienTichBanDau": 2.95, "soCayBanDau": 5796, "taiCanh": [], "dienTichHienHuu": 2.95, "soCayHienHuu": 5615, "trangThai": "Đã trồng", "phuTrach": "Phan Ngọc Hiếu", "maLo": "Cụm A128945269", "viTri": [12.65776, 108.466713], "dienTichBanDo": 3.05, "nguonRanhGioi": "pdf"}}, {"type": "Feature", "geometry": {"type": "Polygon", "coordinates": [[[108.473195, 12.665926], [108.473155, 12.665933], [108.473144, 12.665944], [108.473122, 12.665973], [108.473111, 12.666019], [108.473093, 12.66604], [108.473086, 12.666058], [108.473053, 12.666083], [108.473046, 12.666093], [108.473017, 12.666111], [108.47301, 12.666125], [108.473003, 12.666129], [108.472996, 12.666147], [108.472974, 12.666161], [108.472938, 12.666197], [108.472919, 12.666204], [108.472909, 12.666214], [108.472854, 12.666229], [108.472833, 12.666214], [108.472814, 12.666175], [108.472778, 12.666154], [108.472764, 12.666154], [108.472727, 12.666168], [108.472688, 12.666172], [108.472659, 12.666193], [108.472641, 12.6662], [108.472619, 12.6662], [108.47259, 12.666179], [108.472575, 12.666175], [108.472561, 12.666175], [108.472546, 12.666186], [108.472525, 12.666193], [108.472496, 12.666189], [108.47247, 12.666197], [108.47242, 12.666197], [108.472405, 12.666182], [108.472394, 12.666122], [108.472365, 12.666051], [108.472362, 12.666019], [108.472354, 12.666012], [108.472354, 12.666001], [108.472383, 12.665962], [108.472383, 12.665919], [108.472391, 12.665905], [108.472387, 12.665891], [108.472362, 12.665851], [108.47234, 12.665834], [108.472307, 12.665823], [108.472271, 12.665791], [108.472264, 12.665773], [108.472267, 12.665763], [108.47226, 12.665745], [108.472264, 12.665727], [108.472257, 12.665702], [108.472264, 12.665663], [108.472257, 12.665642], [108.472246, 12.665638], [108.472195, 12.665649], [108.472115, 12.665649], [108.472065, 12.665638], [108.471992, 12.665642], [108.471978, 12.665645], [108.47197, 12.665652], [108.471905, 12.665663], [108.471826, 12.665666], [108.471764, 12.665688], [108.471724, 12.665688], [108.471648, 12.665677], [108.471536, 12.665684], [108.471492, 12.665702], [108.471452, 12.665709], [108.471376, 12.665741], [108.471329, 12.665762], [108.471308, 12.665784], [108.471293, 12.665791], [108.471217, 12.665794], [108.471177, 12.665805], [108.471137, 12.66583], [108.471101, 12.665844], [108.471032, 12.665866], [108.470996, 12.665869], [108.470982, 12.665858], [108.470982, 12.665798], [108.471, 12.665713], [108.471011, 12.665624], [108.471018, 12.665464], [108.471032, 12.665368], [108.471032, 12.665321], [108.471025, 12.665279], [108.471025, 12.665222], [108.471032, 12.6652], [108.471032, 12.665133], [108.471047, 12.665054], [108.471047, 12.665012], [108.471065, 12.664862], [108.471079, 12.664827], [108.471108, 12.66467], [108.471098, 12.664617], [108.471116, 12.664581], [108.471152, 12.664556], [108.473195, 12.665926]]]}, "properties": {"lo": 90, "loCu": ["28"], "cum": "A", "doi": "Đội 4", "nongTruong": "NT 4", "giong": "JUSTGEM", "ngayTrong": "2025-05-10", "matDo": 2200, "dienTichBanDau": 1.45, "soCayBanDau": 3182, "taiCanh": [], "dienTichHienHuu": 1.45, "soCayHienHuu": 3148, "trangThai": "Đã trồng", "phuTrach": "Phan Ngọc Hiếu", "maLo": "Cụm A289045787", "viTri": [12.665382, 108.471707], "dienTichBanDo": 1.75, "nguonRanhGioi": "pdf"}}, {"type": "Feature", "geometry": {"type": "Polygon", "coordinates": [[[108.4728, 12.662725], [108.472757, 12.662629], [108.472753, 12.662568], [108.472731, 12.662483], [108.472724, 12.662394], [108.472703, 12.662326], [108.472695, 12.662241], [108.47271, 12.662187], [108.472677, 12.662152], [108.472663, 12.662152], [108.472608, 12.662173], [108.472463, 12.662209], [108.47242, 12.662227], [108.47238, 12.662227], [108.472344, 12.662241], [108.472192, 12.662255], [108.472166, 12.662266], [108.472087, 12.662273], [108.47204, 12.662287], [108.471956, 12.662294], [108.47183, 12.662326], [108.471743, 12.662333], [108.471699, 12.662315], [108.47167, 12.662219], [108.471652, 12.662084], [108.471652, 12.662034], [108.471645, 12.66197], [108.47163, 12.661924], [108.471627, 12.661874], [108.47162, 12.661846], [108.471616, 12.661796], [108.47162, 12.661771], [108.471609, 12.661679], [108.471609, 12.661558], [108.471587, 12.661458], [108.47158, 12.661337], [108.471558, 12.661255], [108.471551, 12.661209], [108.471547, 12.661156], [108.471551, 12.660956], [108.471536, 12.660939], [108.471518, 12.660892], [108.473253, 12.662074], [108.4728, 12.662725]]]}, "properties": {"lo": 91, "loCu": ["32"], "cum": "A", "doi": "Đội 4", "nongTruong": "NT 4", "giong": "JUSTGEM", "ngayTrong": "2025-05-14", "matDo": 2200, "dienTichBanDau": 1.98, "soCayBanDau": 4348, "taiCanh": [], "dienTichHienHuu": 1.98, "soCayHienHuu": 4306, "trangThai": "Đã trồng", "phuTrach": "Phan Ngọc Hiếu", "maLo": "Cụm A329145791", "viTri": [12.661808, 108.472241], "dienTichBanDo": 1.59, "nguonRanhGioi": "pdf"}}, {"type": "Feature", "geometry": {"type": "Point", "coordinates": [108.473205, 12.663872]}, "properties": {"lo": 92, "loCu": ["31"], "cum": "A", "doi": "Đội 4", "nongTruong": "NT 4", "giong": "JUSTGEM", "ngayTrong": "2025-05-13", "matDo": 2200, "dienTichBanDau": 1.96, "soCayBanDau": 4316, "taiCanh": [], "dienTichHienHuu": 1.96, "soCayHienHuu": 4267, "trangThai": "Đã trồng", "phuTrach": "Phan Ngọc Hiếu", "maLo": "Cụm A319245790", "viTri": [12.663872, 108.473205], "nguonRanhGioi": "nhan"}}, {"type": "Feature", "geometry": {"type": "Polygon", "coordinates": [[[108.475068, 12.663308], [108.473285, 12.665876], [108.472449, 12.665318], [108.474238, 12.662743], [108.475068, 12.663308]]]}, "properties": {"lo": 93, "loCu": ["30"], "cum": "A", "doi": "Đội 4", "nongTruong": "NT 4", "giong": "JUSTGEM", "ngayTrong": "2025-03-25", "matDo": 2200, "dienTichBanDau": 3.62, "soCayBanDau": 7956, "taiCanh": [], "dienTichHienHuu": 3.62, "soCayHienHuu": 7792, "trangThai": "Đã trồng", "phuTrach": "Phan Ngọc Hiếu", "maLo": "Cụm A309345741", "viTri": [12.664313, 108.473759], "dienTichBanDo": 3.78, "nguonRanhGioi": "pdf"}}, {"type": "Feature", "geometry": {"type": "Point", "coordinates": [108.474244, 12.664914]}, "properties": {"lo": 94, "loCu": ["29"], "cum": "A", "doi": "Đội 4", "nongTruong": "NT 4", "giong": "JUSTGEM", "ngayTrong": "2025-05-10", "matDo": 2200, "dienTichBanDau": 0.91, "soCayBanDau": 2008, "taiCanh": [], "dienTichHienHuu": 0.91, "soCayHienHuu": 1988, "trangThai": "Đã trồng", "phuTrach": "Phan Ngọc Hiếu", "maLo": "Cụm A299445787", "viTri": [12.664914, 108.474244], "nguonRanhGioi": "nhan"}}, {"type": "Feature", "geometry": {"type": "Polygon", "coordinates": [[[108.473453, 12.657936], [108.471486, 12.660768], [108.471468, 12.660686], [108.471468, 12.660661], [108.471449, 12.66059], [108.471424, 12.660519], [108.47141, 12.660444], [108.471388, 12.660373], [108.471366, 12.660231], [108.471366, 12.660206], [108.471359, 12.660181], [108.471359, 12.660152], [108.471326, 12.660053], [108.471319, 12.659914], [108.471323, 12.659814], [108.471315, 12.659775], [108.471315, 12.659747], [108.471308, 12.659726], [108.471308, 12.659672], [108.471315, 12.659651], [108.471316, 12.659622], [108.47133, 12.659576], [108.471355, 12.659523], [108.471355, 12.659498], [108.471337, 12.659409], [108.471337, 12.659384], [108.47133, 12.65937], [108.471319, 12.659313], [108.471294, 12.659263], [108.471294, 12.659242], [108.471239, 12.65922], [108.471211, 12.659174], [108.471196, 12.659163], [108.471167, 12.659103], [108.47116, 12.659043], [108.471153, 12.659025], [108.471134, 12.659003], [108.471113, 12.659003], [108.471102, 12.658964], [108.471109, 12.65895], [108.47112, 12.658943], [108.471182, 12.658932], [108.471247, 12.658929], [108.471287, 12.658914], [108.471305, 12.658914], [108.471439, 12.658886], [108.471493, 12.658882], [108.471533, 12.658861], [108.471594, 12.658847], [108.471616, 12.658847], [108.471645, 12.658815], [108.471714, 12.658776], [108.471758, 12.658772], [108.471768, 12.658762], [108.471823, 12.658751], [108.471863, 12.658726], [108.471892, 12.658683], [108.471939, 12.658637], [108.47196, 12.658577], [108.471971, 12.658559], [108.47208, 12.658452], [108.472084, 12.658413], [108.472094, 12.658392], [108.472116, 12.658377], [108.472149, 12.658345], [108.472185, 12.658303], [108.472214, 12.658288], [108.472236, 12.658288], [108.472294, 12.658271], [108.472333, 12.658239], [108.472377, 12.658224], [108.47242, 12.658196], [108.472486, 12.6582], [108.472569, 12.658164], [108.472645, 12.658164], [108.472728, 12.658146], [108.472783, 12.658128], [108.472826, 12.658136], [108.47287, 12.658132], [108.472909, 12.658096], [108.472928, 12.658093], [108.472946, 12.658096], [108.472989, 12.658082], [108.473094, 12.658036], [108.47313, 12.658036], [108.473177, 12.658018], [108.473225, 12.658018], [108.473239, 12.658008], [108.473333, 12.657972], [108.473351, 12.657968], [108.473373, 12.657972], [108.47342, 12.657958], [108.473453, 12.657936]]]}, "properties": {"lo": 95, "loCu": ["33"], "cum": "A", "doi": "Đội 4", "nongTruong": "NT 4", "giong": "JUSTGEM", "ngayTrong": "2025-03-17", "matDo": 2200, "dienTichBanDau": 2.32, "soCayBanDau": 5096, "taiCanh": [], "dienTichHienHuu": 2.32, "soCayHienHuu": 4976, "trangThai": "Đã trồng", "phuTrach": "Phan Ngọc Hiếu", "maLo": "Cụm A339545733", "viTri": [12.659347, 108.4719], "dienTichBanDo": 2.81, "nguonRanhGioi": "pdf"}}, {"type": "Feature", "geometry": {"type": "Polygon", "coordinates": [[[108.474184, 12.658808], [108.472377, 12.661412], [108.471544, 12.660846], [108.473518, 12.658004], [108.473547, 12.658107], [108.473547, 12.658161], [108.473558, 12.658217], [108.473598, 12.658246], [108.473627, 12.658306], [108.473619, 12.658324], [108.473605, 12.658342], [108.473601, 12.658356], [108.473608, 12.65837], [108.473608, 12.658406], [108.473619, 12.658431], [108.473659, 12.658481], [108.473656, 12.658498], [108.473637, 12.65852], [108.473652, 12.658545], [108.473695, 12.65858], [108.473688, 12.658627], [108.473699, 12.658651], [108.473703, 12.658673], [108.473699, 12.65868], [108.473721, 12.658673], [108.47375, 12.658676], [108.47379, 12.658701], [108.47384, 12.658716], [108.473898, 12.658708], [108.47392, 12.658701], [108.473942, 12.658701], [108.47396, 12.658708], [108.474021, 12.658765], [108.474068, 12.65878], [108.474112, 12.658801], [108.474112, 12.658808], [108.47413, 12.658822], [108.47417, 12.658808], [108.474184, 12.658808]]]}, "properties": {"lo": 96, "loCu": ["34"], "cum": "A", "doi": "Đội 4", "nongTruong": "NT 4", "giong": "JUSTGEM", "ngayTrong": "2025-03-16", "matDo": 2200, "dienTichBanDau": 3.44, "soCayBanDau": 7715, "taiCanh": [], "dienTichHienHuu": 3.44, "soCayHienHuu": 7592, "trangThai": "Đã trồng", "phuTrach": "Phan Ngọc Hiếu", "maLo": "Cụm A349645732", "viTri": [12.659834, 108.472859], "dienTichBanDo": 3.83, "nguonRanhGioi": "pdf"}}, {"type": "Feature", "geometry": {"type": "Polygon", "coordinates": [[[108.475314, 12.659103], [108.473286, 12.662027], [108.472453, 12.661462], [108.474271, 12.658847], [108.474297, 12.658872], [108.474318, 12.658879], [108.47434, 12.658893], [108.474369, 12.658893], [108.474391, 12.658886], [108.47442, 12.658893], [108.474489, 12.658925], [108.474518, 12.658922], [108.474554, 12.658933], [108.474583, 12.658922], [108.474677, 12.658925], [108.47471, 12.658915], [108.474735, 12.658915], [108.4748, 12.658947], [108.474833, 12.65894], [108.474858, 12.658979], [108.47488, 12.65899], [108.474927, 12.658958], [108.47496, 12.658958], [108.474996, 12.658965], [108.475025, 12.658958], [108.475072, 12.658965], [108.475086, 12.658972], [108.475122, 12.659004], [108.475202, 12.659025], [108.475217, 12.659043], [108.475246, 12.659096], [108.475285, 12.659121], [108.475314, 12.659103]]]}, "properties": {"lo": 97, "loCu": ["35"], "cum": "A", "doi": "Đội 4", "nongTruong": "NT 4", "giong": "JUSTGEM", "ngayTrong": "2025-03-15", "matDo": 2200, "dienTichBanDau": 3.96, "soCayBanDau": 8909, "taiCanh": [], "dienTichHienHuu": 3.96, "soCayHienHuu": 8807, "trangThai": "Đã trồng", "phuTrach": "Phan Ngọc Hiếu", "maLo": "Cụm A359745731", "viTri": [12.660291, 108.473878], "dienTichBanDo": 4.1, "nguonRanhGioi": "pdf"}}, {"type": "Feature", "geometry": {"type": "Polygon", "coordinates": [[[108.475459, 12.660822], [108.474195, 12.662643], [108.473362, 12.662077], [108.475336, 12.659235], [108.475325, 12.659303], [108.475285, 12.65937], [108.475278, 12.659395], [108.475271, 12.659445], [108.475275, 12.659463], [108.475264, 12.659502], [108.475275, 12.659523], [108.475275, 12.659591], [108.475285, 12.65963], [108.475285, 12.659662], [108.475264, 12.659747], [108.475267, 12.659754], [108.475293, 12.659769], [108.4753, 12.659907], [108.475322, 12.659943], [108.475314, 12.659957], [108.475322, 12.659982], [108.475311, 12.660025], [108.475303, 12.660103], [108.475307, 12.660224], [108.475322, 12.66026], [108.475325, 12.660284], [108.475322, 12.660402], [108.475314, 12.660423], [108.475322, 12.660445], [108.475322, 12.660484], [108.475332, 12.660519], [108.475329, 12.660601], [108.47534, 12.660676], [108.475347, 12.660697], [108.475365, 12.660715], [108.475459, 12.66074], [108.475448, 12.660768], [108.475459, 12.6608], [108.475459, 12.660822]]]}, "properties": {"lo": 98, "loCu": ["36"], "cum": "A", "doi": "Đội 4", "nongTruong": "NT 4", "giong": "JUSTGEM", "ngayTrong": "2025-03-18", "matDo": 2200, "dienTichBanDau": 3.47, "soCayBanDau": 7629, "taiCanh": [], "dienTichHienHuu": 3.47, "soCayHienHuu": 7568, "trangThai": "Đã trồng", "phuTrach": "Phan Ngọc Hiếu", "maLo": "Cụm A369845734", "viTri": [12.661449, 108.474411], "dienTichBanDo": 3.28, "nguonRanhGioi": "pdf"}}, {"type": "Feature", "geometry": {"type": "Polygon", "coordinates": [[[108.475716, 12.661473], [108.475705, 12.661547], [108.475673, 12.661651], [108.475673, 12.661675], [108.475666, 12.6617], [108.475637, 12.661782], [108.475622, 12.661846], [108.475622, 12.661878], [108.475615, 12.661892], [108.475608, 12.661939], [108.475593, 12.661985], [108.475579, 12.662109], [108.475564, 12.662138], [108.47556, 12.662159], [108.475564, 12.662205], [108.47556, 12.662227], [108.475546, 12.662245], [108.475535, 12.66227], [108.475513, 12.662326], [108.475503, 12.662373], [108.475459, 12.662487], [108.475448, 12.662504], [108.475423, 12.662597], [108.475379, 12.662696], [108.475379, 12.66276], [108.475354, 12.662824], [108.475358, 12.662839], [108.475336, 12.662903], [108.47531, 12.66296], [108.475296, 12.663024], [108.475278, 12.663049], [108.475267, 12.663052], [108.475234, 12.66312], [108.475227, 12.663187], [108.475209, 12.663223], [108.475205, 12.663241], [108.475158, 12.663298], [108.474271, 12.662696], [108.475463, 12.660978], [108.475485, 12.661003], [108.475492, 12.661021], [108.475506, 12.661039], [108.475528, 12.661056], [108.47555, 12.661113], [108.475553, 12.661142], [108.475564, 12.661174], [108.475611, 12.661234], [108.475644, 12.661302], [108.475658, 12.661313], [108.475669, 12.661352], [108.475713, 12.661412], [108.475716, 12.661473]]]}, "properties": {"lo": 99, "loCu": ["37"], "cum": "A", "doi": "Đội 4", "nongTruong": "NT 4", "giong": "JUSTGEM", "ngayTrong": "2025-03-19", "matDo": 2200, "dienTichBanDau": 1.98, "soCayBanDau": 4348, "taiCanh": [], "dienTichHienHuu": 1.98, "soCayHienHuu": 4266, "trangThai": "Đã trồng", "phuTrach": "Phan Ngọc Hiếu", "maLo": "Cụm A379945735", "viTri": [12.662124, 108.47512], "dienTichBanDo": 1.89, "nguonRanhGioi": "pdf"}}, {"type": "Feature", "geometry": {"type": "Polygon", "coordinates": [[[108.454844, 12.647593], [108.454815, 12.647617], [108.454554, 12.647692], [108.454514, 12.647692], [108.454464, 12.647717], [108.454445, 12.647731], [108.454427, 12.647724], [108.454348, 12.64776], [108.454243, 12.647774], [108.45425, 12.647756], [108.454243, 12.647717], [108.454239, 12.647632], [108.454246, 12.647617], [108.454228, 12.647582], [108.454188, 12.647539], [108.454094, 12.647567], [108.454058, 12.64756], [108.453989, 12.647578], [108.453942, 12.647571], [108.453895, 12.647589], [108.453721, 12.647607], [108.453674, 12.647635], [108.453558, 12.647642], [108.453529, 12.647649], [108.453507, 12.647646], [108.453475, 12.647674], [108.453402, 12.647681], [108.453384, 12.647674], [108.453326, 12.647688], [108.45329, 12.647667], [108.453218, 12.647695], [108.453189, 12.647713], [108.453069, 12.647752], [108.452902, 12.647777], [108.452826, 12.647795], [108.452725, 12.647841], [108.452685, 12.647852], [108.452602, 12.647959], [108.452584, 12.648033], [108.452584, 12.648126], [108.452576, 12.648144], [108.452558, 12.648144], [108.452515, 12.648129], [108.452457, 12.648126], [108.452424, 12.648111], [108.452366, 12.648058], [108.452138, 12.64798], [108.452001, 12.647902], [108.451946, 12.647898], [108.451812, 12.647841], [108.451769, 12.647813], [108.451649, 12.647759], [108.451512, 12.647709], [108.451414, 12.647635], [108.451309, 12.647571], [108.451273, 12.647567], [108.451229, 12.647599], [108.451164, 12.647571], [108.451164, 12.646763], [108.454844, 12.646764], [108.454844, 12.647593]]]}, "properties": {"lo": 101, "loCu": ["1"], "cum": "B", "doi": "Đội 3", "nongTruong": "NT 2", "giong": null, "ngayTrong": "2022-06-20", "matDo": 2160, "dienTichBanDau": 4.02, "soCayBanDau": 7755, "taiCanh": [], "dienTichHienHuu": 0, "soCayHienHuu": 0, "trangThai": "Chưa trồng", "phuTrach": "Nguyễn Tiến Mạnh", "maLo": "Cụm B1101", "ghiChu": "KTC đợt 1", "viTri": [12.647151, 108.453004], "dienTichBanDo": 4.38, "nguonRanhGioi": "pdf"}}, {"type": "Feature", "geometry": {"type": "Point", "coordinates": [108.455183, 12.647352]}, "properties": {"lo": 102, "loCu": ["2"], "cum": "B", "doi": "Đội 3", "nongTruong": "NT 2", "giong": null, "ngayTrong": "2022-07-02", "matDo": 2160, "dienTichBanDau": 0.54, "soCayBanDau": 1006, "taiCanh": [], "dienTichHienHuu": 0, "soCayHienHuu": 0, "trangThai": "Chưa trồng", "phuTrach": "Nguyễn Tiến Mạnh", "maLo": "Cụm B2102", "ghiChu": "KTC đợt 1", "viTri": [12.647352, 108.455183], "nguonRanhGioi": "nhan"}}, {"type": "Feature", "geometry": {"type": "Polygon", "coordinates": [[[108.454844, 12.646764], [108.451164, 12.646763], [108.451157, 12.645671], [108.454844, 12.645672], [108.454844, 12.646764]]]}, "properties": {"lo": 103, "loCu": ["3"], "cum": "B", "doi": "Đội 3", "nongTruong": "NT 2", "giong": null, "ngayTrong": "2022-06-17", "matDo": 2160, "dienTichBanDau": 4.31, "soCayBanDau": 9175, "taiCanh": [], "dienTichHienHuu": 0, "soCayHienHuu": 0, "trangThai": "Chưa trồng", "phuTrach": "Nguyễn Tiến Mạnh", "maLo": "Cụm B3103", "ghiChu": "KTC đợt 1", "viTri": [12.646347, 108.453003], "dienTichBanDo": 4.83, "nguonRanhGioi": "pdf"}}, {"type": "Feature", "geometry": {"type": "Polygon", "coordinates": [[[108.454844, 12.645672], [108.45667, 12.645672], [108.456713, 12.64569], [108.456746, 12.645796], [108.456789, 12.64586], [108.456804, 12.645896], [108.456786, 12.64602], [108.456793, 12.646052], [108.456811, 12.646067], [108.456796, 12.646106], [108.456793, 12.646223], [108.456782, 12.646245], [108.45668, 12.646387], [108.456724, 12.646597], [108.456727, 12.646679], [108.456746, 12.646757], [108.456756, 12.646764], [108.454844, 12.646764], [108.454844, 12.645672]]]}, "properties": {"lo": 104, "loCu": ["4"], "cum": "B", "doi": "Đội 3", "nongTruong": "NT 2", "giong": null, "ngayTrong": "2022-07-01", "matDo": 2160, "dienTichBanDau": 2.38, "soCayBanDau": 4938, "taiCanh": [], "dienTichHienHuu": 0, "soCayHienHuu": 0, "trangThai": "Chưa trồng", "phuTrach": "Nguyễn Tiến Mạnh", "maLo": "Cụm B4104", "ghiChu": "KTC đợt 1", "viTri": [12.646164, 108.455819], "dienTichBanDo": 2.5, "nguonRanhGioi": "pdf"}}, {"type": "Feature", "geometry": {"type": "Point", "coordinates": [108.457364, 12.646353]}, "properties": {"lo": 105, "loCu": ["5"], "cum": "B", "doi": "Đội 3", "nongTruong": "NT 2", "giong": null, "ngayTrong": "2022-06-13", "matDo": 2160, "dienTichBanDau": 0.24, "soCayBanDau": 469, "taiCanh": [], "dienTichHienHuu": 0, "soCayHienHuu": 0, "trangThai": "Chưa trồng", "phuTrach": "Nguyễn Tiến Mạnh", "maLo": "Cụm B5105", "ghiChu": "KTC đợt 1", "viTri": [12.646353, 108.457364], "nguonRanhGioi": "nhan"}}, {"type": "Feature", "geometry": {"type": "Polygon", "coordinates": [[[108.454844, 12.645672], [108.451157, 12.645671], [108.45115, 12.645184], [108.44927, 12.645183], [108.449324, 12.645439], [108.449281, 12.645528], [108.449172, 12.64551], [108.449078, 12.645503], [108.448995, 12.645475], [108.448987, 12.645453], [108.448962, 12.645432], [108.448955, 12.645379], [108.448973, 12.645251], [108.44894, 12.645187], [108.448919, 12.644995], [108.44894, 12.64498], [108.448988, 12.644977], [108.449013, 12.644945], [108.448984, 12.64482], [108.448973, 12.644799], [108.448959, 12.644728], [108.448948, 12.644706], [108.448926, 12.644571], [108.454844, 12.644576], [108.454844, 12.645672]]]}, "properties": {"lo": 106, "loCu": ["6"], "cum": "B", "doi": "Đội 3", "nongTruong": "NT 2", "giong": null, "ngayTrong": "2022-06-09", "matDo": 2160, "dienTichBanDau": 5.82, "soCayBanDau": 12032, "taiCanh": [], "dienTichHienHuu": 0, "soCayHienHuu": 0, "trangThai": "Chưa trồng", "phuTrach": "Nguyễn Tiến Mạnh", "maLo": "Cụm B6106", "ghiChu": "KTC đợt 1", "viTri": [12.645141, 108.45189], "dienTichBanDo": 6.6, "nguonRanhGioi": "pdf"}}, {"type": "Feature", "geometry": {"type": "Polygon", "coordinates": [[[108.454844, 12.644576], [108.456518, 12.644576], [108.456471, 12.644832], [108.456427, 12.64496], [108.456427, 12.645124], [108.456503, 12.645177], [108.456503, 12.645216], [108.456452, 12.645316], [108.456463, 12.64538], [108.456478, 12.64543], [108.456507, 12.645476], [108.456565, 12.645594], [108.456572, 12.645604], [108.45667, 12.645672], [108.454844, 12.645672], [108.454844, 12.644576]]]}, "properties": {"lo": 107, "loCu": ["7"], "cum": "B", "doi": "Đội 3", "nongTruong": "NT 2", "giong": null, "ngayTrong": "2022-06-29", "matDo": 2160, "dienTichBanDau": 2, "soCayBanDau": 3759, "taiCanh": [], "dienTichHienHuu": 0, "soCayHienHuu": 0, "trangThai": "Chưa trồng", "phuTrach": "Nguyễn Tiến Mạnh", "maLo": "Cụm B7107", "ghiChu": "KTC đợt 1", "viTri": [12.645042, 108.455636], "dienTichBanDo": 2.16, "nguonRanhGioi": "pdf"}}, {"type": "Feature", "geometry": {"type": "Polygon", "coordinates": [[[108.456934, 12.645672], [108.456869, 12.645594], [108.45672, 12.645512], [108.456706, 12.645498], [108.456662, 12.645419], [108.456641, 12.645348], [108.45663, 12.645209], [108.456684, 12.645056], [108.456695, 12.645039], [108.456608, 12.644946], [108.456634, 12.644854], [108.456626, 12.644637], [108.456655, 12.644576], [108.458655, 12.64458], [108.458597, 12.64474], [108.458517, 12.644783], [108.458459, 12.644882], [108.458463, 12.644922], [108.458434, 12.644932], [108.458311, 12.644911], [108.458202, 12.644936], [108.458198, 12.644964], [108.458177, 12.645007], [108.458184, 12.645032], [108.458148, 12.645057], [108.458006, 12.645192], [108.457876, 12.645245], [108.457847, 12.645316], [108.457814, 12.645455], [108.457793, 12.645672], [108.456934, 12.645672]]]}, "properties": {"lo": 108, "loCu": ["8"], "cum": "B", "doi": "Đội 3", "nongTruong": "NT 2", "giong": null, "ngayTrong": "2022-07-12", "matDo": 2160, "dienTichBanDau": 1.59, "soCayBanDau": 2560, "taiCanh": [], "dienTichHienHuu": 0, "soCayHienHuu": 0, "trangThai": "Chưa trồng", "phuTrach": "Nguyễn Tiến Mạnh", "maLo": "Cụm B8108", "ghiChu": "KTC đợt 1", "viTri": [12.645135, 108.457362], "dienTichBanDo": 1.92, "nguonRanhGioi": "pdf"}}, {"type": "Feature", "geometry": {"type": "Point", "coordinates": [108.460812, 12.645386]}, "properties": {"lo": 109, "loCu": ["9"], "cum": "B", "doi": "Đội 3", "nongTruong": "NT 2", "giong": null, "ngayTrong": "2022-07-13", "matDo": 2160, "dienTichBanDau": 2.92, "soCayBanDau": 6621, "taiCanh": [], "dienTichHienHuu": 0, "soCayHienHuu": 0, "trangThai": "Chưa trồng", "phuTrach": "Nguyễn Tiến Mạnh", "maLo": "Cụm B9109", "ghiChu": "KTC đợt 1", "viTri": [12.645386, 108.460812], "nguonRanhGioi": "nhan"}}, {"type": "Feature", "geometry": {"type": "Polygon", "coordinates": [[[108.450241, 12.644579], [108.448926, 12.644578], [108.448904, 12.644408], [108.448897, 12.644283], [108.44893, 12.644119], [108.448955, 12.644031], [108.448966, 12.643998], [108.449053, 12.643874], [108.449053, 12.643821], [108.449064, 12.643725], [108.449093, 12.643657], [108.449118, 12.643621], [108.449147, 12.643618], [108.449223, 12.643554], [108.449263, 12.643536], [108.449339, 12.643472], [108.449535, 12.643351], [108.449553, 12.64333], [108.449586, 12.643305], [108.449759, 12.643198], [108.449843, 12.643017], [108.449908, 12.642828], [108.449922, 12.642811], [108.449966, 12.642782], [108.450136, 12.642786], [108.450241, 12.642747], [108.450241, 12.644579]]]}, "properties": {"lo": 111, "loCu": ["11"], "cum": "B", "doi": "Đội 3", "nongTruong": "NT 2", "giong": "UNI 126", "ngayTrong": "2022-05-10", "matDo": 2200, "dienTichBanDau": 1.91, "soCayBanDau": 3915, "taiCanh": [{"dot": 1, "ngay": "2026-03-14", "giong": "UNI 126", "dienTich": 1.76, "soCay": 3880}], "dienTichHienHuu": 1.76, "soCayHienHuu": 3880, "trangThai": "Đã trồng", "phuTrach": "Nguyễn Tiến Mạnh", "maLo": "Cụm B1111146095", "ghiChu": "KTC đợt 1", "viTri": [12.643666, 108.449665], "dienTichBanDo": 2.07, "nguonRanhGioi": "pdf"}}, {"type": "Feature", "geometry": {"type": "Polygon", "coordinates": [[[108.450241, 12.642747], [108.450256, 12.642736], [108.450357, 12.6427], [108.450495, 12.642672], [108.45056, 12.642647], [108.450585, 12.642619], [108.450712, 12.642594], [108.450806, 12.642562], [108.450948, 12.642523], [108.451067, 12.642501], [108.451161, 12.642459], [108.451161, 12.644579], [108.450241, 12.644579], [108.450241, 12.642747]]]}, "properties": {"lo": 112, "loCu": ["12"], "cum": "B", "doi": "Đội 3", "nongTruong": "NT 2", "giong": "UNI 126", "ngayTrong": "2022-05-12", "matDo": 2200, "dienTichBanDau": 1.88, "soCayBanDau": 3961, "taiCanh": [{"dot": 1, "ngay": "2026-03-14", "giong": "UNI 126", "dienTich": 1.75, "soCay": 3850}], "dienTichHienHuu": 1.75, "soCayHienHuu": 3850, "trangThai": "Đã trồng", "phuTrach": "Nguyễn Tiến Mạnh", "maLo": "Cụm B1211246095", "ghiChu": "KTC đợt 1", "viTri": [12.643584, 108.450701], "dienTichBanDo": 2.19, "nguonRanhGioi": "pdf"}}, {"type": "Feature", "geometry": {"type": "Polygon", "coordinates": [[[108.451162, 12.64079], [108.451162, 12.639648], [108.451274, 12.639758], [108.451973, 12.640317], [108.452082, 12.640381], [108.452081, 12.644579], [108.451161, 12.644579], [108.451161, 12.642455], [108.451212, 12.64243], [108.451328, 12.642395], [108.451408, 12.642355], [108.451487, 12.642288], [108.451469, 12.642174], [108.451444, 12.642096], [108.45144, 12.642067], [108.451426, 12.642035], [108.451429, 12.642007], [108.451422, 12.641946], [108.45139, 12.641897], [108.451361, 12.641815], [108.451357, 12.64174], [108.451342, 12.641665], [108.451332, 12.641647], [108.451339, 12.641626], [108.451328, 12.641576], [108.451317, 12.641566], [108.45127, 12.641459], [108.451285, 12.641388], [108.451277, 12.641345], [108.451212, 12.64111], [108.451187, 12.640993], [108.451165, 12.640829], [108.451169, 12.640811], [108.451162, 12.64079]]]}, "properties": {"lo": 113, "loCu": ["13"], "cum": "B", "doi": "Đội 3", "nongTruong": "NT 2", "giong": "UNI 126", "ngayTrong": "2022-05-14", "matDo": 2200, "dienTichBanDau": 4.13, "soCayBanDau": 8562, "taiCanh": [{"dot": 1, "ngay": "2026-03-12", "giong": "UNI 126", "dienTich": 3.85, "soCay": 8460}], "dienTichHienHuu": 3.85, "soCayHienHuu": 8460, "trangThai": "Đã trồng", "phuTrach": "Nguyễn Tiến Mạnh", "maLo": "Cụm B1311346093", "ghiChu": "KTC đợt 1", "viTri": [12.642135, 108.451769], "dienTichBanDo": 4.71, "nguonRanhGioi": "pdf"}}, {"type": "Feature", "geometry": {"type": "Polygon", "coordinates": [[[108.453001, 12.640883], [108.453001, 12.644579], [108.452081, 12.644579], [108.452082, 12.640381], [108.452556, 12.640652], [108.453001, 12.640883]]]}, "properties": {"lo": 114, "loCu": ["14"], "cum": "B", "doi": "Đội 3", "nongTruong": "NT 2", "giong": "UNI 126", "ngayTrong": "2022-05-10", "matDo": 2200, "dienTichBanDau": 3.98, "soCayBanDau": 8397, "taiCanh": [{"dot": 1, "ngay": "2026-03-18", "giong": "UNI 126", "dienTich": 1.5, "soCay": 3298}, {"dot": 2, "ngay": "2026-09-08", "giong": "UNI 126", "dienTich": 1.57, "soCay": 3454}], "dienTichHienHuu": 3.07, "soCayHienHuu": 6752, "trangThai": "Đã trồng", "phuTrach": "Nguyễn Tiến Mạnh", "maLo": "Cụm B1411446273", "ghiChu": "KTC đợt 2", "viTri": [12.642507, 108.452541], "dienTichBanDo": 4.36, "nguonRanhGioi": "pdf"}}, {"type": "Feature", "geometry": {"type": "Point", "coordinates": [108.453463, 12.64394]}, "properties": {"lo": 115, "loCu": ["15"], "cum": "B", "doi": "Đội 3", "nongTruong": "NT 2", "giong": "UNI 126", "ngayTrong": "2022-05-12", "matDo": 2200, "dienTichBanDau": 0.97, "soCayBanDau": 2140, "taiCanh": [{"dot": 1, "ngay": "2026-09-21", "giong": "UNI 126", "dienTich": 0.98, "soCay": 2156}], "dienTichHienHuu": 0.98, "soCayHienHuu": 2156, "trangThai": "Đã trồng", "phuTrach": "Nguyễn Tiến Mạnh", "maLo": "Cụm B1511546286", "ghiChu": "KTC đợt 1", "viTri": [12.64394, 108.453463], "nguonRanhGioi": "nhan"}}, {"type": "Feature", "geometry": {"type": "Point", "coordinates": [108.454383, 12.64308]}, "properties": {"lo": 116, "loCu": ["16"], "cum": "B", "doi": "Đội 3", "nongTruong": "NT 2", "giong": "UNI 126", "ngayTrong": "2022-05-14", "matDo": 2200, "dienTichBanDau": 1.48, "soCayBanDau": 3032, "taiCanh": [{"dot": 1, "ngay": "2026-09-19", "giong": "UNI 126", "dienTich": 1.34, "soCay": 2946}], "dienTichHienHuu": 1.34, "soCayHienHuu": 2946, "trangThai": "Đã trồng", "phuTrach": "Nguyễn Tiến Mạnh", "maLo": "Cụm B1611646284", "ghiChu": "KTC đợt 1", "viTri": [12.64308, 108.454383], "nguonRanhGioi": "nhan"}}, {"type": "Feature", "geometry": {"type": "Polygon", "coordinates": [[[108.454845, 12.641225], [108.455765, 12.640791], [108.455765, 12.643655], [108.454845, 12.643654], [108.454845, 12.641225]]]}, "properties": {"lo": 117, "loCu": ["17"], "cum": "B", "doi": "Đội 3", "nongTruong": "NT 2", "giong": "UNI 126", "ngayTrong": "2022-05-17", "matDo": 2200, "dienTichBanDau": 2.47, "soCayBanDau": 5241, "taiCanh": [{"dot": 1, "ngay": "2026-09-18", "giong": "UNI 126", "dienTich": 2.24, "soCay": 4935}], "dienTichHienHuu": 2.24, "soCayHienHuu": 4935, "trangThai": "Đã trồng", "phuTrach": "Nguyễn Tiến Mạnh", "maLo": "Cụm B1711746283", "ghiChu": "KTC đợt 1", "viTri": [12.642137, 108.455305], "dienTichBanDo": 2.93, "nguonRanhGioi": "pdf"}}, {"type": "Feature", "geometry": {"type": "Point", "coordinates": [108.456285, 12.643429]}, "properties": {"lo": 118, "loCu": ["18"], "cum": "B", "doi": "Đội 3", "nongTruong": "NT 2", "giong": null, "ngayTrong": "2022-02-07", "matDo": 2160, "dienTichBanDau": 3.7, "soCayBanDau": 8200, "taiCanh": [], "dienTichHienHuu": 0, "soCayHienHuu": 0, "trangThai": "Chưa trồng", "phuTrach": "Nguyễn Tiến Mạnh", "maLo": "Cụm B18118", "ghiChu": "KTC đợt 1", "viTri": [12.643429, 108.456285], "nguonRanhGioi": "nhan"}}, {"type": "Feature", "geometry": {"type": "Point", "coordinates": [108.457129, 12.643475]}, "properties": {"lo": 119, "loCu": ["19"], "cum": "B", "doi": "Đội 3", "nongTruong": "NT 2", "giong": null, "ngayTrong": "2022-02-07", "matDo": 2160, "dienTichBanDau": 3.08, "soCayBanDau": 6785, "taiCanh": [], "dienTichHienHuu": 0, "soCayHienHuu": 0, "trangThai": "Chưa trồng", "phuTrach": "Nguyễn Tiến Mạnh", "maLo": "Cụm B19119", "ghiChu": "KTC đợt 1", "viTri": [12.643475, 108.457129], "nguonRanhGioi": "nhan"}}, {"type": "Feature", "geometry": {"type": "Polygon", "coordinates": [[[108.458524, 12.64458], [108.457604, 12.64458], [108.457605, 12.642019], [108.457739, 12.641987], [108.457855, 12.641919], [108.45788, 12.641876], [108.457905, 12.641752], [108.457905, 12.641723], [108.457982, 12.641471], [108.458083, 12.641375], [108.458174, 12.641254], [108.45825, 12.641179], [108.458297, 12.641076], [108.458318, 12.641044], [108.458438, 12.640905], [108.458449, 12.640873], [108.458463, 12.640859], [108.458456, 12.640823], [108.458369, 12.640791], [108.4583, 12.640798], [108.458242, 12.64087], [108.45817, 12.64093], [108.458108, 12.640962], [108.458054, 12.640966], [108.458061, 12.640991], [108.458043, 12.641055], [108.45804, 12.641151], [108.457989, 12.64125], [108.457974, 12.641371], [108.457949, 12.641425], [108.457924, 12.641457], [108.457855, 12.641513], [108.457771, 12.641553], [108.457717, 12.64157], [108.457608, 12.641556], [108.457605, 12.641553], [108.457605, 12.640475], [108.457735, 12.640436], [108.458413, 12.640304], [108.458525, 12.640286], [108.458524, 12.64458]]]}, "properties": {"lo": 120, "loCu": ["20"], "cum": "B", "doi": "Đội 3", "nongTruong": "NT 2", "giong": null, "ngayTrong": "2022-12-06", "matDo": 2160, "dienTichBanDau": 4.27, "soCayBanDau": 8729, "taiCanh": [], "dienTichHienHuu": 0, "soCayHienHuu": 0, "trangThai": "Chưa trồng", "phuTrach": "Nguyễn Tiến Mạnh", "maLo": "Cụm B20120", "ghiChu": "KTC đợt 1", "viTri": [12.642501, 108.458065], "dienTichBanDo": 4.33, "nguonRanhGioi": "pdf"}}, {"type": "Feature", "geometry": {"type": "Polygon", "coordinates": [[[108.459445, 12.640244], [108.459444, 12.64458], [108.459173, 12.64458], [108.459194, 12.644495], [108.45926, 12.644367], [108.459252, 12.64432], [108.459227, 12.644288], [108.459086, 12.644242], [108.45893, 12.644203], [108.458861, 12.644192], [108.458832, 12.644182], [108.458709, 12.644327], [108.458705, 12.644363], [108.45868, 12.64447], [108.458669, 12.644537], [108.458655, 12.64458], [108.458524, 12.64458], [108.458525, 12.640286], [108.458789, 12.640251], [108.459329, 12.640226], [108.459445, 12.640244]]]}, "properties": {"lo": 121, "loCu": ["21"], "cum": "B", "doi": "Đội 3", "nongTruong": "NT 2", "giong": null, "ngayTrong": "2022-10-06", "matDo": 2160, "dienTichBanDau": 3.8, "soCayBanDau": 7859, "taiCanh": [], "dienTichHienHuu": 0, "soCayHienHuu": 0, "trangThai": "Chưa trồng", "phuTrach": "Nguyễn Tiến Mạnh", "maLo": "Cụm B21121", "ghiChu": "KTC đợt 1", "viTri": [12.642319, 108.458985], "dienTichBanDo": 4.57, "nguonRanhGioi": "pdf"}}, {"type": "Feature", "geometry": {"type": "Polygon", "coordinates": [[[108.460364, 12.64458], [108.459444, 12.64458], [108.459445, 12.640244], [108.459463, 12.640251], [108.459699, 12.640272], [108.460075, 12.640272], [108.46034, 12.640201], [108.460365, 12.640173], [108.460364, 12.64458]]]}, "properties": {"lo": 122, "loCu": ["22"], "cum": "B", "doi": "Đội 3", "nongTruong": "NT 2", "giong": "UNI 126", "ngayTrong": "2022-05-26", "matDo": 2200, "dienTichBanDau": 4.32, "soCayBanDau": 9170, "taiCanh": [{"dot": 1, "ngay": "2026-01-27", "giong": "UNI 126", "dienTich": 0.53, "soCay": 1158}], "dienTichHienHuu": 0.53, "soCayHienHuu": 1158, "trangThai": "Đã trồng", "phuTrach": "Nguyễn Tiến Mạnh", "maLo": "Cụm B2212246049", "ghiChu": "KTC đợt 1", "viTri": [12.642319, 108.459905], "dienTichBanDo": 4.78, "nguonRanhGioi": "pdf"}}, {"type": "Feature", "geometry": {"type": "Polygon", "coordinates": [[[108.460364, 12.64458], [108.460365, 12.640173], [108.460401, 12.640141], [108.460756, 12.639963], [108.460977, 12.639749], [108.461093, 12.6397], [108.461158, 12.639653], [108.461158, 12.640322], [108.461285, 12.640568], [108.461284, 12.64458], [108.460364, 12.64458]]]}, "properties": {"lo": 123, "loCu": ["23"], "cum": "B", "doi": "Đội 3", "nongTruong": "NT 2", "giong": "UNI 126", "ngayTrong": "2022-05-18", "matDo": 2200, "dienTichBanDau": 4.71, "soCayBanDau": 10327, "taiCanh": [{"dot": 1, "ngay": "2026-01-27", "giong": "UNI 126", "dienTich": 2.98, "soCay": 6561}], "dienTichHienHuu": 2.98, "soCayHienHuu": 6561, "trangThai": "Đã trồng", "phuTrach": "Nguyễn Tiến Mạnh", "maLo": "Cụm B2312346049", "ghiChu": "KTC đợt 1", "viTri": [12.642574, 108.460825], "dienTichBanDo": 5.07, "nguonRanhGioi": "pdf"}}, {"type": "Feature", "geometry": {"type": "Polygon", "coordinates": [[[108.462588, 12.644456], [108.462537, 12.644584], [108.462422, 12.644581], [108.461284, 12.64458], [108.461285, 12.640603], [108.461278, 12.640603], [108.461336, 12.640593], [108.461372, 12.640667], [108.461459, 12.640802], [108.461502, 12.640884], [108.461506, 12.640909], [108.461513, 12.640916], [108.46156, 12.641016], [108.461549, 12.64103], [108.461549, 12.641069], [108.461571, 12.641158], [108.461593, 12.641183], [108.4616, 12.641219], [108.461625, 12.64124], [108.461705, 12.641261], [108.461777, 12.641311], [108.461872, 12.641358], [108.461922, 12.641418], [108.462038, 12.641603], [108.462118, 12.641699], [108.462201, 12.641774], [108.462263, 12.641859], [108.462288, 12.64198], [108.462223, 12.642087], [108.462205, 12.642108], [108.462118, 12.642254], [108.462081, 12.642268], [108.46202, 12.642346], [108.46202, 12.642364], [108.462045, 12.642482], [108.46211, 12.642581], [108.462121, 12.642663], [108.462136, 12.642709], [108.462139, 12.642748], [108.462139, 12.642816], [108.462089, 12.64299], [108.46211, 12.64309], [108.462103, 12.643133], [108.462161, 12.643282], [108.462161, 12.643407], [108.462132, 12.643485], [108.462107, 12.643627], [108.462117, 12.643748], [108.46211, 12.643837], [108.462114, 12.64388], [108.462117, 12.643869], [108.462175, 12.643887], [108.462262, 12.643901], [108.462338, 12.643894], [108.462433, 12.643919], [108.462523, 12.643912], [108.462516, 12.643958], [108.462494, 12.643972], [108.462483, 12.643994], [108.462523, 12.644036], [108.462527, 12.644075], [108.462523, 12.644079], [108.462519, 12.644154], [108.46253, 12.644175], [108.46253, 12.644214], [108.462538, 12.644243], [108.462567, 12.644271], [108.462545, 12.644324], [108.462559, 12.644353], [108.462588, 12.644456]]]}, "properties": {"lo": 124, "loCu": ["24"], "cum": "B", "doi": "Đội 3", "nongTruong": "NT 2", "giong": null, "ngayTrong": "2022-05-15", "matDo": 2160, "dienTichBanDau": 3.26, "soCayBanDau": 6599, "taiCanh": [], "dienTichHienHuu": 0, "soCayHienHuu": 0, "trangThai": "Chưa trồng", "phuTrach": "Nguyễn Tiến Mạnh", "maLo": "Cụm B24124", "ghiChu": "KTC đợt 1", "viTri": [12.642587, 108.461698], "dienTichBanDo": 3.8, "nguonRanhGioi": "pdf"}}, {"type": "Feature", "geometry": {"type": "Point", "coordinates": [108.463569, 12.641285]}, "properties": {"lo": 125, "loCu": ["25"], "cum": "B", "doi": "Đội 3", "nongTruong": "NT 2", "giong": "JUSTGEM", "ngayTrong": "2025-02-12", "matDo": 2200, "dienTichBanDau": 1.04, "soCayBanDau": 2285, "taiCanh": [], "dienTichHienHuu": 1.04, "soCayHienHuu": 2181, "trangThai": "Đã trồng", "phuTrach": "Nguyễn Tiến Mạnh", "maLo": "Cụm B2512545700", "viTri": [12.641285, 108.463569], "nguonRanhGioi": "nhan"}}, {"type": "Feature", "geometry": {"type": "Polygon", "coordinates": [[[108.46411, 12.640177], [108.464135, 12.640298], [108.464117, 12.640454], [108.464114, 12.640664], [108.464132, 12.640792], [108.464186, 12.640906], [108.464019, 12.640892], [108.461477, 12.640429], [108.461394, 12.64039], [108.461245, 12.640358], [108.461223, 12.640123], [108.461256, 12.639831], [108.461307, 12.639814], [108.461357, 12.639778], [108.461415, 12.639682], [108.461437, 12.639636], [108.461484, 12.639589], [108.461615, 12.639572], [108.461865, 12.639565], [108.462654, 12.639582], [108.462752, 12.63959], [108.462839, 12.639629], [108.462944, 12.639657], [108.462995, 12.639703], [108.463074, 12.639757], [108.46315, 12.639796], [108.463219, 12.639817], [108.463299, 12.639856], [108.463444, 12.639945], [108.463563, 12.640027], [108.463617, 12.64007], [108.463755, 12.640123], [108.463885, 12.640162], [108.46411, 12.640177]]]}, "properties": {"lo": 126, "loCu": ["26"], "cum": "B", "doi": "Đội 3", "nongTruong": "NT 2", "giong": "JUSTGEM", "ngayTrong": "2025-02-12", "matDo": 2200, "dienTichBanDau": 2.87, "soCayBanDau": 6310, "taiCanh": [], "dienTichHienHuu": 2.87, "soCayHienHuu": 6108, "trangThai": "Đã trồng", "phuTrach": "Nguyễn Tiến Mạnh", "maLo": "Cụm B2612645700", "viTri": [12.640237, 108.462678], "dienTichBanDo": 3.08, "nguonRanhGioi": "pdf"}}, {"type": "Feature", "geometry": {"type": "Polygon", "coordinates": [[[108.4613, 12.638351], [108.462205, 12.638298], [108.462763, 12.638288], [108.462781, 12.638412], [108.462774, 12.638501], [108.462788, 12.63865], [108.462824, 12.638747], [108.462857, 12.639109], [108.462886, 12.639294], [108.462875, 12.639497], [108.462708, 12.639483], [108.462603, 12.639451], [108.462013, 12.639429], [108.461379, 12.639483], [108.461263, 12.639461], [108.461227, 12.639344], [108.461238, 12.639017], [108.461292, 12.638366], [108.4613, 12.638351]]]}, "properties": {"lo": 127, "loCu": ["28"], "cum": "B", "doi": "Đội 3", "nongTruong": "NT 2", "giong": "JUSTGEM", "ngayTrong": "2024-11-01", "matDo": 2200, "dienTichBanDau": 1.81, "soCayBanDau": 3978, "taiCanh": [], "dienTichHienHuu": 1.81, "soCayHienHuu": 3860, "trangThai": "Đã trồng", "phuTrach": "Nguyễn Tiến Mạnh", "maLo": "Cụm B2812745597", "viTri": [12.638899, 108.462043], "dienTichBanDo": 2.16, "nguonRanhGioi": "pdf"}}, {"type": "Feature", "geometry": {"type": "Polygon", "coordinates": [[[108.461307, 12.638262], [108.461264, 12.638081], [108.461209, 12.637981], [108.461238, 12.637853], [108.46126, 12.637505], [108.461231, 12.63737], [108.461593, 12.637338], [108.462162, 12.637231], [108.462332, 12.63721], [108.46239, 12.637245], [108.462709, 12.637704], [108.462854, 12.637832], [108.462883, 12.637925], [108.462893, 12.637978], [108.462861, 12.638063], [108.462803, 12.638174], [108.462785, 12.638199], [108.462716, 12.638213], [108.461441, 12.638273], [108.461307, 12.638262]]]}, "properties": {"lo": 128, "loCu": ["27"], "cum": "B", "doi": "Đội 3", "nongTruong": "NT 2", "giong": "JUSTGEM", "ngayTrong": "2024-11-01", "matDo": 2200, "dienTichBanDau": 1.59, "soCayBanDau": 3491, "taiCanh": [], "dienTichHienHuu": 1.59, "soCayHienHuu": 3365, "trangThai": "Đã trồng", "phuTrach": "Nguyễn Tiến Mạnh", "maLo": "Cụm B2712845597", "viTri": [12.637725, 108.461989], "dienTichBanDo": 1.68, "nguonRanhGioi": "pdf"}}, {"type": "Feature", "geometry": {"type": "Point", "coordinates": [108.450414, 12.640012]}, "properties": {"lo": 130, "loCu": ["30"], "cum": "B", "doi": "Đội 3", "nongTruong": "NT 2", "giong": "UNI 126", "ngayTrong": "2022-05-24", "matDo": 2160, "dienTichBanDau": 1.15, "soCayBanDau": 2428, "taiCanh": [{"dot": 1, "ngay": "2026-09-10", "giong": "UNI 126", "dienTich": 1.07, "soCay": 2344}], "dienTichHienHuu": 1.07, "soCayHienHuu": 2344, "trangThai": "Đã trồng", "phuTrach": "Nguyễn Tiến Mạnh", "maLo": "Cụm B3013046275", "ghiChu": "KTC đợt 1", "viTri": [12.640012, 108.450414], "nguonRanhGioi": "nhan"}}, {"type": "Feature", "geometry": {"type": "Polygon", "coordinates": [[[108.455765, 12.640791], [108.454497, 12.641388], [108.454001, 12.641274], [108.453925, 12.641253], [108.453346, 12.641057], [108.452896, 12.64083], [108.452197, 12.640442], [108.452107, 12.640395], [108.452031, 12.640349], [108.455765, 12.64035], [108.455765, 12.640791]]]}, "properties": {"lo": 131, "loCu": ["31"], "cum": "B", "doi": "Đội 3", "nongTruong": "NT 2", "giong": "UNI 126", "ngayTrong": "2022-05-25", "matDo": 2160, "dienTichBanDau": 2.61, "soCayBanDau": 5335, "taiCanh": [{"dot": 1, "ngay": "2026-09-10", "giong": "UNI 126", "dienTich": 2.28, "soCay": 5015}], "dienTichHienHuu": 2.28, "soCayHienHuu": 5015, "trangThai": "Đã trồng", "phuTrach": "Nguyễn Tiến Mạnh", "maLo": "Cụm B3113146275", "ghiChu": "KTC đợt 1", "viTri": [12.640881, 108.454287], "dienTichBanDo": 2.93, "nguonRanhGioi": "pdf"}}, {"type": "Feature", "geometry": {"type": "Point", "coordinates": [108.456166, 12.640746]}, "properties": {"lo": 132, "loCu": ["32"], "cum": "B", "doi": "Đội 3", "nongTruong": "NT 2", "giong": "UNI 126", "ngayTrong": "2022-12-05", "matDo": 2200, "dienTichBanDau": 0.26, "soCayBanDau": 584, "taiCanh": [{"dot": 1, "ngay": "2026-09-18", "giong": "UNI 126", "dienTich": 0.28, "soCay": 610}], "dienTichHienHuu": 0.28, "soCayHienHuu": 610, "trangThai": "Đã trồng", "phuTrach": "Nguyễn Tiến Mạnh", "maLo": "Cụm B3213246283", "ghiChu": "KTC đợt 1", "viTri": [12.640746, 108.456166], "nguonRanhGioi": "nhan"}}, {"type": "Feature", "geometry": {"type": "Polygon", "coordinates": [[[108.455765, 12.64035], [108.452031, 12.640349], [108.451973, 12.640317], [108.451274, 12.639758], [108.451093, 12.639584], [108.455765, 12.639603], [108.455765, 12.64035]]]}, "properties": {"lo": 133, "loCu": ["33"], "cum": "B", "doi": "Đội 3", "nongTruong": "NT 2", "giong": "UNI 126", "ngayTrong": "2022-05-27", "matDo": 2160, "dienTichBanDau": 3.55, "soCayBanDau": 7541, "taiCanh": [{"dot": 1, "ngay": "2026-09-12", "giong": "UNI 126", "dienTich": 3.35, "soCay": 7365}], "dienTichHienHuu": 3.35, "soCayHienHuu": 7365, "trangThai": "Đã trồng", "phuTrach": "Nguyễn Tiến Mạnh", "maLo": "Cụm B3313346277", "ghiChu": "KTC đợt 1", "viTri": [12.640058, 108.453707], "dienTichBanDo": 3.83, "nguonRanhGioi": "pdf"}}, {"type": "Feature", "geometry": {"type": "Polygon", "coordinates": [[[108.455765, 12.64035], [108.455765, 12.639446], [108.461104, 12.639447], [108.461118, 12.639515], [108.4611, 12.639678], [108.460977, 12.639749], [108.460756, 12.639963], [108.460401, 12.640141], [108.46034, 12.640201], [108.460075, 12.640272], [108.459699, 12.640272], [108.459463, 12.640251], [108.459445, 12.640244], [108.459329, 12.640226], [108.458789, 12.640251], [108.458413, 12.640304], [108.458174, 12.64035], [108.455765, 12.64035]]]}, "properties": {"lo": 134, "loCu": ["34"], "cum": "B", "doi": "Đội 3", "nongTruong": "NT 2", "giong": "UNI 126", "ngayTrong": "2022-08-05", "matDo": 2200, "dienTichBanDau": 4.61, "soCayBanDau": 9598, "taiCanh": [{"dot": 1, "ngay": "2026-03-30", "giong": "UNI 126", "dienTich": 0.49, "soCay": 1080}, {"dot": 2, "ngay": "2026-09-18", "giong": "UNI 126", "dienTich": 3.73, "soCay": 8201}], "dienTichHienHuu": 4.22, "soCayHienHuu": 9281, "trangThai": "Đã trồng", "phuTrach": "Nguyễn Tiến Mạnh", "maLo": "Cụm B3413446283", "ghiChu": "KTC đợt 2", "viTri": [12.639866, 108.45831], "dienTichBanDo": 5.2, "nguonRanhGioi": "pdf"}}, {"type": "Feature", "geometry": {"type": "Point", "coordinates": [108.451371, 12.639073]}, "properties": {"lo": 135, "loCu": ["35"], "cum": "B", "doi": "Đội 3", "nongTruong": "NT 3", "giong": "UNI 126", "ngayTrong": "2022-10-13", "matDo": 2200, "dienTichBanDau": 4.68, "soCayBanDau": 10189, "taiCanh": [{"dot": 1, "ngay": "2026-09-15", "giong": "UNI 126", "dienTich": 4.94, "soCay": 10871}], "dienTichHienHuu": 4.94, "soCayHienHuu": 10871, "trangThai": "Đã trồng", "phuTrach": "Nguyễn Tiến Mạnh", "maLo": "Cụm B3513546280", "ghiChu": "KTC đợt 1", "viTri": [12.639073, 108.451371], "nguonRanhGioi": "nhan"}}, {"type": "Feature", "geometry": {"type": "Point", "coordinates": [108.455043, 12.639188]}, "properties": {"lo": 136, "loCu": ["36"], "cum": "B", "doi": "Đội 3", "nongTruong": "NT 3", "giong": null, "ngayTrong": "2022-08-27", "matDo": 2200, "dienTichBanDau": 2.38, "soCayBanDau": 5216, "taiCanh": [], "dienTichHienHuu": 0, "soCayHienHuu": 0, "trangThai": "Chưa trồng", "phuTrach": "Nguyễn Tiến Mạnh", "maLo": "Cụm B36136", "ghiChu": "KTC đợt 1", "viTri": [12.639188, 108.455043], "nguonRanhGioi": "nhan"}}, {"type": "Feature", "geometry": {"type": "Point", "coordinates": [108.458484, 12.639075]}, "properties": {"lo": 137, "loCu": ["37"], "cum": "B", "doi": "Đội 3", "nongTruong": "NT 3", "giong": null, "ngayTrong": "2022-07-22", "matDo": 2200, "dienTichBanDau": 5.88, "soCayBanDau": 12845, "taiCanh": [], "dienTichHienHuu": 0, "soCayHienHuu": 0, "trangThai": "Chưa trồng", "phuTrach": "Nguyễn Tiến Mạnh", "maLo": "Cụm B37137", "ghiChu": "KTC đợt 1", "viTri": [12.639075, 108.458484], "nguonRanhGioi": "nhan"}}, {"type": "Feature", "geometry": {"type": "Polygon", "coordinates": [[[108.453781, 12.637649], [108.453781, 12.638347], [108.44896, 12.638346], [108.44896, 12.637254], [108.453618, 12.637255], [108.453614, 12.637279], [108.453658, 12.637443], [108.453766, 12.637635], [108.453781, 12.637649]]]}, "properties": {"lo": 138, "loCu": ["38"], "cum": "B", "doi": "Đội 3", "nongTruong": "NT 3", "giong": null, "ngayTrong": "2022-11-01", "matDo": 2200, "dienTichBanDau": 5.42, "soCayBanDau": 11825, "taiCanh": [], "dienTichHienHuu": 0, "soCayHienHuu": 0, "trangThai": "Chưa trồng", "phuTrach": "Nguyễn Tiến Mạnh", "maLo": "Cụm B38138", "ghiChu": "KTC đợt 1", "viTri": [12.637998, 108.45137], "dienTichBanDo": 6.28, "nguonRanhGioi": "pdf"}}, {"type": "Feature", "geometry": {"type": "Point", "coordinates": [108.453986, 12.638174]}, "properties": {"lo": 139, "loCu": ["39"], "cum": "B", "doi": "Đội 3", "nongTruong": "NT 3", "giong": null, "ngayTrong": "2022-09-07", "matDo": 2200, "dienTichBanDau": 2.01, "soCayBanDau": 4376, "taiCanh": [], "dienTichHienHuu": 0, "soCayHienHuu": 0, "trangThai": "Chưa trồng", "phuTrach": "Nguyễn Tiến Mạnh", "maLo": "Cụm B39139", "ghiChu": "KTC đợt 1", "viTri": [12.638174, 108.453986], "nguonRanhGioi": "nhan"}}, {"type": "Feature", "geometry": {"type": "Polygon", "coordinates": [[[108.46042, 12.637263], [108.460441, 12.637266], [108.460438, 12.63727], [108.460547, 12.637295], [108.460568, 12.637327], [108.460604, 12.63733], [108.460652, 12.637355], [108.460833, 12.637405], [108.460854, 12.637458], [108.460847, 12.63749], [108.460876, 12.637608], [108.461003, 12.638003], [108.461075, 12.638042], [108.461115, 12.638035], [108.461158, 12.638081], [108.461191, 12.638131], [108.461206, 12.638177], [108.461206, 12.638273], [108.461198, 12.638298], [108.461202, 12.638348], [108.459945, 12.638348], [108.459941, 12.638341], [108.459916, 12.638326], [108.459851, 12.638337], [108.459844, 12.638348], [108.457232, 12.638347], [108.457189, 12.638319], [108.45716, 12.638322], [108.457127, 12.638312], [108.457069, 12.63828], [108.457058, 12.638219], [108.457037, 12.638198], [108.457008, 12.63818], [108.456982, 12.638173], [108.456961, 12.638148], [108.456924, 12.638091], [108.456903, 12.638073], [108.456874, 12.638052], [108.456819, 12.638031], [108.456798, 12.637967], [108.456733, 12.637942], [108.45666, 12.637942], [108.456653, 12.637917], [108.456736, 12.637838], [108.456888, 12.637821], [108.457026, 12.637757], [108.457073, 12.637689], [108.457088, 12.637646], [108.457366, 12.637554], [108.457432, 12.637461], [108.457497, 12.637408], [108.457569, 12.637362], [108.457635, 12.637273], [108.457696, 12.637262], [108.46042, 12.637263]]]}, "properties": {"lo": 140, "loCu": ["40"], "cum": "B", "doi": "Đội 3", "nongTruong": "NT 3", "giong": null, "ngayTrong": "2022-07-28", "matDo": 2200, "dienTichBanDau": 5.86, "soCayBanDau": 12839, "taiCanh": [], "dienTichHienHuu": 0, "soCayHienHuu": 0, "trangThai": "Chưa trồng", "phuTrach": "Nguyễn Tiến Mạnh", "maLo": "Cụm B40140", "ghiChu": "KTC đợt 1", "viTri": [12.637789, 108.458945], "dienTichBanDo": 5.01, "nguonRanhGioi": "pdf"}}, {"type": "Feature", "geometry": {"type": "Point", "coordinates": [108.451371, 12.636889]}, "properties": {"lo": 141, "loCu": ["41"], "cum": "B", "doi": "Đội 3", "nongTruong": "NT 3", "giong": null, "ngayTrong": "2022-10-26", "matDo": 2200, "dienTichBanDau": 3.97, "soCayBanDau": 8549, "taiCanh": [], "dienTichHienHuu": 0, "soCayHienHuu": 0, "trangThai": "Chưa trồng", "phuTrach": "Nguyễn Tiến Mạnh", "maLo": "Cụm B41141", "ghiChu": "KTC đợt 1", "viTri": [12.636889, 108.451371], "nguonRanhGioi": "nhan"}}, {"type": "Feature", "geometry": {"type": "Polygon", "coordinates": [[[108.455766, 12.637262], [108.453839, 12.637262], [108.453781, 12.637173], [108.453781, 12.636824], [108.453788, 12.63681], [108.453882, 12.63671], [108.453824, 12.636522], [108.453933, 12.636383], [108.453977, 12.636344], [108.454024, 12.636315], [108.454042, 12.636198], [108.454078, 12.636187], [108.454082, 12.636177], [108.455766, 12.636177], [108.455766, 12.637262]]]}, "properties": {"lo": 142, "loCu": ["42"], "cum": "B", "doi": "Đội 3", "nongTruong": "NT 3", "giong": null, "ngayTrong": "2022-09-05", "matDo": 2200, "dienTichBanDau": 2.07, "soCayBanDau": 4493, "taiCanh": [], "dienTichHienHuu": 0, "soCayHienHuu": 0, "trangThai": "Chưa trồng", "phuTrach": "Nguyễn Tiến Mạnh", "maLo": "Cụm B42142", "ghiChu": "KTC đợt 1", "viTri": [12.63676, 108.4548], "dienTichBanDo": 2.49, "nguonRanhGioi": "pdf"}}, {"type": "Feature", "geometry": {"type": "Polygon", "coordinates": [[[108.46042, 12.637263], [108.455766, 12.637262], [108.455766, 12.636177], [108.459757, 12.636178], [108.459851, 12.636341], [108.459891, 12.636356], [108.459949, 12.636444], [108.459996, 12.636444], [108.460094, 12.636612], [108.460326, 12.636758], [108.460333, 12.636754], [108.460344, 12.636772], [108.460358, 12.636779], [108.460355, 12.63679], [108.460358, 12.63679], [108.460365, 12.636843], [108.460355, 12.636893], [108.460362, 12.63695], [108.460376, 12.637049], [108.460391, 12.637103], [108.460398, 12.637181], [108.46042, 12.637263]]]}, "properties": {"lo": 143, "loCu": ["43"], "cum": "B", "doi": "Đội 3", "nongTruong": "NT 3", "giong": null, "ngayTrong": "2022-07-30", "matDo": 2200, "dienTichBanDau": 5.05, "soCayBanDau": 11041, "taiCanh": [], "dienTichHienHuu": 0, "soCayHienHuu": 0, "trangThai": "Chưa trồng", "phuTrach": "Nguyễn Tiến Mạnh", "maLo": "Cụm B43143", "ghiChu": "KTC đợt 1", "viTri": [12.636682, 108.457986], "dienTichBanDo": 5.75, "nguonRanhGioi": "pdf"}}, {"type": "Feature", "geometry": {"type": "Polygon", "coordinates": [[[108.448961, 12.634934], [108.448968, 12.634931], [108.449044, 12.634835], [108.449221, 12.634732], [108.449442, 12.63465], [108.450033, 12.634703], [108.450232, 12.634746], [108.450453, 12.634732], [108.450572, 12.634817], [108.450982, 12.635034], [108.451126, 12.63512], [108.451224, 12.635109], [108.451293, 12.635059], [108.451326, 12.635045], [108.451387, 12.635091], [108.451485, 12.635234], [108.451507, 12.635433], [108.451557, 12.635458], [108.451612, 12.635518], [108.451604, 12.635539], [108.451637, 12.635604], [108.45184, 12.635547], [108.451905, 12.635586], [108.452039, 12.635682], [108.452097, 12.635693], [108.452151, 12.635693], [108.45222, 12.635703], [108.452296, 12.635689], [108.45235, 12.635657], [108.45247, 12.635625], [108.452626, 12.635607], [108.452698, 12.635525], [108.452702, 12.635483], [108.452673, 12.635344], [108.452698, 12.635209], [108.452894, 12.635269], [108.453089, 12.635287], [108.453147, 12.635376], [108.453136, 12.635412], [108.453249, 12.635458], [108.453372, 12.635462], [108.453433, 12.635533], [108.453538, 12.635568], [108.453644, 12.635611], [108.453676, 12.635639], [108.453647, 12.635679], [108.453665, 12.635718], [108.453781, 12.635718], [108.453781, 12.635924], [108.453774, 12.635928], [108.453781, 12.635963], [108.453781, 12.636177], [108.44896, 12.636176], [108.448961, 12.634934]]]}, "properties": {"lo": 144, "loCu": ["44"], "cum": "B", "doi": "Đội 3", "nongTruong": "NT 3", "giong": null, "ngayTrong": "2022-08-27", "matDo": 2200, "dienTichBanDau": 6.78, "soCayBanDau": 14398, "taiCanh": [], "dienTichHienHuu": 0, "soCayHienHuu": 0, "trangThai": "Chưa trồng", "phuTrach": "Nguyễn Tiến Mạnh", "maLo": "Cụm B44144", "ghiChu": "KTC đợt 1", "viTri": [12.635422, 108.450233], "dienTichBanDo": 5.88, "nguonRanhGioi": "pdf"}}, {"type": "Feature", "geometry": {"type": "Polygon", "coordinates": [[[108.455766, 12.636177], [108.454082, 12.636177], [108.454151, 12.63597], [108.454017, 12.635753], [108.453962, 12.635718], [108.453821, 12.635529], [108.453785, 12.635504], [108.453785, 12.635088], [108.455766, 12.635088], [108.455766, 12.636177]]]}, "properties": {"lo": 145, "loCu": ["45"], "cum": "B", "doi": "Đội 3", "nongTruong": "NT 3", "giong": null, "ngayTrong": "2022-07-31", "matDo": 2200, "dienTichBanDau": 2.14, "soCayBanDau": 4686, "taiCanh": [], "dienTichHienHuu": 0, "soCayHienHuu": 0, "trangThai": "Chưa trồng", "phuTrach": "Nguyễn Tiến Mạnh", "maLo": "Cụm B45145", "ghiChu": "KTC đợt 1", "viTri": [12.635634, 108.454832], "dienTichBanDo": 2.4, "nguonRanhGioi": "pdf"}}, {"type": "Feature", "geometry": {"type": "Polygon", "coordinates": [[[108.459757, 12.636178], [108.455766, 12.636177], [108.455766, 12.635088], [108.457805, 12.635089], [108.458088, 12.635434], [108.45841, 12.635882], [108.458417, 12.635882], [108.458442, 12.635925], [108.458895, 12.635783], [108.459094, 12.635747], [108.459323, 12.635797], [108.459515, 12.635868], [108.459616, 12.636032], [108.459703, 12.636021], [108.459692, 12.636053], [108.459728, 12.636103], [108.459743, 12.63616], [108.459757, 12.636178]]]}, "properties": {"lo": 146, "loCu": ["46"], "cum": "B", "doi": "Đội 3", "nongTruong": "NT 3", "giong": "UNI 126", "ngayTrong": "2022-07-31", "matDo": 2200, "dienTichBanDau": 3.19, "soCayBanDau": 6989, "taiCanh": [{"dot": 1, "ngay": "2026-01-27", "giong": "UNI 126", "dienTich": 3.18, "soCay": 7000}], "dienTichHienHuu": 3.18, "soCayHienHuu": 7000, "trangThai": "Đã trồng", "phuTrach": "Nguyễn Tiến Mạnh", "maLo": "Cụm B4614646049", "ghiChu": "KTC đợt 1", "viTri": [12.635631, 108.456997], "dienTichBanDo": 3.7, "nguonRanhGioi": "pdf"}}, {"type": "Feature", "geometry": {"type": "Polygon", "coordinates": [[[108.449982, 12.633889], [108.453781, 12.633889], [108.453781, 12.635497], [108.45377, 12.635433], [108.453741, 12.635408], [108.453752, 12.635312], [108.453763, 12.635294], [108.453727, 12.635177], [108.453568, 12.635109], [108.453394, 12.635095], [108.453325, 12.635081], [108.45318, 12.634953], [108.45305, 12.634814], [108.452937, 12.634782], [108.452854, 12.634946], [108.452474, 12.634967], [108.452256, 12.63497], [108.452108, 12.634945], [108.451927, 12.634949], [108.451818, 12.634981], [108.451742, 12.634988], [108.451706, 12.635006], [108.451601, 12.634924], [108.451539, 12.634917], [108.451525, 12.634888], [108.451474, 12.634874], [108.451355, 12.634899], [108.451271, 12.634892], [108.451199, 12.634835], [108.451126, 12.634817], [108.451105, 12.634782], [108.451105, 12.634757], [108.451148, 12.634696], [108.451043, 12.6346], [108.450804, 12.634518], [108.45067, 12.634465], [108.450594, 12.634458], [108.450522, 12.63444], [108.450438, 12.634444], [108.450341, 12.634458], [108.450214, 12.6345], [108.45017, 12.6345], [108.450102, 12.634529], [108.450047, 12.634515], [108.449942, 12.634472], [108.449866, 12.634454], [108.449754, 12.634447], [108.449605, 12.634397], [108.449555, 12.634376], [108.449497, 12.634365], [108.449359, 12.634372], [108.449301, 12.634404], [108.449218, 12.634436], [108.449156, 12.634468], [108.449135, 12.634518], [108.449127, 12.634561], [108.449091, 12.634596], [108.449048, 12.634621], [108.448993, 12.634643], [108.448961, 12.634635], [108.448961, 12.634596], [108.449337, 12.634109], [108.449982, 12.633889]]]}, "properties": {"lo": 147, "loCu": ["47"], "cum": "B", "doi": "Đội 3", "nongTruong": "NT 3", "giong": null, "ngayTrong": "2022-10-10", "matDo": 2200, "dienTichBanDau": 4.39, "soCayBanDau": 9664, "taiCanh": [], "dienTichHienHuu": 0, "soCayHienHuu": 0, "trangThai": "Chưa trồng", "phuTrach": "Nguyễn Tiến Mạnh", "maLo": "Cụm B47147", "ghiChu": "KTC đợt 1", "viTri": [12.63467, 108.45245], "dienTichBanDo": 4.69, "nguonRanhGioi": "pdf"}}, {"type": "Feature", "geometry": {"type": "Polygon", "coordinates": [[[108.455766, 12.635088], [108.453785, 12.635088], [108.453781, 12.634003], [108.455766, 12.634003], [108.455766, 12.635088]]]}, "properties": {"lo": 148, "loCu": ["48"], "cum": "B", "doi": "Đội 3", "nongTruong": "NT 3", "giong": null, "ngayTrong": "2022-08-10", "matDo": 2200, "dienTichBanDau": 2.18, "soCayBanDau": 4778, "taiCanh": [], "dienTichHienHuu": 0, "soCayHienHuu": 0, "trangThai": "Chưa trồng", "phuTrach": "Nguyễn Tiến Mạnh", "maLo": "Cụm B48148", "ghiChu": "KTC đợt 1", "viTri": [12.634546, 108.454775], "dienTichBanDo": 2.59, "nguonRanhGioi": "pdf"}}, {"type": "Feature", "geometry": {"type": "Polygon", "coordinates": [[[108.455766, 12.634003], [108.457295, 12.634004], [108.457371, 12.634039], [108.457436, 12.634132], [108.45749, 12.634253], [108.457515, 12.634352], [108.457523, 12.634434], [108.457631, 12.634694], [108.457671, 12.634843], [108.457762, 12.634925], [108.457773, 12.634954], [108.45774, 12.635007], [108.457736, 12.635039], [108.457773, 12.63505], [108.457805, 12.635089], [108.455766, 12.635088], [108.455766, 12.634003]]]}, "properties": {"lo": 149, "loCu": ["49"], "cum": "B", "doi": "Đội 3", "nongTruong": "NT 3", "giong": "UNI 126", "ngayTrong": "2022-08-09", "matDo": 2200, "dienTichBanDau": 2.12, "soCayBanDau": 4647, "taiCanh": [{"dot": 1, "ngay": "2026-03-09", "giong": "UNI 126", "dienTich": 2.03, "soCay": 4471}], "dienTichHienHuu": 2.03, "soCayHienHuu": 4471, "trangThai": "Đã trồng", "phuTrach": "Nguyễn Tiến Mạnh", "maLo": "Cụm B4914946090", "ghiChu": "KTC đợt 1", "viTri": [12.634598, 108.456679], "dienTichBanDo": 2.36, "nguonRanhGioi": "pdf"}}, {"type": "Feature", "geometry": {"type": "Point", "coordinates": [108.450872, 12.633495]}, "properties": {"lo": 150, "loCu": ["50"], "cum": "B", "doi": "Đội 3", "nongTruong": "NT 3", "giong": null, "ngayTrong": "2022-09-17", "matDo": 2200, "dienTichBanDau": 4.95, "soCayBanDau": 10835, "taiCanh": [], "dienTichHienHuu": 0, "soCayHienHuu": 0, "trangThai": "Chưa trồng", "phuTrach": "Nguyễn Tiến Mạnh", "maLo": "Cụm B50150", "ghiChu": "KTC đợt 1", "viTri": [12.633495, 108.450872], "nguonRanhGioi": "nhan"}}, {"type": "Feature", "geometry": {"type": "Polygon", "coordinates": [[[108.457295, 12.634004], [108.453781, 12.634003], [108.453782, 12.632918], [108.456632, 12.632919], [108.456646, 12.632961], [108.45665, 12.632997], [108.456672, 12.633082], [108.45669, 12.6332], [108.45669, 12.633232], [108.456701, 12.633271], [108.456741, 12.633331], [108.456867, 12.633477], [108.456878, 12.633523], [108.456922, 12.633587], [108.456976, 12.633584], [108.457038, 12.63374], [108.457099, 12.633844], [108.457128, 12.633879], [108.45711, 12.633897], [108.457146, 12.633929], [108.457146, 12.63394], [108.457295, 12.634004]]]}, "properties": {"lo": 151, "loCu": ["51"], "cum": "B", "doi": "Đội 3", "nongTruong": "NT 3", "giong": "UNI 126", "ngayTrong": "2022-08-11", "matDo": 2200, "dienTichBanDau": 3.28, "soCayBanDau": 7203, "taiCanh": [{"dot": 1, "ngay": "2026-03-09", "giong": "UNI 126", "dienTich": 3.23, "soCay": 7103}], "dienTichHienHuu": 3.23, "soCayHienHuu": 7103, "trangThai": "Đã trồng", "phuTrach": "Nguyễn Tiến Mạnh", "maLo": "Cụm B5115146090", "ghiChu": "KTC đợt 1", "viTri": [12.633459, 108.455316], "dienTichBanDo": 4.03, "nguonRanhGioi": "pdf"}}, {"type": "Feature", "geometry": {"type": "Polygon", "coordinates": [[[108.448961, 12.632764], [108.448961, 12.631832], [108.453782, 12.631833], [108.453782, 12.631904], [108.453398, 12.632064], [108.452561, 12.632438], [108.451782, 12.632765], [108.448961, 12.632764]]]}, "properties": {"lo": 152, "loCu": ["52"], "cum": "B", "doi": "Đội 3", "nongTruong": "NT 3", "giong": "UNI 126", "ngayTrong": "2022-08-14", "matDo": 2200, "dienTichBanDau": 4.05, "soCayBanDau": 8811, "taiCanh": [{"dot": 1, "ngay": "2026-03-14", "giong": "UNI 126", "dienTich": 3.69, "soCay": 8120}], "dienTichHienHuu": 3.69, "soCayHienHuu": 8120, "trangThai": "Đã trồng", "phuTrach": "Nguyễn Tiến Mạnh", "maLo": "Cụm B5215246095", "ghiChu": "KTC đợt 1", "viTri": [12.632251, 108.45097], "dienTichBanDo": 4.37, "nguonRanhGioi": "pdf"}}, {"type": "Feature", "geometry": {"type": "Polygon", "coordinates": [[[108.453782, 12.632456], [108.454387, 12.632246], [108.454636, 12.63231], [108.455372, 12.632278], [108.455368, 12.6322], [108.455336, 12.6322], [108.45548, 12.632161], [108.455604, 12.632143], [108.455661, 12.632139], [108.455777, 12.632154], [108.45577, 12.632139], [108.455879, 12.632161], [108.456013, 12.632175], [108.456053, 12.632186], [108.456183, 12.63225], [108.456248, 12.632332], [108.456288, 12.632413], [108.456422, 12.632577], [108.456498, 12.632684], [108.45657, 12.632762], [108.456578, 12.632776], [108.456618, 12.632822], [108.456599, 12.632826], [108.456614, 12.632855], [108.456632, 12.632919], [108.453782, 12.632918], [108.453782, 12.632456]]]}, "properties": {"lo": 153, "loCu": ["53"], "cum": "B", "doi": "Đội 3", "nongTruong": "NT 3", "giong": null, "ngayTrong": "2022-08-20", "matDo": 2200, "dienTichBanDau": 1.67, "soCayBanDau": 3663, "taiCanh": [], "dienTichHienHuu": 0, "soCayHienHuu": 0, "trangThai": "Chưa trồng", "phuTrach": "Nguyễn Tiến Mạnh", "maLo": "Cụm B53153", "ghiChu": "KTC đợt 1", "viTri": [12.632532, 108.455084], "dienTichBanDo": 2.08, "nguonRanhGioi": "pdf"}}, {"type": "Feature", "geometry": {"type": "Polygon", "coordinates": [[[108.448961, 12.631099], [108.449247, 12.631178], [108.449396, 12.631188], [108.449544, 12.631185], [108.449711, 12.631188], [108.449802, 12.631203], [108.449946, 12.631217], [108.450059, 12.631217], [108.450117, 12.631178], [108.450153, 12.631178], [108.450309, 12.631114], [108.450374, 12.6311], [108.450501, 12.631085], [108.450584, 12.631043], [108.45066, 12.630972], [108.450689, 12.630972], [108.45079, 12.630929], [108.450903, 12.630865], [108.450957, 12.630815], [108.451055, 12.630751], [108.451073, 12.630748], [108.454354, 12.630748], [108.454318, 12.630994], [108.454285, 12.631275], [108.454202, 12.63126], [108.454151, 12.631463], [108.454155, 12.631748], [108.453952, 12.631833], [108.448961, 12.631832], [108.448961, 12.631099]]]}, "properties": {"lo": 154, "loCu": ["54"], "cum": "B", "doi": "Đội 3", "nongTruong": "NT 3", "giong": "UNI 126", "ngayTrong": "2022-08-17", "matDo": 2200, "dienTichBanDau": 5.42, "soCayBanDau": 11877, "taiCanh": [{"dot": 1, "ngay": "2026-03-15", "giong": "UNI 126", "dienTich": 5.32, "soCay": 11705}], "dienTichHienHuu": 5.32, "soCayHienHuu": 11705, "trangThai": "Đã trồng", "phuTrach": "Nguyễn Tiến Mạnh", "maLo": "Cụm B5415446096", "ghiChu": "KTC đợt 1", "viTri": [12.631368, 108.451568], "dienTichBanDo": 5.97, "nguonRanhGioi": "pdf"}}, {"type": "Feature", "geometry": {"type": "Polygon", "coordinates": [[[108.454296, 12.629834], [108.454351, 12.629894], [108.454376, 12.630033], [108.454401, 12.630218], [108.454405, 12.630378], [108.454372, 12.630488], [108.454354, 12.63062], [108.454354, 12.630748], [108.451073, 12.630748], [108.451131, 12.630737], [108.45116, 12.630723], [108.4512, 12.630676], [108.451225, 12.630676], [108.451254, 12.630652], [108.451276, 12.630648], [108.451399, 12.630573], [108.451421, 12.63058], [108.451457, 12.630552], [108.45158, 12.630524], [108.451609, 12.630467], [108.451638, 12.630456], [108.451725, 12.630403], [108.451837, 12.630186], [108.45212, 12.629954], [108.452301, 12.629834], [108.454296, 12.629834]]]}, "properties": {"lo": 155, "loCu": ["55"], "cum": "B", "doi": "Đội 3", "nongTruong": "NT 3", "giong": null, "ngayTrong": "2022-08-19", "matDo": 2200, "dienTichBanDau": 2.5, "soCayBanDau": 5481, "taiCanh": [], "dienTichHienHuu": 0, "soCayHienHuu": 0, "trangThai": "Chưa trồng", "phuTrach": "Nguyễn Tiến Mạnh", "maLo": "Cụm B55155", "ghiChu": "KTC đợt 1", "viTri": [12.630298, 108.453091], "dienTichBanDo": 2.88, "nguonRanhGioi": "pdf"}}, {"type": "Feature", "geometry": {"type": "Point", "coordinates": [108.453299, 12.629728]}, "properties": {"lo": 156, "loCu": ["56"], "cum": "B", "doi": "Đội 3", "nongTruong": "NT 3", "giong": null, "ngayTrong": "2022-08-20", "matDo": 2200, "dienTichBanDau": 0.5, "soCayBanDau": 1570, "taiCanh": [], "dienTichHienHuu": 0, "soCayHienHuu": 0, "trangThai": "Chưa trồng", "phuTrach": "Nguyễn Tiến Mạnh", "maLo": "Cụm B56156", "ghiChu": "KTC đợt 1", "viTri": [12.629728, 108.453299], "nguonRanhGioi": "nhan"}}, {"type": "Feature", "geometry": {"type": "Polygon", "coordinates": [[[108.44787, 12.639004], [108.447605, 12.638879], [108.447211, 12.638324], [108.447062, 12.638196], [108.44787, 12.637335], [108.44787, 12.639004]]]}, "properties": {"lo": 157, "loCu": ["57"], "cum": "B", "doi": "Đội 3", "nongTruong": "NT 3", "giong": "UNI 126", "ngayTrong": "2022-10-07", "matDo": 2200, "dienTichBanDau": 0.69, "soCayBanDau": 1489, "taiCanh": [{"dot": 1, "ngay": "2026-09-15", "giong": "UNI 126", "dienTich": 0.66, "soCay": 1444}], "dienTichHienHuu": 0.66, "soCayHienHuu": 1444, "trangThai": "Đã trồng", "phuTrach": "Nguyễn Tiến Mạnh", "maLo": "Cụm B5715746280", "ghiChu": "KTC đợt 1", "viTri": [12.638178, 108.447475], "dienTichBanDo": 0.86, "nguonRanhGioi": "pdf"}}, {"type": "Feature", "geometry": {"type": "Point", "coordinates": [108.448329, 12.637191]}, "properties": {"lo": 158, "loCu": ["58"], "cum": "B", "doi": "Đội 3", "nongTruong": "NT 3", "giong": "UNI 126", "ngayTrong": "2022-10-01", "matDo": 2200, "dienTichBanDau": 2.95, "soCayBanDau": 6468, "taiCanh": [{"dot": 1, "ngay": "2026-01-27", "giong": "UNI 126", "dienTich": 1.82, "soCay": 4009}, {"dot": 2, "ngay": "2026-09-08", "giong": "UNI 126", "dienTich": 1.33, "soCay": 2918}], "dienTichHienHuu": 3.15, "soCayHienHuu": 6927, "trangThai": "Đã trồng", "phuTrach": "Nguyễn Tiến Mạnh", "maLo": "Cụm B5815846273", "ghiChu": "KTC đợt 2", "viTri": [12.637191, 108.448329], "nguonRanhGioi": "nhan"}}, {"type": "Feature", "geometry": {"type": "Point", "coordinates": [108.446181, 12.63478]}, "properties": {"lo": 161, "loCu": ["61"], "cum": "B", "doi": "Đội 3", "nongTruong": "NT 3", "giong": null, "ngayTrong": "2022-09-11", "matDo": 2200, "dienTichBanDau": 3.41, "soCayBanDau": 7482, "taiCanh": [], "dienTichHienHuu": 0, "soCayHienHuu": 0, "trangThai": "Chưa trồng", "phuTrach": "Nguyễn Tiến Mạnh", "maLo": "Cụm B61161", "ghiChu": "KTC đợt 1", "viTri": [12.63478, 108.446181], "nguonRanhGioi": "nhan"}}, {"type": "Feature", "geometry": {"type": "Point", "coordinates": [108.447322, 12.634674]}, "properties": {"lo": 162, "loCu": ["62"], "cum": "B", "doi": "Đội 3", "nongTruong": "NT 3", "giong": null, "ngayTrong": "2022-09-10", "matDo": 2200, "dienTichBanDau": 3.12, "soCayBanDau": 6834, "taiCanh": [], "dienTichHienHuu": 0, "soCayHienHuu": 0, "trangThai": "Chưa trồng", "phuTrach": "Nguyễn Tiến Mạnh", "maLo": "Cụm B62162", "ghiChu": "KTC đợt 1", "viTri": [12.634674, 108.447322], "nguonRanhGioi": "nhan"}}, {"type": "Feature", "geometry": {"type": "Point", "coordinates": [108.448416, 12.634066]}, "properties": {"lo": 163, "loCu": ["63"], "cum": "B", "doi": "Đội 3", "nongTruong": "NT 3", "giong": null, "ngayTrong": "2022-09-09", "matDo": 2200, "dienTichBanDau": 2.26, "soCayBanDau": 4960, "taiCanh": [], "dienTichHienHuu": 0, "soCayHienHuu": 0, "trangThai": "Chưa trồng", "phuTrach": "Nguyễn Tiến Mạnh", "maLo": "Cụm B63163", "ghiChu": "KTC đợt 1", "viTri": [12.634066, 108.448416], "nguonRanhGioi": "nhan"}}, {"type": "Feature", "geometry": {"type": "Point", "coordinates": [108.476779, 12.631037]}, "properties": {"lo": 164, "loCu": ["1"], "cum": "B", "doi": "Đội 5", "nongTruong": "NT 5", "giong": "JUSTGEM", "ngayTrong": "2024-04-21", "matDo": 2000, "dienTichBanDau": 1.77, "soCayBanDau": 3354, "taiCanh": [], "dienTichHienHuu": 1.77, "soCayHienHuu": 3214, "trangThai": "Đã trồng", "phuTrach": "Nguyễn Tiến Mạnh", "maLo": "Cụm B116445403", "viTri": [12.631037, 108.476779], "nguonRanhGioi": "nhan"}}, {"type": "Feature", "geometry": {"type": "Point", "coordinates": [108.480216, 12.631258]}, "properties": {"lo": 165, "loCu": ["2"], "cum": "B", "doi": "Đội 5", "nongTruong": "NT 5", "giong": "JUSTGEM", "ngayTrong": "2024-04-21", "matDo": 2000, "dienTichBanDau": 1.72, "soCayBanDau": 3176, "taiCanh": [], "dienTichHienHuu": 1.72, "soCayHienHuu": 3092, "trangThai": "Đã trồng", "phuTrach": "Nguyễn Tiến Mạnh", "maLo": "Cụm B216545403", "viTri": [12.631258, 108.480216], "nguonRanhGioi": "nhan"}}, {"type": "Feature", "geometry": {"type": "Point", "coordinates": [108.474472, 12.629233]}, "properties": {"lo": 166, "loCu": ["3"], "cum": "B", "doi": "Đội 5", "nongTruong": "NT 5", "giong": "JUSTGEM", "ngayTrong": "2024-04-17", "matDo": 2000, "dienTichBanDau": 3.45, "soCayBanDau": 6568, "taiCanh": [], "dienTichHienHuu": 3.45, "soCayHienHuu": 6338, "trangThai": "Đã trồng", "phuTrach": "Nguyễn Tiến Mạnh", "maLo": "Cụm B316645399", "viTri": [12.629233, 108.474472], "nguonRanhGioi": "nhan"}}, {"type": "Feature", "geometry": {"type": "Point", "coordinates": [108.478949, 12.63024]}, "properties": {"lo": 167, "loCu": ["4"], "cum": "B", "doi": "Đội 5", "nongTruong": "NT 5", "giong": "JUSTGEM", "ngayTrong": "2024-04-20", "matDo": 2000, "dienTichBanDau": 4.44, "soCayBanDau": 8450, "taiCanh": [], "dienTichHienHuu": 4.44, "soCayHienHuu": 6465, "trangThai": "Đã trồng", "phuTrach": "Nguyễn Tiến Mạnh", "maLo": "Cụm B416745402", "viTri": [12.63024, 108.478949], "nguonRanhGioi": "nhan"}}, {"type": "Feature", "geometry": {"type": "Polygon", "coordinates": [[[108.479019, 12.628272], [108.478961, 12.628453], [108.478888, 12.628595], [108.478798, 12.628802], [108.478798, 12.628958], [108.478827, 12.629058], [108.478827, 12.629133], [108.475589, 12.629136], [108.475589, 12.627869], [108.478798, 12.627866], [108.478896, 12.628012], [108.478965, 12.628169], [108.479019, 12.628272]]]}, "properties": {"lo": 168, "loCu": ["5"], "cum": "B", "doi": "Đội 5", "nongTruong": "NT 5", "giong": "JUSTGEM", "ngayTrong": "2024-04-16", "matDo": 2000, "dienTichBanDau": 5.31, "soCayBanDau": 10202, "taiCanh": [], "dienTichHienHuu": 5.31, "soCayHienHuu": 10056, "trangThai": "Đã trồng", "phuTrach": "Nguyễn Tiến Mạnh", "maLo": "Cụm B516845398", "viTri": [12.628524, 108.477257], "dienTichBanDo": 5.02, "nguonRanhGioi": "pdf"}}, {"type": "Feature", "geometry": {"type": "Polygon", "coordinates": [[[108.483883, 12.62818], [108.483879, 12.628215], [108.482804, 12.628272], [108.482753, 12.628286], [108.482293, 12.628621], [108.482036, 12.628823], [108.481855, 12.628983], [108.481659, 12.629172], [108.481569, 12.62919], [108.481348, 12.629183], [108.481322, 12.62919], [108.48129, 12.629087], [108.481373, 12.628717], [108.481406, 12.628624], [108.481558, 12.628553], [108.483032, 12.627742], [108.483224, 12.627671], [108.483307, 12.627521], [108.483499, 12.627219], [108.483514, 12.627063], [108.483514, 12.626668], [108.483521, 12.62655], [108.483492, 12.625924], [108.483506, 12.625408], [108.483474, 12.625294], [108.483503, 12.625206], [108.483525, 12.625095], [108.483597, 12.624957], [108.483601, 12.624925], [108.483622, 12.624843], [108.483637, 12.624818], [108.483666, 12.624828], [108.48368, 12.624878], [108.483763, 12.626415], [108.483883, 12.62818]]]}, "properties": {"lo": 169, "loCu": ["42"], "cum": "B", "doi": "Đội 5", "nongTruong": "NT 5", "giong": "JUSTGEM", "ngayTrong": "2025-05-09", "matDo": 2000, "dienTichBanDau": 2.82, "soCayBanDau": 6152, "taiCanh": [], "dienTichHienHuu": 2.82, "soCayHienHuu": 5074, "trangThai": "Đã trồng", "phuTrach": "Nguyễn Tiến Mạnh", "maLo": "Cụm B4216945786", "viTri": [12.627023, 108.483659], "dienTichBanDo": 2.53, "nguonRanhGioi": "pdf"}}, {"type": "Feature", "geometry": {"type": "Polygon", "coordinates": [[[108.484499, 12.627386], [108.484441, 12.627514], [108.484444, 12.627521], [108.484412, 12.627564], [108.484303, 12.627685], [108.484296, 12.627731], [108.484365, 12.627927], [108.484419, 12.628148], [108.484354, 12.628272], [108.484155, 12.628333], [108.483959, 12.628244], [108.483952, 12.627948], [108.483908, 12.627408], [108.4838, 12.625846], [108.483771, 12.625319], [108.483709, 12.62491], [108.483756, 12.624953], [108.483811, 12.625024], [108.483822, 12.625028], [108.483858, 12.625017], [108.483861, 12.62501], [108.483872, 12.625142], [108.483858, 12.625202], [108.48389, 12.625284], [108.483894, 12.625319], [108.483941, 12.625412], [108.483952, 12.625451], [108.483977, 12.625479], [108.484039, 12.625522], [108.484032, 12.625625], [108.484046, 12.625696], [108.484075, 12.625736], [108.484104, 12.625736], [108.484137, 12.625761], [108.484166, 12.625867], [108.484184, 12.625878], [108.484231, 12.625874], [108.484271, 12.625985], [108.484296, 12.62601], [108.484357, 12.626006], [108.484376, 12.626109], [108.484296, 12.626198], [108.484144, 12.626283], [108.484104, 12.626365], [108.484147, 12.626419], [108.484184, 12.626476], [108.484339, 12.626689], [108.484455, 12.62681], [108.484473, 12.626984], [108.48447, 12.627226], [108.484484, 12.627258], [108.484499, 12.627386]]]}, "properties": {"lo": 170, "loCu": ["43"], "cum": "B", "doi": "Đội 5", "nongTruong": "NT 5", "giong": "JUSTGEM", "ngayTrong": "2025-05-10", "matDo": 2000, "dienTichBanDau": 1.74, "soCayBanDau": 3771, "taiCanh": [], "dienTichHienHuu": 1.74, "soCayHienHuu": 3756, "trangThai": "Đã trồng", "phuTrach": "Nguyễn Tiến Mạnh", "maLo": "Cụm B4317045787", "viTri": [12.626582, 108.484056], "dienTichBanDo": 1.59, "nguonRanhGioi": "pdf"}}, {"type": "Feature", "geometry": {"type": "Point", "coordinates": [108.474494, 12.627636]}, "properties": {"lo": 171, "loCu": ["6"], "cum": "B", "doi": "Đội 5", "nongTruong": "NT 5", "giong": "JUSTGEM", "ngayTrong": "2024-04-16", "matDo": 2000, "dienTichBanDau": 2.07, "soCayBanDau": 3743, "taiCanh": [], "dienTichHienHuu": 2.07, "soCayHienHuu": 3603, "trangThai": "Đã trồng", "phuTrach": "Nguyễn Tiến Mạnh", "maLo": "Cụm B617145398", "viTri": [12.627636, 108.474494], "nguonRanhGioi": "nhan"}}, {"type": "Feature", "geometry": {"type": "Polygon", "coordinates": [[[108.475589, 12.626514], [108.478038, 12.626514], [108.478048, 12.626628], [108.478124, 12.626703], [108.478171, 12.626799], [108.478157, 12.626923], [108.478175, 12.627048], [108.478197, 12.62714], [108.478266, 12.627151], [108.478378, 12.62735], [108.478407, 12.627461], [108.47845, 12.627525], [108.478628, 12.627592], [108.478726, 12.627582], [108.478776, 12.627646], [108.478787, 12.627724], [108.478776, 12.627777], [108.475589, 12.62778], [108.475589, 12.626514]]]}, "properties": {"lo": 172, "loCu": ["7"], "cum": "B", "doi": "Đội 5", "nongTruong": "NT 5", "giong": "JUSTGEM", "ngayTrong": "2024-04-13", "matDo": 2000, "dienTichBanDau": 4.34, "soCayBanDau": 7967, "taiCanh": [], "dienTichHienHuu": 4.34, "soCayHienHuu": 7784, "trangThai": "Đã trồng", "phuTrach": "Nguyễn Tiến Mạnh", "maLo": "Cụm B717245395", "viTri": [12.627146, 108.47691], "dienTichBanDo": 4.15, "nguonRanhGioi": "pdf"}}, {"type": "Feature", "geometry": {"type": "Polygon", "coordinates": [[[108.472486, 12.625158], [108.475495, 12.625159], [108.475495, 12.626422], [108.473699, 12.626421], [108.473746, 12.626272], [108.47376, 12.626165], [108.47376, 12.626108], [108.473746, 12.626034], [108.47371, 12.625959], [108.473597, 12.625824], [108.47351, 12.625745], [108.473405, 12.625664], [108.4733, 12.625589], [108.473174, 12.625511], [108.472964, 12.625418], [108.472819, 12.625375], [108.472674, 12.625343], [108.472543, 12.625297], [108.472467, 12.625258], [108.472449, 12.625244], [108.472446, 12.625226], [108.47246, 12.625194], [108.472486, 12.625158]]]}, "properties": {"lo": 173, "loCu": ["8"], "cum": "B", "doi": "Đội 5", "nongTruong": "NT 5", "giong": "JUSTGEM", "ngayTrong": "2024-04-15", "matDo": 2000, "dienTichBanDau": 2.64, "soCayBanDau": 4788, "taiCanh": [], "dienTichHienHuu": 2.64, "soCayHienHuu": 4257, "trangThai": "Đã trồng", "phuTrach": "Nguyễn Tiến Mạnh", "maLo": "Cụm B817345397", "viTri": [12.625786, 108.474525], "dienTichBanDo": 3.23, "nguonRanhGioi": "pdf"}}, {"type": "Feature", "geometry": {"type": "Polygon", "coordinates": [[[108.475589, 12.626422], [108.475589, 12.625159], [108.478534, 12.625159], [108.478527, 12.625209], [108.478556, 12.625262], [108.478556, 12.625283], [108.478512, 12.625436], [108.478418, 12.625547], [108.478378, 12.625661], [108.478374, 12.6257], [108.478335, 12.625813], [108.478277, 12.625845], [108.47823, 12.625835], [108.478143, 12.625885], [108.478132, 12.626116], [108.478099, 12.626215], [108.478106, 12.626301], [108.478056, 12.626425], [108.475589, 12.626422]]]}, "properties": {"lo": 174, "loCu": ["9"], "cum": "B", "doi": "Đội 5", "nongTruong": "NT 5", "giong": "JUSTGEM", "ngayTrong": "2024-04-12", "matDo": 2000, "dienTichBanDau": 4.15, "soCayBanDau": 8072, "taiCanh": [], "dienTichHienHuu": 4.15, "soCayHienHuu": 7422, "trangThai": "Đã trồng", "phuTrach": "Nguyễn Tiến Mạnh", "maLo": "Cụm B917445394", "viTri": [12.625756, 108.476972], "dienTichBanDo": 4.12, "nguonRanhGioi": "pdf"}}, {"type": "Feature", "geometry": {"type": "Point", "coordinates": [108.474027, 12.625018]}, "properties": {"lo": 175, "loCu": ["10"], "cum": "B", "doi": "Đội 5", "nongTruong": "NT 5", "giong": "JUSTGEM", "ngayTrong": "2024-04-14", "matDo": 2000, "dienTichBanDau": 3.92, "soCayBanDau": 7486, "taiCanh": [], "dienTichHienHuu": 3.92, "soCayHienHuu": 7008, "trangThai": "Đã trồng", "phuTrach": "Nguyễn Tiến Mạnh", "maLo": "Cụm B1017545396", "viTri": [12.625018, 108.474027], "nguonRanhGioi": "nhan"}}, {"type": "Feature", "geometry": {"type": "Point", "coordinates": [108.477174, 12.625018]}, "properties": {"lo": 176, "loCu": ["11"], "cum": "B", "doi": "Đội 5", "nongTruong": "NT 5", "giong": "JUSTGEM", "ngayTrong": "2024-04-17", "matDo": 2000, "dienTichBanDau": 2.4, "soCayBanDau": 4583, "taiCanh": [], "dienTichHienHuu": 2.4, "soCayHienHuu": 4010, "trangThai": "Đã trồng", "phuTrach": "Nguyễn Tiến Mạnh", "maLo": "Cụm B1117645399", "viTri": [12.625018, 108.477174], "nguonRanhGioi": "nhan"}}, {"type": "Feature", "geometry": {"type": "Point", "coordinates": [108.474784, 12.624004]}, "properties": {"lo": 177, "loCu": ["12"], "cum": "B", "doi": "Đội 5", "nongTruong": "NT 5", "giong": "JUSTGEM", "ngayTrong": "2024-04-17", "matDo": 2000, "dienTichBanDau": 0.64, "soCayBanDau": 1168, "taiCanh": [], "dienTichHienHuu": 0.64, "soCayHienHuu": 1092, "trangThai": "Đã trồng", "phuTrach": "Nguyễn Tiến Mạnh", "maLo": "Cụm B1217745399", "viTri": [12.624004, 108.474784], "nguonRanhGioi": "nhan"}}, {"type": "Feature", "geometry": {"type": "Polygon", "coordinates": [[[108.475695, 12.623063], [108.477125, 12.622445], [108.479936, 12.622445], [108.479874, 12.622555], [108.479729, 12.622726], [108.479686, 12.622797], [108.479646, 12.622914], [108.479573, 12.622957], [108.479559, 12.623039], [108.479559, 12.623195], [108.47953, 12.623245], [108.47932, 12.623316], [108.479258, 12.623377], [108.479193, 12.623391], [108.479055, 12.62337], [108.478755, 12.62343], [108.478711, 12.623523], [108.478599, 12.623526], [108.478527, 12.623622], [108.478385, 12.623629], [108.478317, 12.623715], [108.475589, 12.623711], [108.47559, 12.623344], [108.475695, 12.623234], [108.475695, 12.623063]]]}, "properties": {"lo": 178, "loCu": ["13"], "cum": "B", "doi": "Đội 5", "nongTruong": "NT 5", "giong": "JUSTGEM", "ngayTrong": "2024-04-19", "matDo": 2000, "dienTichBanDau": 5.41, "soCayBanDau": 10652, "taiCanh": [], "dienTichHienHuu": 5.41, "soCayHienHuu": 9999, "trangThai": "Đã trồng", "phuTrach": "Nguyễn Tiến Mạnh", "maLo": "Cụm B1317845401", "viTri": [12.623129, 108.477627], "dienTichBanDo": 5.12, "nguonRanhGioi": "pdf"}}, {"type": "Feature", "geometry": {"type": "Point", "coordinates": [108.478783, 12.622414]}, "properties": {"lo": 179, "loCu": ["15"], "cum": "B", "doi": "Đội 5", "nongTruong": "NT 5", "giong": "JUSTGEM", "ngayTrong": "2024-04-20", "matDo": 2000, "dienTichBanDau": 1.9, "soCayBanDau": 3547, "taiCanh": [], "dienTichHienHuu": 1.9, "soCayHienHuu": 2550, "trangThai": "Đã trồng", "phuTrach": "Nguyễn Tiến Mạnh", "maLo": "Cụm B1517945402", "viTri": [12.622414, 108.478783], "nguonRanhGioi": "nhan"}}, {"type": "Feature", "geometry": {"type": "Point", "coordinates": [108.471133, 12.623673]}, "properties": {"lo": 180, "loCu": ["25"], "cum": "B", "doi": "Đội 5", "nongTruong": "NT 5", "giong": "JUSTGEM", "ngayTrong": "2024-08-22", "matDo": 2000, "dienTichBanDau": 1.65, "soCayBanDau": 3166, "taiCanh": [], "dienTichHienHuu": 1.65, "soCayHienHuu": 3153, "trangThai": "Đã trồng", "phuTrach": "Nguyễn Tiến Mạnh", "maLo": "Cụm B2518045526", "viTri": [12.623673, 108.471133], "nguonRanhGioi": "nhan"}}, {"type": "Feature", "geometry": {"type": "Point", "coordinates": [108.472437, 12.623673]}, "properties": {"lo": 181, "loCu": ["14"], "cum": "B", "doi": "Đội 5", "nongTruong": "NT 5", "giong": "JUSTGEM", "ngayTrong": "2024-06-17", "matDo": 2000, "dienTichBanDau": 2.4, "soCayBanDau": 4570, "taiCanh": [], "dienTichHienHuu": 2.4, "soCayHienHuu": 4528, "trangThai": "Đã trồng", "phuTrach": "Nguyễn Tiến Mạnh", "maLo": "Cụm B1418145460", "viTri": [12.623673, 108.472437], "nguonRanhGioi": "nhan"}}, {"type": "Feature", "geometry": {"type": "Point", "coordinates": [108.472886, 12.622407]}, "properties": {"lo": 182, "loCu": ["16"], "cum": "B", "doi": "Đội 5", "nongTruong": "NT 5", "giong": "JUSTGEM", "ngayTrong": "2024-06-17", "matDo": 2000, "dienTichBanDau": 4.5, "soCayBanDau": 8680, "taiCanh": [], "dienTichHienHuu": 4.5, "soCayHienHuu": 8283, "trangThai": "Đã trồng", "phuTrach": "Nguyễn Tiến Mạnh", "maLo": "Cụm B1618245460", "viTri": [12.622407, 108.472886], "nguonRanhGioi": "nhan"}}, {"type": "Feature", "geometry": {"type": "Point", "coordinates": [108.476936, 12.622386]}, "properties": {"lo": 183, "loCu": ["17"], "cum": "B", "doi": "Đội 5", "nongTruong": "NT 5", "giong": "JUSTGEM", "ngayTrong": "2024-06-18", "matDo": 2000, "dienTichBanDau": 1.68, "soCayBanDau": 3154, "taiCanh": [], "dienTichHienHuu": 1.68, "soCayHienHuu": 3087, "trangThai": "Đã trồng", "phuTrach": "Nguyễn Tiến Mạnh", "maLo": "Cụm B1718345461", "viTri": [12.622386, 108.476936], "nguonRanhGioi": "nhan"}}, {"type": "Feature", "geometry": {"type": "Point", "coordinates": [108.47063, 12.621243]}, "properties": {"lo": 185, "loCu": ["31"], "cum": "B", "doi": "Đội 5", "nongTruong": "NT 5", "giong": "JUSTGEM", "ngayTrong": "2024-08-20", "matDo": 2000, "dienTichBanDau": 1.14, "soCayBanDau": 2268, "taiCanh": [], "dienTichHienHuu": 1.14, "soCayHienHuu": 2245, "trangThai": "Đã trồng", "phuTrach": "Nguyễn Tiến Mạnh", "maLo": "Cụm B3118545524", "viTri": [12.621243, 108.47063], "nguonRanhGioi": "nhan"}}, {"type": "Feature", "geometry": {"type": "Point", "coordinates": [108.474151, 12.621201]}, "properties": {"lo": 186, "loCu": ["18"], "cum": "B", "doi": "Đội 5", "nongTruong": "NT 5", "giong": "JUSTGEM", "ngayTrong": "2024-06-18", "matDo": 2000, "dienTichBanDau": 2.06, "soCayBanDau": 3929, "taiCanh": [], "dienTichHienHuu": 2.06, "soCayHienHuu": 3890, "trangThai": "Đã trồng", "phuTrach": "Nguyễn Tiến Mạnh", "maLo": "Cụm B1818645461", "viTri": [12.621201, 108.474151], "nguonRanhGioi": "nhan"}}, {"type": "Feature", "geometry": {"type": "Point", "coordinates": [108.477732, 12.621244]}, "properties": {"lo": 187, "loCu": ["19"], "cum": "B", "doi": "Đội 5", "nongTruong": "NT 5", "giong": "JUSTGEM", "ngayTrong": "2024-06-18", "matDo": 2000, "dienTichBanDau": 5.27, "soCayBanDau": 10097, "taiCanh": [], "dienTichHienHuu": 5.27, "soCayHienHuu": 7084, "trangThai": "Đã trồng", "phuTrach": "Nguyễn Tiến Mạnh", "maLo": "Cụm B1918745461", "viTri": [12.621244, 108.477732], "nguonRanhGioi": "nhan"}}, {"type": "Feature", "geometry": {"type": "Polygon", "coordinates": [[[108.479824, 12.620026], [108.475648, 12.620004], [108.475713, 12.61989], [108.475793, 12.619915], [108.476445, 12.619556], [108.476705, 12.619467], [108.477354, 12.619268], [108.47747, 12.619197], [108.478042, 12.619111], [108.478386, 12.619015], [108.4786, 12.618898], [108.478806, 12.618841], [108.47903, 12.618823], [108.479201, 12.61909], [108.479277, 12.619254], [108.479288, 12.619449], [108.47949, 12.619513], [108.47978, 12.619684], [108.479914, 12.61988], [108.479892, 12.620015], [108.479824, 12.620026]]]}, "properties": {"lo": 188, "loCu": ["20"], "cum": "B", "doi": "Đội 5", "nongTruong": "NT 5", "giong": "JUSTGEM", "ngayTrong": "2024-06-19", "matDo": 2000, "dienTichBanDau": 3.37, "soCayBanDau": 6654, "taiCanh": [], "dienTichHienHuu": 3.37, "soCayHienHuu": 5413, "trangThai": "Đã trồng", "phuTrach": "Nguyễn Tiến Mạnh", "maLo": "Cụm B2018845462", "viTri": [12.619359, 108.47817], "dienTichBanDo": 3.48, "nguonRanhGioi": "pdf"}}, {"type": "Feature", "geometry": {"type": "Point", "coordinates": [108.466657, 12.624786]}, "properties": {"lo": 189, "loCu": ["21"], "cum": "B", "doi": "Đội 5", "nongTruong": "NT 5", "giong": "JUSTGEM", "ngayTrong": "2024-08-22", "matDo": 2000, "dienTichBanDau": 0.64, "soCayBanDau": 1258, "taiCanh": [], "dienTichHienHuu": 0.64, "soCayHienHuu": 1249, "trangThai": "Đã trồng", "phuTrach": "Nguyễn Tiến Mạnh", "maLo": "Cụm B2118945526", "viTri": [12.624786, 108.466657], "nguonRanhGioi": "nhan"}}, {"type": "Feature", "geometry": {"type": "Polygon", "coordinates": [[[108.465912, 12.622443], [108.46735, 12.622444], [108.467108, 12.623354], [108.46735, 12.623713], [108.466354, 12.623713], [108.465912, 12.622443]]]}, "properties": {"lo": 190, "loCu": ["24"], "cum": "B", "doi": "Đội 5", "nongTruong": "NT 5", "giong": "JUSTGEM", "ngayTrong": "2024-08-22", "matDo": 2000, "dienTichBanDau": 1.55, "soCayBanDau": 2967, "taiCanh": [], "dienTichHienHuu": 1.55, "soCayHienHuu": 2917, "trangThai": "Đã trồng", "phuTrach": "Nguyễn Tiến Mạnh", "maLo": "Cụm B2419045526", "viTri": [12.622899, 108.46665], "dienTichBanDo": 1.67, "nguonRanhGioi": "pdf"}}, {"type": "Feature", "geometry": {"type": "Point", "coordinates": [108.465672, 12.622189]}, "properties": {"lo": 191, "loCu": ["26"], "cum": "B", "doi": "Đội 5", "nongTruong": "NT 5", "giong": "JUSTGEM", "ngayTrong": "2024-08-22", "matDo": 2000, "dienTichBanDau": 0.19, "soCayBanDau": 311, "taiCanh": [], "dienTichHienHuu": 0.19, "soCayHienHuu": 308, "trangThai": "Đã trồng", "phuTrach": "Nguyễn Tiến Mạnh", "maLo": "Cụm B2619145526", "viTri": [12.622189, 108.465672], "nguonRanhGioi": "nhan"}}, {"type": "Feature", "geometry": {"type": "Point", "coordinates": [108.466712, 12.622406]}, "properties": {"lo": 192, "loCu": ["27"], "cum": "B", "doi": "Đội 5", "nongTruong": "NT 5", "giong": "JUSTGEM", "ngayTrong": "2024-08-22", "matDo": 2000, "dienTichBanDau": 2.23, "soCayBanDau": 4426, "taiCanh": [], "dienTichHienHuu": 2.23, "soCayHienHuu": 4330, "trangThai": "Đã trồng", "phuTrach": "Nguyễn Tiến Mạnh", "maLo": "Cụm B2719245526", "viTri": [12.622406, 108.466712], "nguonRanhGioi": "nhan"}}, {"type": "Feature", "geometry": {"type": "Point", "coordinates": [108.464568, 12.621242]}, "properties": {"lo": 193, "loCu": ["29"], "cum": "B", "doi": "Đội 5", "nongTruong": "NT 5", "giong": "JUSTGEM", "ngayTrong": "2024-08-22", "matDo": 2000, "dienTichBanDau": 1.84, "soCayBanDau": 3536, "taiCanh": [], "dienTichHienHuu": 1.84, "soCayHienHuu": 3495, "trangThai": "Đã trồng", "phuTrach": "Nguyễn Tiến Mạnh", "maLo": "Cụm B2919345526", "viTri": [12.621242, 108.464568], "nguonRanhGioi": "nhan"}}, {"type": "Feature", "geometry": {"type": "Point", "coordinates": [108.466809, 12.621243]}, "properties": {"lo": 194, "loCu": ["30"], "cum": "B", "doi": "Đội 5", "nongTruong": "NT 5", "giong": "JUSTGEM", "ngayTrong": "2024-08-21", "matDo": 2000, "dienTichBanDau": 2.6, "soCayBanDau": 5117, "taiCanh": [], "dienTichHienHuu": 2.6, "soCayHienHuu": 5048, "trangThai": "Đã trồng", "phuTrach": "Nguyễn Tiến Mạnh", "maLo": "Cụm B3019445525", "viTri": [12.621243, 108.466809], "nguonRanhGioi": "nhan"}}, {"type": "Feature", "geometry": {"type": "Point", "coordinates": [108.464535, 12.620111]}, "properties": {"lo": 195, "loCu": ["32"], "cum": "B", "doi": "Đội 5", "nongTruong": "NT 5", "giong": "JUSTGEM", "ngayTrong": "2024-08-21", "matDo": 2000, "dienTichBanDau": 3.1, "soCayBanDau": 6136, "taiCanh": [], "dienTichHienHuu": 3.1, "soCayHienHuu": 6102, "trangThai": "Đã trồng", "phuTrach": "Nguyễn Tiến Mạnh", "maLo": "Cụm B3219545525", "viTri": [12.620111, 108.464535], "nguonRanhGioi": "nhan"}}, {"type": "Feature", "geometry": {"type": "Point", "coordinates": [108.466806, 12.620111]}, "properties": {"lo": 196, "loCu": ["33"], "cum": "B", "doi": "Đội 5", "nongTruong": "NT 5", "giong": "JUSTGEM", "ngayTrong": "2024-08-21", "matDo": 2000, "dienTichBanDau": 2.83, "soCayBanDau": 5633, "taiCanh": [], "dienTichHienHuu": 2.83, "soCayHienHuu": 5596, "trangThai": "Đã trồng", "phuTrach": "Nguyễn Tiến Mạnh", "maLo": "Cụm B3319645525", "viTri": [12.620111, 108.466806], "nguonRanhGioi": "nhan"}}, {"type": "Feature", "geometry": {"type": "Point", "coordinates": [108.46841, 12.620111]}, "properties": {"lo": 197, "loCu": ["34"], "cum": "B", "doi": "Đội 5", "nongTruong": "NT 5", "giong": "JUSTGEM", "ngayTrong": "2024-08-20", "matDo": 2000, "dienTichBanDau": 2.82, "soCayBanDau": 5545, "taiCanh": [], "dienTichHienHuu": 2.82, "soCayHienHuu": 5459, "trangThai": "Đã trồng", "phuTrach": "Nguyễn Tiến Mạnh", "maLo": "Cụm B3419745524", "viTri": [12.620111, 108.46841], "nguonRanhGioi": "nhan"}}, {"type": "Feature", "geometry": {"type": "Point", "coordinates": [108.465151, 12.619015]}, "properties": {"lo": 198, "loCu": ["35"], "cum": "B", "doi": "Đội 5", "nongTruong": "NT 5", "giong": "JUSTGEM", "ngayTrong": "2024-08-21", "matDo": 2000, "dienTichBanDau": 1.45, "soCayBanDau": 2808, "taiCanh": [], "dienTichHienHuu": 1.45, "soCayHienHuu": 2777, "trangThai": "Đã trồng", "phuTrach": "Nguyễn Tiến Mạnh", "maLo": "Cụm B3519845525", "viTri": [12.619015, 108.465151], "nguonRanhGioi": "nhan"}}, {"type": "Feature", "geometry": {"type": "Point", "coordinates": [108.466484, 12.619097]}, "properties": {"lo": 199, "loCu": ["36"], "cum": "B", "doi": "Đội 5", "nongTruong": "NT 5", "giong": "JUSTGEM", "ngayTrong": "2024-08-20", "matDo": 2000, "dienTichBanDau": 1.48, "soCayBanDau": 2805, "taiCanh": [], "dienTichHienHuu": 1.48, "soCayHienHuu": 2773, "trangThai": "Đã trồng", "phuTrach": "Nguyễn Tiến Mạnh", "maLo": "Cụm B3619945524", "viTri": [12.619097, 108.466484], "nguonRanhGioi": "nhan"}}, {"type": "Feature", "geometry": {"type": "Point", "coordinates": [108.469367, 12.619272]}, "properties": {"lo": 200, "loCu": ["37"], "cum": "B", "doi": "Đội 5", "nongTruong": "NT 5", "giong": "JUSTGEM", "ngayTrong": "2024-08-20", "matDo": 2000, "dienTichBanDau": 1.41, "soCayBanDau": 2722, "taiCanh": [], "dienTichHienHuu": 1.41, "soCayHienHuu": 2701, "trangThai": "Đã trồng", "phuTrach": "Nguyễn Tiến Mạnh", "maLo": "Cụm B3720045524", "viTri": [12.619272, 108.469367], "nguonRanhGioi": "nhan"}}]}