{"type": "FeatureCollection", "features": [{"type": "Feature", "geometry": {"type": "Polygon", "coordinates": [[[108.477792, 12.64051], [108.477824, 12.64033], [108.477882, 12.640143], [108.47789, 12.640051], [108.477882, 12.640051], [108.477976, 12.639963], [108.477964, 12.639952], [108.477929, 12.639852], [108.477913, 12.63976], [108.477941, 12.639634], [108.477999, 12.639527], [108.478194, 12.639358], [108.478295, 12.639297], [108.478486, 12.639305], [108.478623, 12.639354], [108.478432, 12.640055], [108.478397, 12.64012], [108.478295, 12.640235], [108.47819, 12.640369], [108.478061, 12.640522], [108.477847, 12.640568], [108.477792, 12.64051]]]}, "properties": {"loai": "gd1", "ten": "Dự kiến thu hồi GĐ1", "dienTichChuGiai": 30.75}}, {"type": "Feature", "geometry": {"type": "Polygon", "coordinates": [[[108.480872, 12.636526], [108.48084, 12.636518], [108.48072, 12.636055], [108.480751, 12.635917], [108.481098, 12.635718], [108.481117, 12.635691], [108.481246, 12.635619], [108.481328, 12.635603], [108.481402, 12.635557], [108.48153, 12.635523], [108.481597, 12.635477], [108.48169, 12.635423], [108.481745, 12.635381], [108.481838, 12.635343], [108.482123, 12.635312], [108.482197, 12.635332], [108.48229, 12.635347], [108.482345, 12.635385], [108.482399, 12.635458], [108.482434, 12.635531], [108.482481, 12.635584], [108.482524, 12.635649], [108.482544, 12.635711], [108.482618, 12.635695], [108.482664, 12.635695], [108.482692, 12.635722], [108.482754, 12.63568], [108.482719, 12.635508], [108.48261, 12.635469], [108.482544, 12.635423], [108.482489, 12.635358], [108.482454, 12.635286], [108.482473, 12.635224], [108.482567, 12.635159], [108.482649, 12.635117], [108.48277, 12.635018], [108.482844, 12.634964], [108.482918, 12.634922], [108.482945, 12.634884], [108.483019, 12.634868], [108.483124, 12.63483], [108.483276, 12.634895], [108.483284, 12.635033], [108.483495, 12.635259], [108.483502, 12.635332], [108.483268, 12.635569], [108.483132, 12.635676], [108.482446, 12.636189], [108.482095, 12.636403], [108.480872, 12.636526]]]}, "properties": {"loai": "gd1", "ten": "Dự kiến thu hồi GĐ1", "dienTichChuGiai": 30.75}}, {"type": "Feature", "geometry": {"type": "Polygon", "coordinates": [[[108.478868, 12.637651], [108.478853, 12.637574], [108.478751, 12.637521], [108.478529, 12.637643], [108.478506, 12.63759], [108.478533, 12.637571], [108.478541, 12.637529], [108.478553, 12.63741], [108.478533, 12.637372], [108.47856, 12.637364], [108.478545, 12.637318], [108.478525, 12.637284], [108.478533, 12.637245], [108.478498, 12.637173], [108.478518, 12.637065], [108.478529, 12.63705], [108.478537, 12.637012], [108.478564, 12.636993], [108.478572, 12.636993], [108.478599, 12.636966], [108.478611, 12.636966], [108.478549, 12.636905], [108.478557, 12.636851], [108.478557, 12.636813], [108.478568, 12.636759], [108.478638, 12.636751], [108.478658, 12.63674], [108.478744, 12.636732], [108.478806, 12.636717], [108.478845, 12.636717], [108.478861, 12.636709], [108.478861, 12.636698], [108.478919, 12.636683], [108.478927, 12.636671], [108.478962, 12.636683], [108.479009, 12.636671], [108.479048, 12.63669], [108.479063, 12.636683], [108.479063, 12.636675], [108.47911, 12.63669], [108.479176, 12.636675], [108.479239, 12.636621], [108.479293, 12.636587], [108.479613, 12.636912], [108.479679, 12.637004], [108.479706, 12.637077], [108.479675, 12.637104], [108.479546, 12.637138], [108.479546, 12.63715], [108.479398, 12.637318], [108.479344, 12.637364], [108.479305, 12.637444], [108.479285, 12.637464], [108.47927, 12.637498], [108.479239, 12.63754], [108.479231, 12.63754], [108.479192, 12.637597], [108.479028, 12.637594], [108.478927, 12.63762], [108.478868, 12.637651]]]}, "properties": {"loai": "gd1", "ten": "Dự kiến thu hồi GĐ1", "dienTichChuGiai": 30.75}}, {"type": "Feature", "geometry": {"type": "Polygon", "coordinates": [[[108.47506, 12.641479], [108.475014, 12.641586], [108.474955, 12.641758], [108.474955, 12.64193], [108.474873, 12.642091], [108.474873, 12.642103], [108.474889, 12.642148], [108.474869, 12.642202], [108.474842, 12.642244], [108.474667, 12.642271], [108.474612, 12.642317], [108.474585, 12.642325], [108.474585, 12.642386], [108.474526, 12.642539], [108.474507, 12.64273], [108.474507, 12.642837], [108.474542, 12.642929], [108.474585, 12.643094], [108.474674, 12.643312], [108.474729, 12.643419], [108.474803, 12.643603], [108.474846, 12.643745], [108.474854, 12.643817], [108.474889, 12.64399], [108.474924, 12.644208], [108.475048, 12.644698], [108.474678, 12.644713], [108.474662, 12.644683], [108.474627, 12.644449], [108.474592, 12.644323], [108.474612, 12.644258], [108.474627, 12.644231], [108.474612, 12.644097], [108.474612, 12.644039], [108.474624, 12.643971], [108.474596, 12.643905], [108.474596, 12.643852], [108.474577, 12.643825], [108.474569, 12.643806], [108.474569, 12.643771], [108.474534, 12.643699], [108.474534, 12.64366], [108.474487, 12.643553], [108.474472, 12.643534], [108.474444, 12.643461], [108.47437, 12.643381], [108.474269, 12.643297], [108.474234, 12.643278], [108.474226, 12.643262], [108.474144, 12.643159], [108.474133, 12.643151], [108.474109, 12.642991], [108.474098, 12.642971], [108.474035, 12.642952], [108.473988, 12.642952], [108.473914, 12.642925], [108.473907, 12.642933], [108.473868, 12.642948], [108.473813, 12.642941], [108.473758, 12.642895], [108.473731, 12.642822], [108.473743, 12.64273], [108.473735, 12.642677], [108.473723, 12.642642], [108.473751, 12.642635], [108.473743, 12.642577], [108.473727, 12.642524], [108.473743, 12.642504], [108.473747, 12.642462], [108.473766, 12.642382], [108.473774, 12.64237], [108.473942, 12.642282], [108.473961, 12.642148], [108.473969, 12.642137], [108.473996, 12.642118], [108.474051, 12.642137], [108.47407, 12.642129], [108.473961, 12.642068], [108.473934, 12.641846], [108.473946, 12.641731], [108.473953, 12.641731], [108.474, 12.641685], [108.474031, 12.641567], [108.473938, 12.641532], [108.473895, 12.641425], [108.473876, 12.641333], [108.473868, 12.641314], [108.473856, 12.641306], [108.473887, 12.641306], [108.473922, 12.641314], [108.473942, 12.641287], [108.474125, 12.641218], [108.474144, 12.641191], [108.474219, 12.641119], [108.474226, 12.641119], [108.4743, 12.641191], [108.474374, 12.64131], [108.474409, 12.641383], [108.474445, 12.641429], [108.474507, 12.641555], [108.474534, 12.64172], [108.474534, 12.641609], [108.474491, 12.641448], [108.474445, 12.641402], [108.474484, 12.641383], [108.474476, 12.641276], [108.474374, 12.641191], [108.474374, 12.641157], [108.474347, 12.64113], [108.474285, 12.640973], [108.474258, 12.640927], [108.47425, 12.640885], [108.474222, 12.64082], [108.47423, 12.640747], [108.47423, 12.640675], [108.474269, 12.64064], [108.474398, 12.640659], [108.474441, 12.640797], [108.474569, 12.64095], [108.474671, 12.641015], [108.474706, 12.641123], [108.474733, 12.641142], [108.474807, 12.641214], [108.474842, 12.641234], [108.474916, 12.641314], [108.474943, 12.641325], [108.474943, 12.641352], [108.474971, 12.641371], [108.47506, 12.641479]]]}, "properties": {"loai": "gd1", "ten": "Dự kiến thu hồi GĐ1", "dienTichChuGiai": 30.75}}, {"type": "Feature", "geometry": {"type": "Polygon", "coordinates": [[[108.474238, 12.641084], [108.474238, 12.641092], [108.474125, 12.641191], [108.474004, 12.641234], [108.473989, 12.641218], [108.473895, 12.641172], [108.473887, 12.641153], [108.473805, 12.641115], [108.473778, 12.641096], [108.473665, 12.641034], [108.47365, 12.641023], [108.473611, 12.640977], [108.473501, 12.640904], [108.473501, 12.640897], [108.473474, 12.640858], [108.473412, 12.640812], [108.473385, 12.640713], [108.473377, 12.640667], [108.473396, 12.640659], [108.473431, 12.640632], [108.473459, 12.640579], [108.473525, 12.640552], [108.473599, 12.640579], [108.473634, 12.640617], [108.473669, 12.640644], [108.473763, 12.640671], [108.47379, 12.64069], [108.473844, 12.640763], [108.473852, 12.640789], [108.473872, 12.640801], [108.47388, 12.640835], [108.474, 12.640828], [108.474063, 12.640866], [108.474094, 12.640874], [108.474156, 12.640946], [108.474172, 12.641012], [108.474191, 12.641065], [108.474211, 12.641092], [108.474238, 12.641084]]]}, "properties": {"loai": "gd1", "ten": "Dự kiến thu hồi GĐ1", "dienTichChuGiai": 30.75}}, {"type": "Feature", "geometry": {"type": "Polygon", "coordinates": [[[108.477792, 12.64051], [108.477835, 12.64012], [108.477839, 12.639929], [108.4778, 12.639814], [108.477773, 12.63971], [108.477742, 12.639622], [108.477715, 12.639523], [108.47766, 12.639393], [108.47745, 12.639125], [108.477516, 12.639071], [108.477648, 12.639289], [108.477796, 12.6394], [108.47787, 12.639362], [108.477964, 12.639293], [108.478085, 12.639232], [108.478307, 12.639006], [108.478334, 12.638945], [108.478334, 12.638899], [108.478354, 12.638845], [108.478389, 12.638845], [108.478447, 12.638746], [108.478494, 12.638692], [108.478576, 12.638585], [108.478634, 12.638493], [108.478744, 12.638371], [108.478829, 12.638206], [108.478884, 12.638126], [108.478958, 12.638038], [108.479024, 12.637946], [108.479126, 12.637923], [108.479176, 12.638122], [108.479094, 12.638283], [108.479055, 12.638516], [108.478767, 12.638773], [108.478502, 12.638979], [108.478342, 12.639251], [108.478486, 12.639305], [108.478295, 12.639297], [108.478194, 12.639358], [108.477999, 12.639527], [108.477941, 12.639634], [108.477913, 12.63976], [108.477929, 12.639852], [108.477964, 12.639952], [108.477976, 12.639963], [108.477882, 12.640051], [108.47789, 12.640051], [108.477882, 12.640143], [108.477824, 12.64033], [108.477792, 12.64051]]]}, "properties": {"loai": "gd1", "ten": "Dự kiến thu hồi GĐ1", "dienTichChuGiai": 30.75}}, {"type": "Feature", "geometry": {"type": "Polygon", "coordinates": [[[108.479979, 12.636131], [108.480026, 12.636059], [108.480084, 12.63607], [108.480112, 12.636059], [108.480119, 12.636043], [108.480158, 12.636017], [108.480268, 12.635963], [108.480314, 12.635952], [108.480322, 12.635917], [108.480361, 12.635856], [108.480369, 12.635856], [108.480443, 12.635791], [108.480498, 12.635756], [108.480517, 12.63571], [108.480501, 12.635664], [108.480501, 12.63563], [108.480521, 12.635576], [108.480568, 12.635504], [108.480607, 12.635404], [108.48065, 12.635397], [108.480696, 12.635397], [108.480735, 12.635408], [108.48077, 12.635397], [108.480852, 12.635297], [108.480918, 12.635263], [108.481004, 12.635209], [108.481004, 12.63519], [108.481039, 12.635182], [108.481031, 12.635163], [108.481059, 12.635155], [108.481067, 12.635129], [108.481121, 12.635075], [108.481125, 12.635029], [108.481141, 12.635002], [108.48118, 12.634968], [108.481226, 12.634941], [108.481254, 12.634941], [108.481246, 12.634922], [108.481289, 12.634895], [108.481289, 12.63488], [108.481308, 12.634868], [108.481347, 12.634861], [108.481363, 12.634842], [108.481374, 12.634807], [108.481394, 12.634815], [108.481437, 12.634861], [108.48153, 12.634887], [108.481585, 12.634891], [108.481604, 12.63488], [108.481659, 12.634884], [108.481721, 12.634838], [108.481807, 12.634792], [108.481889, 12.634792], [108.48199, 12.634784], [108.482158, 12.63475], [108.482232, 12.634708], [108.482294, 12.634662], [108.482423, 12.634646], [108.482509, 12.63462], [108.482563, 12.634593], [108.482618, 12.634593], [108.482672, 12.634612], [108.482692, 12.634631], [108.482746, 12.634639], [108.482801, 12.634612], [108.482929, 12.634685], [108.483023, 12.634704], [108.483495, 12.634555], [108.483787, 12.634532], [108.484064, 12.634589], [108.484087, 12.634861], [108.484064, 12.634949], [108.483541, 12.635305], [108.483284, 12.635033], [108.483276, 12.634895], [108.483124, 12.63483], [108.483019, 12.634868], [108.482945, 12.634884], [108.482918, 12.634922], [108.482844, 12.634964], [108.48277, 12.635018], [108.482649, 12.635117], [108.482567, 12.635159], [108.482473, 12.635224], [108.482454, 12.635286], [108.482489, 12.635358], [108.482544, 12.635423], [108.48261, 12.635469], [108.482719, 12.635508], [108.482754, 12.63568], [108.482692, 12.635722], [108.482664, 12.635695], [108.482618, 12.635695], [108.482544, 12.635711], [108.482524, 12.635649], [108.482481, 12.635584], [108.482434, 12.635531], [108.482399, 12.635458], [108.482345, 12.635385], [108.48229, 12.635347], [108.482197, 12.635332], [108.482123, 12.635312], [108.481838, 12.635343], [108.481745, 12.635381], [108.48169, 12.635423], [108.481597, 12.635477], [108.48153, 12.635523], [108.481402, 12.635557], [108.481328, 12.635603], [108.481246, 12.635619], [108.481117, 12.635691], [108.481098, 12.635718], [108.480751, 12.635917], [108.48072, 12.636055], [108.480708, 12.636193], [108.480661, 12.636208], [108.48056, 12.636273], [108.480533, 12.636254], [108.480494, 12.636254], [108.480431, 12.636327], [108.480345, 12.636342], [108.480326, 12.636361], [108.480303, 12.636315], [108.480283, 12.636296], [108.480283, 12.636288], [108.480264, 12.636288], [108.480229, 12.636304], [108.480236, 12.636296], [108.480229, 12.636269], [108.480147, 12.636231], [108.480065, 12.636204], [108.480026, 12.636177], [108.479979, 12.636131]]]}, "properties": {"loai": "gd1", "ten": "Dự kiến thu hồi GĐ1", "dienTichChuGiai": 30.75}}, {"type": "Feature", "geometry": {"type": "Polygon", "coordinates": [[[108.480014, 12.636396], [108.480326, 12.636361], [108.480345, 12.636342], [108.480431, 12.636327], [108.480494, 12.636254], [108.480533, 12.636254], [108.48056, 12.636273], [108.480661, 12.636208], [108.480708, 12.636193], [108.48072, 12.636055], [108.48084, 12.636518], [108.480813, 12.636526], [108.480778, 12.636591], [108.480665, 12.636717], [108.480571, 12.636843], [108.480458, 12.636985], [108.480256, 12.637219], [108.480174, 12.637173], [108.479936, 12.636909], [108.479784, 12.636606], [108.479784, 12.636545], [108.479905, 12.636491], [108.480014, 12.636396]]]}, "properties": {"loai": "gd1", "ten": "Dự kiến thu hồi GĐ1", "dienTichChuGiai": 30.75}}, {"type": "Feature", "geometry": {"type": "Polygon", "coordinates": [[[108.477796, 12.6394], [108.477715, 12.639343], [108.477648, 12.639289], [108.477578, 12.639197], [108.477516, 12.639071], [108.477644, 12.638838], [108.477656, 12.638639], [108.477695, 12.638551], [108.477683, 12.638497], [108.477687, 12.638466], [108.477676, 12.638405], [108.477715, 12.638344], [108.477761, 12.638325], [108.477777, 12.638325], [108.477808, 12.638271], [108.477855, 12.638217], [108.477917, 12.638172], [108.477984, 12.638145], [108.478003, 12.638145], [108.478065, 12.638172], [108.478159, 12.638129], [108.478178, 12.638103], [108.47828, 12.638049], [108.478315, 12.638011], [108.478373, 12.637934], [108.478389, 12.637923], [108.478416, 12.637923], [108.478416, 12.637896], [108.478447, 12.637881], [108.47851, 12.637827], [108.478494, 12.637789], [108.478529, 12.637762], [108.478541, 12.637762], [108.478584, 12.637743], [108.478595, 12.637724], [108.478603, 12.63767], [108.478615, 12.637643], [108.478751, 12.637521], [108.478853, 12.637574], [108.478872, 12.637666], [108.479024, 12.637946], [108.478958, 12.638038], [108.478884, 12.638126], [108.478829, 12.638206], [108.478744, 12.638371], [108.478634, 12.638493], [108.478576, 12.638585], [108.478494, 12.638692], [108.478447, 12.638746], [108.478389, 12.638845], [108.478354, 12.638845], [108.478334, 12.638899], [108.478334, 12.638945], [108.478307, 12.639006], [108.478085, 12.639232], [108.477964, 12.639293], [108.47787, 12.639362], [108.477796, 12.6394]]]}, "properties": {"loai": "gd1", "ten": "Dự kiến thu hồi GĐ1", "dienTichChuGiai": 30.75}}, {"type": "Feature", "geometry": {"type": "Polygon", "coordinates": [[[108.482692, 12.634631], [108.482789, 12.634168], [108.482789, 12.634114], [108.482801, 12.634007], [108.482781, 12.633961], [108.482762, 12.633862], [108.482766, 12.633789], [108.482754, 12.633735], [108.482754, 12.633709], [108.48284, 12.633663], [108.482848, 12.633663], [108.482887, 12.633636], [108.482887, 12.633582], [108.482941, 12.633567], [108.482914, 12.633548], [108.482922, 12.633494], [108.482961, 12.633421], [108.483007, 12.633376], [108.483046, 12.633303], [108.483175, 12.633196], [108.483237, 12.633203], [108.483249, 12.633199], [108.483304, 12.633199], [108.483413, 12.633207], [108.48358, 12.633226], [108.483635, 12.633311], [108.483631, 12.633444], [108.483678, 12.633563], [108.483697, 12.633571], [108.483779, 12.633647], [108.483787, 12.63367], [108.483849, 12.633747], [108.484017, 12.633812], [108.484106, 12.633758], [108.484157, 12.633659], [108.484184, 12.633586], [108.484266, 12.633579], [108.484348, 12.633579], [108.484469, 12.63359], [108.484734, 12.633582], [108.484761, 12.633628], [108.484761, 12.633663], [108.484722, 12.633774], [108.48464, 12.634053], [108.484648, 12.634122], [108.484629, 12.634287], [108.48459, 12.63434], [108.484975, 12.634516], [108.485018, 12.634589], [108.485003, 12.634631], [108.484855, 12.634796], [108.484621, 12.634937], [108.484609, 12.634983], [108.484609, 12.635071], [108.484632, 12.635443], [108.484652, 12.635489], [108.484679, 12.635535], [108.484687, 12.635588], [108.48466, 12.635634], [108.484613, 12.635695], [108.484519, 12.635803], [108.48441, 12.635902], [108.484344, 12.635956], [108.484289, 12.635917], [108.484235, 12.635845], [108.484106, 12.635772], [108.484071, 12.635737], [108.48406, 12.635718], [108.484025, 12.635619], [108.48395, 12.635527], [108.48376, 12.635424], [108.483604, 12.635435], [108.483456, 12.635385], [108.483502, 12.635332], [108.484064, 12.634949], [108.484087, 12.634861], [108.484064, 12.634589], [108.483787, 12.634532], [108.483495, 12.634555], [108.483023, 12.634704], [108.482929, 12.634685], [108.482801, 12.634612], [108.482746, 12.634639], [108.482692, 12.634631]]]}, "properties": {"loai": "gd1", "ten": "Dự kiến thu hồi GĐ1", "dienTichChuGiai": 30.75}}, {"type": "Feature", "geometry": {"type": "Polygon", "coordinates": [[[108.478681, 12.639986], [108.478451, 12.639994], [108.478623, 12.639354], [108.478342, 12.639251], [108.478502, 12.638979], [108.478767, 12.638773], [108.479055, 12.638516], [108.479094, 12.638283], [108.479176, 12.638122], [108.479126, 12.637923], [108.479024, 12.637946], [108.478872, 12.637666], [108.478868, 12.637651], [108.478927, 12.63762], [108.479028, 12.637594], [108.479192, 12.637597], [108.479231, 12.63754], [108.479239, 12.63754], [108.47927, 12.637498], [108.479285, 12.637464], [108.479305, 12.637444], [108.479344, 12.637364], [108.479398, 12.637318], [108.479546, 12.63715], [108.479546, 12.637138], [108.479675, 12.637104], [108.479706, 12.637077], [108.479679, 12.637004], [108.479613, 12.636912], [108.479293, 12.636587], [108.479344, 12.636522], [108.479344, 12.636503], [108.479406, 12.63648], [108.479426, 12.636461], [108.479465, 12.636453], [108.479508, 12.636434], [108.479574, 12.636399], [108.479609, 12.636373], [108.479636, 12.636361], [108.479667, 12.636392], [108.479663, 12.636472], [108.479784, 12.636606], [108.479936, 12.636909], [108.480361, 12.63759], [108.480942, 12.638608], [108.481012, 12.638742], [108.481296, 12.63919], [108.481394, 12.639381], [108.481511, 12.639561], [108.481549, 12.63968], [108.48153, 12.639726], [108.481472, 12.639795], [108.481444, 12.639841], [108.481409, 12.639868], [108.481316, 12.639894], [108.481207, 12.639875], [108.481168, 12.639875], [108.481121, 12.639902], [108.481058, 12.639883], [108.480957, 12.639818], [108.480848, 12.639772], [108.480719, 12.639646], [108.480544, 12.639623], [108.480369, 12.639588], [108.480279, 12.639584], [108.480166, 12.639611], [108.480002, 12.6396], [108.479975, 12.639592], [108.479936, 12.639565], [108.479765, 12.639527], [108.479679, 12.639546], [108.479652, 12.639542], [108.479535, 12.639561], [108.479211, 12.639657], [108.479032, 12.639783], [108.478868, 12.63989], [108.478681, 12.639986]]]}, "properties": {"loai": "gd1", "ten": "Dự kiến thu hồi GĐ1", "dienTichChuGiai": 30.75}}, {"type": "Feature", "geometry": {"type": "Polygon", "coordinates": [[[108.473419, 12.643427], [108.471603, 12.642964], [108.4722, 12.642454], [108.472632, 12.641907], [108.473026, 12.64113], [108.473151, 12.640047], [108.474842, 12.639997], [108.476035, 12.641999], [108.47566, 12.644464], [108.475313, 12.644996], [108.473497, 12.644154], [108.473497, 12.643833], [108.473419, 12.643427]]]}, "properties": {"loai": "gd1", "ten": "Dự kiến thu hồi GĐ1", "dienTichChuGiai": 30.75}}, {"type": "Feature", "geometry": {"type": "Polygon", "coordinates": [[[108.474141, 12.636985], [108.474441, 12.635174], [108.47517, 12.634841], [108.475766, 12.635098], [108.475949, 12.635794], [108.475595, 12.636759], [108.474998, 12.63726], [108.474363, 12.637119], [108.474141, 12.636985]]]}, "properties": {"loai": "gd1", "ten": "Dự kiến thu hồi GĐ1", "dienTichChuGiai": 30.75}}, {"type": "Feature", "geometry": {"type": "Polygon", "coordinates": [[[108.477535, 12.640614], [108.477469, 12.640415], [108.477227, 12.639546], [108.477075, 12.638562], [108.477528, 12.63692], [108.477497, 12.635748], [108.477766, 12.634925], [108.478093, 12.634983], [108.478833, 12.634899], [108.479987, 12.634796], [108.481028, 12.634539], [108.481959, 12.634589], [108.482497, 12.634899], [108.481394, 12.635657], [108.480419, 12.636591], [108.47897, 12.637042], [108.47897, 12.637892], [108.478198, 12.638329], [108.477909, 12.639071], [108.478038, 12.640641], [108.477535, 12.640614]]]}, "properties": {"loai": "gd1", "ten": "Dự kiến thu hồi GĐ1", "dienTichChuGiai": 30.75}}, {"type": "Feature", "geometry": {"type": "Polygon", "coordinates": [[[108.462039, 12.642105], [108.461965, 12.641898], [108.461778, 12.641756], [108.461622, 12.641496], [108.461357, 12.641354], [108.461334, 12.641259], [108.461381, 12.641332], [108.461435, 12.641324], [108.461509, 12.641324], [108.461544, 12.641332], [108.461704, 12.641289], [108.46186, 12.641328], [108.462016, 12.641293], [108.46209, 12.641228], [108.462117, 12.641228], [108.462382, 12.641351], [108.462449, 12.641358], [108.462593, 12.641408], [108.462694, 12.641477], [108.462831, 12.641515], [108.462951, 12.641607], [108.463014, 12.641672], [108.463096, 12.641772], [108.463197, 12.641856], [108.463489, 12.642013], [108.463645, 12.642029], [108.463645, 12.641967], [108.463665, 12.64186], [108.463696, 12.641787], [108.463696, 12.641761], [108.463743, 12.641707], [108.463758, 12.641696], [108.46377, 12.641607], [108.463817, 12.641573], [108.463871, 12.641481], [108.463898, 12.641454], [108.463937, 12.641489], [108.463984, 12.641481], [108.464093, 12.641431], [108.464031, 12.641186], [108.463984, 12.641148], [108.463941, 12.640941], [108.463934, 12.64093], [108.463938, 12.640406], [108.463926, 12.640383], [108.463922, 12.640333], [108.463902, 12.640252], [108.463984, 12.640199], [108.464199, 12.640164], [108.464394, 12.640149], [108.4649, 12.640046], [108.465302, 12.640195], [108.465383, 12.640249], [108.465255, 12.64049], [108.465282, 12.640815], [108.46527, 12.640827], [108.465286, 12.640854], [108.464818, 12.641761], [108.465118, 12.641983], [108.465036, 12.642607], [108.464315, 12.64266], [108.463793, 12.642526], [108.463142, 12.642526], [108.462815, 12.642434], [108.462039, 12.642105]]]}, "properties": {"loai": "gd1", "ten": "Dự kiến thu hồi GĐ1", "dienTichChuGiai": 30.75}}, {"type": "Feature", "geometry": {"type": "Polygon", "coordinates": [[[108.467802, 12.61879], [108.467877, 12.61879], [108.467896, 12.618817], [108.467951, 12.619], [108.467966, 12.619008], [108.467978, 12.619046], [108.467974, 12.619073], [108.468095, 12.619272], [108.468122, 12.619326], [108.468138, 12.619444], [108.468145, 12.619464], [108.468145, 12.619498], [108.468157, 12.619517], [108.468145, 12.619605], [108.468118, 12.619598], [108.468036, 12.619624], [108.468009, 12.619586], [108.467989, 12.619525], [108.467974, 12.619498], [108.467947, 12.619414], [108.46788, 12.619307], [108.467783, 12.619115], [108.467721, 12.618951], [108.467674, 12.618851], [108.467713, 12.618809], [108.467802, 12.61879]]]}, "properties": {"loai": "chuoi", "ten": "Diện tích đã trồng chuối", "dienTichChuGiai": null}}, {"type": "Feature", "geometry": {"type": "Polygon", "coordinates": [[[108.470915, 12.664656], [108.470502, 12.664733], [108.470334, 12.664779], [108.469519, 12.665112], [108.468791, 12.665368], [108.468377, 12.665437], [108.468229, 12.665498], [108.467711, 12.665739], [108.46759, 12.665808], [108.467037, 12.666018], [108.466253, 12.666302], [108.466167, 12.666344], [108.466039, 12.666256], [108.465793, 12.666125], [108.465618, 12.666087], [108.465353, 12.666014], [108.465162, 12.665949], [108.464795, 12.665601], [108.464643, 12.665176], [108.46462, 12.664812], [108.46487, 12.664732], [108.464862, 12.664445], [108.464827, 12.664345], [108.464846, 12.664192], [108.464846, 12.664074], [108.464877, 12.663974], [108.464897, 12.663829], [108.464916, 12.663767], [108.465026, 12.663633], [108.465045, 12.663633], [108.465201, 12.663588], [108.465302, 12.663519], [108.465478, 12.663503], [108.465634, 12.663503], [108.46593, 12.663488], [108.466094, 12.663473], [108.466234, 12.663446], [108.466803, 12.66337], [108.466869, 12.66335], [108.466861, 12.663297], [108.466663, 12.662987], [108.4666, 12.662799], [108.466534, 12.662646], [108.466429, 12.662489], [108.4663, 12.662344], [108.466102, 12.661999], [108.466082, 12.661972], [108.465926, 12.661834], [108.465474, 12.66203], [108.465104, 12.662271], [108.464995, 12.662324], [108.464983, 12.662324], [108.464772, 12.662474], [108.464402, 12.662703], [108.464297, 12.662787], [108.464067, 12.662917], [108.46395, 12.662837], [108.463864, 12.662745], [108.463849, 12.662711], [108.463786, 12.662638], [108.46372, 12.662546], [108.463658, 12.662447], [108.463459, 12.662439], [108.463369, 12.662485], [108.463194, 12.662251], [108.46312, 12.662068], [108.46303, 12.661991], [108.462995, 12.661849], [108.462816, 12.661601], [108.462691, 12.661336], [108.462699, 12.661149], [108.46268, 12.661019], [108.462633, 12.660873], [108.462454, 12.660376], [108.46245, 12.660349], [108.462528, 12.659962], [108.462532, 12.659851], [108.462571, 12.659752], [108.46261, 12.659713], [108.462625, 12.659633], [108.462645, 12.659579], [108.462703, 12.659499], [108.462863, 12.659258], [108.462879, 12.65922], [108.463003, 12.659013], [108.463058, 12.658887], [108.463191, 12.658672], [108.463198, 12.658653], [108.463292, 12.658511], [108.463413, 12.658358], [108.463479, 12.658213], [108.463491, 12.658079], [108.463491, 12.657999], [108.463592, 12.65788], [108.463658, 12.657746], [108.463686, 12.657666], [108.46381, 12.657459], [108.463838, 12.657421], [108.463865, 12.657333], [108.463931, 12.657241], [108.463978, 12.657206], [108.464025, 12.65716], [108.464072, 12.657091], [108.464153, 12.657045], [108.464228, 12.656965], [108.464411, 12.656869], [108.46445, 12.656824], [108.464571, 12.656724], [108.464617, 12.65667], [108.464691, 12.656636], [108.46484, 12.656548], [108.46496, 12.656494], [108.465097, 12.656487], [108.465179, 12.656506], [108.46519, 12.656494], [108.465327, 12.656487], [108.465416, 12.656705], [108.465444, 12.656751], [108.465728, 12.656969], [108.465857, 12.657053], [108.465985, 12.657099], [108.466141, 12.657073], [108.466391, 12.657057], [108.466535, 12.657103], [108.466656, 12.657149], [108.466683, 12.657168], [108.466691, 12.657295], [108.466632, 12.657555], [108.466613, 12.657693], [108.466585, 12.657773], [108.466667, 12.6578], [108.466776, 12.657857], [108.466979, 12.657949], [108.467178, 12.65806], [108.467345, 12.658167], [108.467591, 12.658405], [108.467607, 12.658435], [108.467755, 12.658589], [108.467809, 12.658635], [108.467899, 12.6587], [108.468008, 12.658818], [108.468109, 12.65901], [108.468253, 12.659354], [108.468335, 12.659526], [108.468363, 12.65958], [108.468378, 12.659592], [108.468479, 12.659764], [108.46867, 12.660912], [108.468698, 12.661], [108.468733, 12.661165], [108.468838, 12.661429], [108.468865, 12.661463], [108.468912, 12.661548], [108.468974, 12.661609], [108.46904, 12.661647], [108.469068, 12.661655], [108.469068, 12.661666], [108.469095, 12.66172], [108.469103, 12.66172], [108.46913, 12.661766], [108.469165, 12.661858], [108.469204, 12.661938], [108.469227, 12.662045], [108.469239, 12.662065], [108.469247, 12.66213], [108.469266, 12.662156], [108.469266, 12.662172], [108.46929, 12.662237], [108.469376, 12.66231], [108.469438, 12.662375], [108.469485, 12.662436], [108.469481, 12.662466], [108.469508, 12.662493], [108.469528, 12.662539], [108.469656, 12.662692], [108.469738, 12.662765], [108.469847, 12.662838], [108.469874, 12.662845], [108.469909, 12.662865], [108.470038, 12.662956], [108.470077, 12.662941], [108.470093, 12.662941], [108.470104, 12.662903], [108.470139, 12.662888], [108.470167, 12.662888], [108.470198, 12.662868], [108.470233, 12.662815], [108.470327, 12.662788], [108.470381, 12.662754], [108.470327, 12.662754], [108.470319, 12.66275], [108.470428, 12.662735], [108.470447, 12.662715], [108.470631, 12.662658], [108.47065, 12.662647], [108.470806, 12.663416], [108.470895, 12.663894], [108.470911, 12.66417], [108.470915, 12.664656]]]}, "properties": {"loai": "chuoi", "ten": "Diện tích đã trồng chuối", "dienTichChuGiai": null}}, {"type": "Feature", "geometry": {"type": "Polygon", "coordinates": [[[108.475491, 12.66159], [108.475479, 12.661663], [108.475433, 12.661862], [108.475421, 12.661881], [108.475366, 12.662088], [108.475335, 12.662241], [108.475288, 12.662413], [108.475222, 12.662574], [108.475202, 12.662674], [108.475117, 12.662926], [108.475097, 12.662961], [108.475058, 12.663114], [108.475058, 12.663141], [108.475031, 12.663179], [108.474984, 12.663313], [108.47493, 12.663413], [108.474863, 12.663501], [108.474871, 12.663619], [108.474824, 12.663726], [108.474813, 12.663738], [108.474797, 12.663799], [108.474684, 12.663933], [108.474618, 12.664067], [108.474551, 12.664247], [108.474512, 12.664412], [108.474493, 12.664457], [108.474458, 12.664611], [108.474399, 12.664699], [108.47436, 12.664852], [108.474333, 12.664997], [108.474314, 12.66515], [108.474286, 12.665258], [108.474236, 12.665422], [108.474236, 12.665575], [108.474162, 12.665717], [108.474158, 12.66579], [108.474142, 12.665816], [108.474056, 12.665824], [108.473982, 12.66587], [108.473947, 12.665977], [108.473799, 12.66605], [108.473733, 12.666138], [108.473698, 12.666149], [108.473577, 12.666092], [108.473483, 12.666107], [108.473273, 12.666042], [108.473156, 12.665996], [108.473035, 12.666008], [108.472941, 12.66605], [108.472887, 12.66613], [108.472786, 12.666222], [108.472754, 12.666276], [108.472727, 12.666283], [108.472719, 12.66631], [108.472653, 12.666337], [108.472579, 12.666318], [108.472571, 12.666299], [108.472509, 12.666272], [108.472407, 12.666306], [108.472279, 12.666314], [108.472174, 12.666314], [108.472166, 12.66626], [108.472139, 12.666161], [108.47215, 12.666096], [108.472123, 12.665996], [108.472041, 12.66595], [108.472026, 12.665763], [108.47187, 12.665759], [108.471784, 12.665766], [108.471655, 12.665805], [108.471453, 12.66582], [108.471351, 12.665816], [108.471133, 12.66587], [108.471012, 12.665942], [108.470946, 12.665942], [108.470778, 12.666004], [108.470743, 12.66595], [108.470763, 12.665831], [108.470778, 12.665315], [108.470798, 12.665081], [108.470817, 12.664928], [108.470849, 12.664848], [108.470856, 12.664809], [108.470849, 12.664821], [108.470849, 12.664782], [108.470911, 12.664737], [108.47095, 12.664737], [108.471094, 12.66476], [108.471289, 12.664725], [108.4715, 12.66471], [108.471768, 12.664649], [108.471971, 12.664614], [108.471998, 12.664603], [108.472111, 12.66458], [108.47226, 12.664515], [108.472275, 12.664499], [108.472287, 12.664499], [108.47247, 12.664373], [108.47272, 12.664285], [108.472758, 12.664251], [108.472751, 12.664078], [108.472669, 12.663726], [108.472646, 12.663416], [108.47261, 12.663225], [108.472603, 12.663072], [108.472614, 12.66303], [108.472575, 12.663018], [108.472552, 12.662865], [108.472498, 12.662685], [108.47249, 12.66252], [108.472462, 12.662375], [108.472455, 12.662367], [108.472474, 12.662306], [108.472427, 12.662302], [108.472104, 12.662371], [108.471726, 12.662432], [108.471671, 12.662478], [108.471624, 12.662493], [108.471617, 12.662486], [108.471558, 12.662513], [108.471488, 12.662486], [108.471476, 12.662474], [108.471433, 12.662402], [108.471414, 12.662248], [108.471379, 12.662049], [108.471363, 12.661824], [108.47134, 12.661598], [108.471321, 12.661544], [108.471321, 12.661418], [108.471297, 12.661253], [108.471289, 12.661081], [108.471262, 12.661054], [108.471235, 12.660847], [108.471184, 12.660637], [108.471149, 12.660457], [108.471067, 12.660166], [108.471079, 12.660005], [108.471044, 12.659852], [108.471083, 12.659688], [108.471091, 12.659607], [108.471075, 12.659534], [108.471064, 12.659508], [108.471056, 12.659389], [108.471013, 12.659397], [108.470927, 12.659289], [108.470919, 12.659217], [108.470865, 12.659144], [108.470877, 12.659079], [108.470958, 12.659064], [108.471126, 12.659056], [108.471301, 12.659014], [108.47141, 12.658976], [108.471524, 12.658926], [108.471578, 12.658895], [108.47166, 12.658819], [108.471754, 12.658646], [108.471874, 12.658501], [108.47219, 12.658344], [108.472326, 12.658298], [108.472588, 12.658248], [108.472724, 12.658203], [108.472825, 12.65818], [108.472966, 12.658134], [108.473012, 12.658126], [108.473188, 12.658065], [108.473278, 12.658111], [108.473258, 12.658226], [108.473278, 12.658264], [108.473305, 12.658352], [108.473367, 12.658451], [108.473359, 12.658482], [108.473383, 12.658582], [108.473375, 12.658662], [108.473437, 12.658761], [108.473539, 12.658853], [108.47364, 12.658861], [108.47373, 12.658892], [108.473893, 12.658984], [108.474006, 12.658984], [108.474115, 12.659056], [108.474217, 12.659075], [108.474482, 12.659079], [108.474595, 12.659087], [108.47463, 12.659144], [108.474704, 12.659118], [108.474813, 12.659118], [108.474926, 12.659164], [108.474961, 12.659229], [108.475035, 12.659263], [108.475078, 12.659321], [108.475078, 12.659382], [108.47507, 12.65942], [108.47502, 12.659535], [108.47502, 12.65968], [108.475, 12.659707], [108.475, 12.659788], [108.474992, 12.659899], [108.475035, 12.660078], [108.475043, 12.660297], [108.475039, 12.660431], [108.475058, 12.660649], [108.475055, 12.660775], [108.475109, 12.660867], [108.475183, 12.660928], [108.47521, 12.661055], [108.475253, 12.661173], [108.475335, 12.66133], [108.475382, 12.661437], [108.47537, 12.661445], [108.475491, 12.66159]]]}, "properties": {"loai": "chuoi", "ten": "Diện tích đã trồng chuối", "dienTichChuGiai": null}}, {"type": "Feature", "geometry": {"type": "Polygon", "coordinates": [[[108.450098, 12.640285], [108.454452, 12.640285], [108.45445, 12.6478], [108.454041, 12.647899], [108.453936, 12.647685], [108.452899, 12.647845], [108.452521, 12.647941], [108.452353, 12.648113], [108.452334, 12.648289], [108.450717, 12.647642], [108.451032, 12.646532], [108.451305, 12.64641], [108.451157, 12.645874], [108.450947, 12.645831], [108.450885, 12.645322], [108.449018, 12.645322], [108.449037, 12.64564], [108.448655, 12.645701], [108.448613, 12.644338], [108.449685, 12.642937], [108.449903, 12.64278], [108.451025, 12.642256], [108.450698, 12.640744], [108.450281, 12.640702], [108.450196, 12.640488], [108.450098, 12.640285]]]}, "properties": {"loai": "chuoi", "ten": "Diện tích đã trồng chuối", "dienTichChuGiai": null}}, {"type": "Feature", "geometry": {"type": "MultiPolygon", "coordinates": [[[[108.444803, 12.635499], [108.445676, 12.635667], [108.445641, 12.635273], [108.446311, 12.635105], [108.446381, 12.635174], [108.446771, 12.635101], [108.44794, 12.635205], [108.447944, 12.635132], [108.446853, 12.635017], [108.446869, 12.634952], [108.447387, 12.634772], [108.448942, 12.634286], [108.448618, 12.634738], [108.448466, 12.634784], [108.44849, 12.634841], [108.448653, 12.634803], [108.449086, 12.634244], [108.449885, 12.633972], [108.450754, 12.633632], [108.453104, 12.63274], [108.453775, 12.632503], [108.454137, 12.632381], [108.454387, 12.632446], [108.454453, 12.632442], [108.454452, 12.640293], [108.450102, 12.640292], [108.449787, 12.639622], [108.449494, 12.639293], [108.449413, 12.639098], [108.448699, 12.639178], [108.448091, 12.63922], [108.447694, 12.639178], [108.447367, 12.639013], [108.446981, 12.638477], [108.44679, 12.638343], [108.44787, 12.637245], [108.44803, 12.636502], [108.448154, 12.6361], [108.448217, 12.635496], [108.447964, 12.635216], [108.44718, 12.636142], [108.446319, 12.636483], [108.445617, 12.63641], [108.445243, 12.636463], [108.444803, 12.635499]]], [[[108.454453, 12.632335], [108.45441, 12.632335], [108.454391, 12.632289], [108.454453, 12.632289], [108.454453, 12.632335]]]]}, "properties": {"loai": "chuoi", "ten": "Diện tích đã trồng chuối", "dienTichChuGiai": null}}, {"type": "Feature", "geometry": {"type": "Polygon", "coordinates": [[[108.454442, 12.6478], [108.454444, 12.640285], [108.463899, 12.640287], [108.463902, 12.640314], [108.463895, 12.640325], [108.463938, 12.640406], [108.463934, 12.64093], [108.463941, 12.640941], [108.463984, 12.641148], [108.464031, 12.641186], [108.464093, 12.641431], [108.463984, 12.641481], [108.463937, 12.641489], [108.463898, 12.641454], [108.463871, 12.641481], [108.463817, 12.641573], [108.46377, 12.641607], [108.463758, 12.641696], [108.463743, 12.641707], [108.463696, 12.641761], [108.463696, 12.641787], [108.463665, 12.64186], [108.463645, 12.641967], [108.463645, 12.642029], [108.463489, 12.642013], [108.463197, 12.641856], [108.463096, 12.641772], [108.463014, 12.641672], [108.462951, 12.641607], [108.462831, 12.641515], [108.462694, 12.641477], [108.462593, 12.641408], [108.462449, 12.641358], [108.462382, 12.641351], [108.462117, 12.641228], [108.46209, 12.641228], [108.462016, 12.641293], [108.46186, 12.641328], [108.461704, 12.641289], [108.461544, 12.641332], [108.461509, 12.641324], [108.461435, 12.641324], [108.461381, 12.641332], [108.461334, 12.641259], [108.461357, 12.641354], [108.461622, 12.641496], [108.461778, 12.641756], [108.461965, 12.641898], [108.462039, 12.642105], [108.46186, 12.642373], [108.461766, 12.642488], [108.461891, 12.642878], [108.46184, 12.643165], [108.461926, 12.643433], [108.461883, 12.643605], [108.461871, 12.64403], [108.462269, 12.644069], [108.462343, 12.644597], [108.462206, 12.644853], [108.462269, 12.644957], [108.462374, 12.645267], [108.462436, 12.645481], [108.462386, 12.645646], [108.462374, 12.645975], [108.461076, 12.645822], [108.460562, 12.645676], [108.459965, 12.645492], [108.459619, 12.645358], [108.459283, 12.645305], [108.458781, 12.645182], [108.459011, 12.644512], [108.458987, 12.644432], [108.458602, 12.644328], [108.458465, 12.644462], [108.458453, 12.644615], [108.458297, 12.644906], [108.458192, 12.645071], [108.457951, 12.645079], [108.457943, 12.645182], [108.457596, 12.645431], [108.457565, 12.645699], [108.457483, 12.646234], [108.457319, 12.646499], [108.457003, 12.646786], [108.456376, 12.646939], [108.455678, 12.647076], [108.455144, 12.647394], [108.454661, 12.647692], [108.454462, 12.647796], [108.454442, 12.6478]]]}, "properties": {"loai": "chuoi", "ten": "Diện tích đã trồng chuối", "dienTichChuGiai": null}}, {"type": "Feature", "geometry": {"type": "Polygon", "coordinates": [[[108.463902, 12.640295], [108.454444, 12.640293], [108.454445, 12.632442], [108.455123, 12.632412], [108.455119, 12.632335], [108.454445, 12.632335], [108.454445, 12.632289], [108.454886, 12.632297], [108.455521, 12.632293], [108.456078, 12.632549], [108.456285, 12.63281], [108.456277, 12.632806], [108.456366, 12.632928], [108.456526, 12.633518], [108.456643, 12.633621], [108.456885, 12.633989], [108.456947, 12.634016], [108.457111, 12.634111], [108.45727, 12.634192], [108.457578, 12.635153], [108.458201, 12.636022], [108.458346, 12.635972], [108.458416, 12.635961], [108.458521, 12.635964], [108.458642, 12.635984], [108.458961, 12.635907], [108.459117, 12.635964], [108.459394, 12.636076], [108.45955, 12.63634], [108.45976, 12.636623], [108.460049, 12.636811], [108.460076, 12.636841], [108.460185, 12.637385], [108.460582, 12.637546], [108.460656, 12.637894], [108.460781, 12.63815], [108.460972, 12.638277], [108.461042, 12.638392], [108.460995, 12.638239], [108.460941, 12.63812], [108.460914, 12.638108], [108.461007, 12.637974], [108.461007, 12.637928], [108.461031, 12.637775], [108.461031, 12.63776], [108.460984, 12.637576], [108.460984, 12.637557], [108.460941, 12.637484], [108.460941, 12.637469], [108.461097, 12.637423], [108.461307, 12.637373], [108.461853, 12.637285], [108.462149, 12.637255], [108.462192, 12.637228], [108.462286, 12.637362], [108.462356, 12.637473], [108.462422, 12.637607], [108.462574, 12.637783], [108.462738, 12.637936], [108.462819, 12.637982], [108.462784, 12.638082], [108.462745, 12.638128], [108.462718, 12.638174], [108.462597, 12.638342], [108.46257, 12.638407], [108.46255, 12.638507], [108.462578, 12.638579], [108.462585, 12.63866], [108.462636, 12.638893], [108.462628, 12.639039], [108.462617, 12.639085], [108.462624, 12.639119], [108.462605, 12.639326], [108.462585, 12.639383], [108.462585, 12.63959], [108.462578, 12.639621], [108.462289, 12.63964], [108.462164, 12.639636], [108.462262, 12.63964], [108.462418, 12.639697], [108.462426, 12.639705], [108.462593, 12.639743], [108.462893, 12.639881], [108.46294, 12.639935], [108.463014, 12.639992], [108.46303, 12.640011], [108.463069, 12.640038], [108.46315, 12.640057], [108.463314, 12.64013], [108.463509, 12.640233], [108.463848, 12.640233], [108.463883, 12.640245], [108.463902, 12.640295]]]}, "properties": {"loai": "chuoi", "ten": "Diện tích đã trồng chuối", "dienTichChuGiai": null}}, {"type": "Feature", "geometry": {"type": "Polygon", "coordinates": [[[108.445173, 12.636475], [108.445114, 12.636483], [108.445099, 12.636379], [108.444939, 12.6361], [108.445103, 12.636356], [108.445173, 12.636475]]]}, "properties": {"loai": "chuoi", "ten": "Diện tích đã trồng chuối", "dienTichChuGiai": null}}, {"type": "Feature", "geometry": {"type": "Polygon", "coordinates": [[[108.454079, 12.630497], [108.453997, 12.631401], [108.453954, 12.631393], [108.453904, 12.6316], [108.453904, 12.631883], [108.4539, 12.631887], [108.453147, 12.632201], [108.452309, 12.632572], [108.451464, 12.632928], [108.449741, 12.633547], [108.448958, 12.633815], [108.448926, 12.633769], [108.44879, 12.633811], [108.448802, 12.633857], [108.447999, 12.634106], [108.447243, 12.634316], [108.446479, 12.634504], [108.446448, 12.634473], [108.4463, 12.634515], [108.446304, 12.634554], [108.446245, 12.634573], [108.445598, 12.634745], [108.445454, 12.632988], [108.446335, 12.63259], [108.447886, 12.632782], [108.448171, 12.632483], [108.44814, 12.631266], [108.448229, 12.631151], [108.448311, 12.63112], [108.448884, 12.63127], [108.449102, 12.631312], [108.44936, 12.631342], [108.449734, 12.631373], [108.451184, 12.630612], [108.451488, 12.630237], [108.451515, 12.630214], [108.45148, 12.630195], [108.45148, 12.630175], [108.451488, 12.630175], [108.451546, 12.630103], [108.451542, 12.630072], [108.451706, 12.630072], [108.45245, 12.629521], [108.454072, 12.629751], [108.454079, 12.630497]]]}, "properties": {"loai": "chuoi", "ten": "Diện tích đã trồng chuối", "dienTichChuGiai": null}}, {"type": "Feature", "geometry": {"type": "Polygon", "coordinates": [[[108.444838, 12.635924], [108.444573, 12.635457], [108.444604, 12.63546], [108.444674, 12.63561], [108.444838, 12.635924]]]}, "properties": {"loai": "chuoi", "ten": "Diện tích đã trồng chuối", "dienTichChuGiai": null}}, {"type": "Feature", "geometry": {"type": "Polygon", "coordinates": [[[108.473292, 12.626607], [108.477813, 12.626607], [108.477798, 12.626646], [108.477798, 12.626734], [108.477786, 12.62678], [108.477797, 12.626898], [108.47786, 12.626944], [108.477879, 12.626952], [108.477961, 12.627013], [108.478008, 12.627025], [108.47807, 12.627078], [108.478129, 12.627117], [108.478265, 12.627185], [108.478312, 12.627185], [108.478312, 12.630045], [108.478218, 12.630144], [108.478156, 12.630252], [108.478136, 12.630271], [108.478, 12.630489], [108.477941, 12.630562], [108.477906, 12.630577], [108.477867, 12.630615], [108.477867, 12.630676], [108.477852, 12.630688], [108.477805, 12.630768], [108.47775, 12.630849], [108.477731, 12.630856], [108.477704, 12.630929], [108.477723, 12.630994], [108.477711, 12.631002], [108.477684, 12.630987], [108.477696, 12.630994], [108.477711, 12.631029], [108.477739, 12.631113], [108.477778, 12.631511], [108.477758, 12.631771], [108.477739, 12.631844], [108.477649, 12.631779], [108.477594, 12.631764], [108.477575, 12.631744], [108.477528, 12.631744], [108.47752, 12.631737], [108.477427, 12.631691], [108.477392, 12.631699], [108.477372, 12.631691], [108.477263, 12.631691], [108.477271, 12.631645], [108.477279, 12.631373], [108.477279, 12.631094], [108.47717, 12.631055], [108.477022, 12.631021], [108.476799, 12.630941], [108.476683, 12.630887], [108.476581, 12.630814], [108.476515, 12.630703], [108.476406, 12.630596], [108.476406, 12.630577], [108.476386, 12.630569], [108.476324, 12.630389], [108.476312, 12.630378], [108.476277, 12.630263], [108.476157, 12.630171], [108.475934, 12.629991], [108.475806, 12.629918], [108.475642, 12.629846], [108.475346, 12.6298], [108.475319, 12.629792], [108.475319, 12.629781], [108.475256, 12.629972], [108.475054, 12.629964], [108.475007, 12.62998], [108.474941, 12.630117], [108.474765, 12.63027], [108.474555, 12.630332], [108.474527, 12.630324], [108.474387, 12.630332], [108.474333, 12.630343], [108.474344, 12.630316], [108.474278, 12.63029], [108.474169, 12.630217], [108.474169, 12.630213], [108.47427, 12.630217], [108.474247, 12.630182], [108.474204, 12.630148], [108.474196, 12.630098], [108.474173, 12.630045], [108.474157, 12.629968], [108.474212, 12.62993], [108.474235, 12.629891], [108.474243, 12.629834], [108.474278, 12.629777], [108.474348, 12.629689], [108.474341, 12.629555], [108.474333, 12.629505], [108.474379, 12.629444], [108.474407, 12.62931], [108.474399, 12.629256], [108.474341, 12.629222], [108.474286, 12.629137], [108.474309, 12.629084], [108.474321, 12.62903], [108.474278, 12.628961], [108.47422, 12.628908], [108.47413, 12.628778], [108.474103, 12.628594], [108.47413, 12.628479], [108.474119, 12.628268], [108.47408, 12.628111], [108.474006, 12.627985], [108.473951, 12.627974], [108.473877, 12.627897], [108.473822, 12.627794], [108.473846, 12.62766], [108.473865, 12.627598], [108.473756, 12.627376], [108.473702, 12.627308], [108.473663, 12.627392], [108.4736, 12.627411], [108.473304, 12.627403], [108.473047, 12.627376], [108.47286, 12.6273], [108.472918, 12.62725], [108.472907, 12.627204], [108.472922, 12.627166], [108.473031, 12.627051], [108.47307, 12.626948], [108.473273, 12.626657], [108.473292, 12.626607]]]}, "properties": {"loai": "chuoi", "ten": "Diện tích đã trồng chuối", "dienTichChuGiai": null}}, {"type": "Feature", "geometry": {"type": "Polygon", "coordinates": [[[108.472038, 12.625328], [108.472264, 12.62508], [108.472369, 12.624972], [108.472525, 12.624766], [108.472712, 12.624253], [108.472798, 12.624192], [108.472732, 12.624203], [108.477034, 12.622431], [108.477852, 12.622056], [108.478312, 12.621884], [108.478312, 12.623668], [108.478238, 12.623779], [108.478129, 12.623878], [108.478028, 12.624112], [108.478, 12.624337], [108.477895, 12.624575], [108.477887, 12.624621], [108.47786, 12.624682], [108.477825, 12.624701], [108.477798, 12.624789], [108.477841, 12.624873], [108.477954, 12.624973], [108.478028, 12.62516], [108.478129, 12.625287], [108.478191, 12.625314], [108.478144, 12.625486], [108.478156, 12.625585], [108.47809, 12.62565], [108.478043, 12.625712], [108.478016, 12.625765], [108.478008, 12.625784], [108.478008, 12.625811], [108.477934, 12.625976], [108.477953, 12.626003], [108.477942, 12.626049], [108.477895, 12.626183], [108.477833, 12.626274], [108.477786, 12.626355], [108.477778, 12.626393], [108.477778, 12.626462], [108.477759, 12.626535], [108.477813, 12.626607], [108.477809, 12.626615], [108.473289, 12.626615], [108.473394, 12.626366], [108.473394, 12.626213], [108.473226, 12.625933], [108.473113, 12.625918], [108.472735, 12.625677], [108.472677, 12.625658], [108.472599, 12.625589], [108.472537, 12.625596], [108.472408, 12.625485], [108.472057, 12.625359], [108.472038, 12.625328]]]}, "properties": {"loai": "chuoi", "ten": "Diện tích đã trồng chuối", "dienTichChuGiai": null}}, {"type": "Feature", "geometry": {"type": "Polygon", "coordinates": [[[108.478304, 12.630053], [108.478304, 12.627185], [108.478413, 12.627212], [108.478468, 12.627323], [108.478515, 12.627385], [108.478561, 12.627442], [108.478651, 12.627522], [108.478705, 12.627542], [108.478826, 12.627595], [108.478908, 12.62761], [108.478963, 12.627683], [108.478963, 12.627702], [108.478947, 12.627756], [108.478892, 12.628009], [108.478928, 12.628001], [108.478947, 12.628035], [108.478974, 12.628135], [108.478974, 12.628334], [108.478963, 12.628353], [108.478955, 12.628426], [108.478963, 12.628453], [108.478908, 12.628498], [108.4789, 12.628571], [108.478865, 12.628632], [108.478881, 12.628659], [108.478865, 12.628751], [108.478779, 12.62895], [108.478772, 12.629023], [108.478779, 12.629042], [108.478752, 12.629096], [108.478818, 12.629168], [108.478834, 12.629203], [108.478846, 12.629268], [108.480934, 12.629268], [108.480962, 12.62923], [108.481001, 12.629077], [108.481036, 12.628969], [108.481063, 12.628832], [108.48109, 12.628759], [108.481137, 12.628705], [108.481172, 12.628698], [108.481239, 12.628652], [108.481367, 12.628591], [108.481679, 12.628426], [108.481874, 12.6283], [108.481967, 12.628246], [108.482057, 12.628181], [108.482178, 12.62812], [108.482318, 12.628036], [108.482556, 12.627921], [108.482805, 12.627775], [108.482832, 12.627768], [108.482887, 12.627737], [108.482977, 12.62763], [108.483023, 12.627549], [108.483062, 12.627496], [108.483105, 12.627343], [108.48309, 12.627213], [108.483117, 12.627144], [108.483117, 12.627105], [108.48309, 12.626834], [108.483101, 12.626608], [108.484415, 12.626608], [108.484551, 12.626853], [108.484582, 12.626918], [108.484543, 12.626972], [108.484524, 12.627132], [108.484497, 12.627178], [108.484477, 12.627316], [108.484516, 12.627377], [108.484477, 12.62753], [108.484423, 12.62771], [108.484407, 12.627795], [108.484368, 12.627902], [108.484368, 12.627921], [108.484415, 12.628055], [108.484422, 12.628093], [108.484407, 12.628174], [108.484407, 12.6282], [108.484387, 12.628281], [108.484348, 12.62838], [108.484306, 12.628434], [108.484286, 12.628487], [108.484274, 12.628499], [108.484267, 12.628518], [108.484251, 12.628579], [108.48422, 12.628572], [108.484204, 12.628579], [108.484157, 12.628572], [108.484091, 12.628533], [108.483963, 12.628533], [108.483853, 12.628552], [108.483818, 12.628533], [108.483772, 12.628518], [108.483752, 12.628487], [108.483678, 12.628461], [108.483557, 12.628445], [108.48355, 12.628453], [108.483483, 12.628453], [108.483355, 12.62848], [108.483218, 12.628499], [108.483125, 12.628506], [108.483051, 12.628506], [108.482934, 12.628533], [108.482914, 12.628533], [108.482887, 12.628526], [108.482793, 12.628526], [108.482766, 12.628533], [108.482758, 12.628545], [108.482739, 12.628545], [108.482692, 12.62856], [108.482583, 12.628579], [108.482517, 12.628606], [108.48247, 12.628671], [108.482462, 12.628686], [108.482528, 12.628751], [108.482564, 12.628778], [108.482665, 12.628824], [108.482677, 12.628897], [108.48263, 12.628989], [108.482544, 12.629042], [108.482509, 12.629077], [108.482447, 12.629069], [108.482306, 12.629084], [108.482205, 12.628958], [108.482111, 12.628897], [108.482069, 12.628904], [108.482022, 12.628924], [108.481983, 12.628931], [108.481948, 12.62895], [108.481901, 12.628989], [108.481866, 12.628958], [108.481819, 12.629004], [108.481772, 12.629031], [108.481765, 12.629058], [108.481726, 12.629096], [108.481718, 12.629115], [108.48157, 12.629276], [108.481507, 12.629322], [108.481379, 12.629402], [108.481394, 12.62941], [108.481359, 12.629448], [108.481274, 12.629494], [108.481258, 12.629513], [108.481238, 12.629521], [108.481164, 12.629574], [108.481075, 12.629609], [108.481008, 12.629701], [108.480954, 12.629739], [108.480907, 12.629781], [108.480814, 12.629819], [108.480685, 12.629953], [108.48063, 12.630125], [108.480623, 12.630133], [108.480623, 12.630198], [108.480677, 12.630325], [108.48074, 12.630416], [108.480759, 12.630436], [108.480798, 12.630489], [108.48086, 12.630631], [108.480899, 12.630658], [108.480907, 12.630715], [108.480962, 12.630841], [108.480962, 12.630887], [108.480853, 12.631029], [108.480825, 12.631075], [108.480685, 12.631186], [108.480658, 12.631247], [108.480611, 12.631266], [108.480595, 12.631312], [108.480482, 12.631358], [108.480408, 12.631347], [108.480326, 12.631293], [108.480326, 12.631274], [108.480311, 12.631228], [108.480264, 12.631193], [108.480252, 12.631174], [108.480225, 12.631155], [108.480217, 12.63114], [108.480104, 12.631056], [108.480061, 12.63104], [108.479987, 12.630994], [108.479921, 12.630975], [108.47982, 12.630914], [108.4798, 12.630914], [108.479765, 12.630902], [108.479703, 12.630857], [108.479527, 12.630776], [108.47936, 12.63073], [108.479333, 12.630715], [108.47934, 12.630696], [108.479305, 12.630642], [108.479231, 12.630604], [108.479185, 12.630569], [108.479185, 12.630562], [108.479056, 12.630424], [108.478994, 12.630332], [108.478826, 12.630179], [108.478787, 12.630125], [108.478604, 12.630091], [108.478549, 12.630091], [108.478514, 12.630072], [108.478358, 12.630018], [108.478331, 12.630026], [108.478304, 12.630053]]]}, "properties": {"loai": "chuoi", "ten": "Diện tích đã trồng chuối", "dienTichChuGiai": null}}, {"type": "Feature", "geometry": {"type": "MultiPolygon", "coordinates": [[[[108.478304, 12.623679], [108.478305, 12.621888], [108.479672, 12.621379], [108.479672, 12.62139], [108.47963, 12.621528], [108.47963, 12.621715], [108.479645, 12.621807], [108.479684, 12.621861], [108.479739, 12.621888], [108.47982, 12.621953], [108.479859, 12.622006], [108.479859, 12.62206], [108.47984, 12.622114], [108.479727, 12.622121], [108.479657, 12.622213], [108.479629, 12.62224], [108.479598, 12.622305], [108.479591, 12.622378], [108.479536, 12.622431], [108.479516, 12.622493], [108.479489, 12.62255], [108.47947, 12.622703], [108.479435, 12.62281], [108.479353, 12.623028], [108.479372, 12.623036], [108.479333, 12.623101], [108.479325, 12.623128], [108.479251, 12.623254], [108.479049, 12.623427], [108.478975, 12.623453], [108.478772, 12.62348], [108.478624, 12.623526], [108.478495, 12.623499], [108.478468, 12.623499], [108.478359, 12.623595], [108.478304, 12.623679]]], [[[108.483101, 12.626615], [108.483117, 12.626409], [108.483105, 12.626057], [108.48309, 12.625823], [108.483078, 12.625712], [108.48307, 12.625678], [108.48307, 12.625605], [108.483078, 12.625578], [108.483078, 12.625498], [108.48307, 12.625413], [108.483098, 12.62518], [108.483098, 12.625115], [108.483063, 12.625042], [108.483051, 12.625027], [108.483102, 12.625004], [108.483098, 12.625027], [108.483254, 12.624717], [108.483265, 12.624717], [108.483254, 12.624728], [108.483254, 12.624736], [108.483265, 12.624736], [108.483281, 12.624755], [108.483328, 12.624755], [108.483355, 12.624801], [108.483367, 12.624835], [108.483386, 12.624855], [108.483421, 12.624862], [108.483441, 12.624908], [108.483503, 12.625], [108.483651, 12.6251], [108.483678, 12.625146], [108.483678, 12.625241], [108.483698, 12.625398], [108.483772, 12.625513], [108.483854, 12.625586], [108.483935, 12.625678], [108.483955, 12.625724], [108.484017, 12.625777], [108.484017, 12.625812], [108.484037, 12.625923], [108.484123, 12.625995], [108.48413, 12.626011], [108.484239, 12.626049], [108.484313, 12.626156], [108.484321, 12.626183], [108.484333, 12.626283], [108.484267, 12.626363], [108.484212, 12.626394], [108.484239, 12.626394], [108.484306, 12.626436], [108.484306, 12.626474], [108.484419, 12.626616], [108.483101, 12.626615]]]]}, "properties": {"loai": "chuoi", "ten": "Diện tích đã trồng chuối", "dienTichChuGiai": null}}, {"type": "Feature", "geometry": {"type": "Polygon", "coordinates": [[[108.471898, 12.622285], [108.471902, 12.621872], [108.471754, 12.621412], [108.471703, 12.621328], [108.471715, 12.621167], [108.471672, 12.62106], [108.471765, 12.62103], [108.471878, 12.62101], [108.47205, 12.62101], [108.472089, 12.621018], [108.472311, 12.620957], [108.472467, 12.620965], [108.472494, 12.620984], [108.472658, 12.621011], [108.472872, 12.620999], [108.473083, 12.620945], [108.473266, 12.620884], [108.473422, 12.620857], [108.473488, 12.620838], [108.473507, 12.620838], [108.47357, 12.620804], [108.473617, 12.620804], [108.473636, 12.620785], [108.473656, 12.620792], [108.473671, 12.620812], [108.473691, 12.620812], [108.473757, 12.620785], [108.473839, 12.620785], [108.473854, 12.620766], [108.473901, 12.620739], [108.473975, 12.620747], [108.474041, 12.620747], [108.474279, 12.620685], [108.474306, 12.620674], [108.474306, 12.620693], [108.474334, 12.620685], [108.474326, 12.620693], [108.474521, 12.620605], [108.474868, 12.620532], [108.475183, 12.620448], [108.475273, 12.620448], [108.4753, 12.620394], [108.4753, 12.620314], [108.47532, 12.620249], [108.475359, 12.620153], [108.475366, 12.620069], [108.475448, 12.61997], [108.475468, 12.619962], [108.475495, 12.619996], [108.47553, 12.619954], [108.475928, 12.619736], [108.476157, 12.619629], [108.476313, 12.61961], [108.476434, 12.619545], [108.476543, 12.619526], [108.476563, 12.619518], [108.47661, 12.619518], [108.476645, 12.61951], [108.476839, 12.619438], [108.476875, 12.619438], [108.476995, 12.619392], [108.477042, 12.619338], [108.476988, 12.61933], [108.47705, 12.619311], [108.477151, 12.619285], [108.477596, 12.619239], [108.477786, 12.619174], [108.477888, 12.619166], [108.478496, 12.618894], [108.478523, 12.618894], [108.478543, 12.618913], [108.47855, 12.618906], [108.478597, 12.618913], [108.478706, 12.618887], [108.47878, 12.618894], [108.47878, 12.618906], [108.478928, 12.618975], [108.478948, 12.619032], [108.479037, 12.619174], [108.47903, 12.619185], [108.479069, 12.619285], [108.479123, 12.619491], [108.479123, 12.619511], [108.479084, 12.619499], [108.479104, 12.619545], [108.479314, 12.619591], [108.479563, 12.619736], [108.479673, 12.619828], [108.479673, 12.619855], [108.479712, 12.619916], [108.479719, 12.620069], [108.479692, 12.620142], [108.479673, 12.620161], [108.47963, 12.620249], [108.479692, 12.620341], [108.479801, 12.620406], [108.479747, 12.620487], [108.479704, 12.62054], [108.479719, 12.620613], [108.479704, 12.62064], [108.479793, 12.620674], [108.479801, 12.620713], [108.479813, 12.62072], [108.479824, 12.620755], [108.479314, 12.621026], [108.47832, 12.621379], [108.475386, 12.6225], [108.472502, 12.62387], [108.472509, 12.623878], [108.472272, 12.623992], [108.472252, 12.623985], [108.472198, 12.623793], [108.471317, 12.623778], [108.471305, 12.623659], [108.470912, 12.623602], [108.470803, 12.623483], [108.470662, 12.622767], [108.470783, 12.622775], [108.471676, 12.622607], [108.471878, 12.622515], [108.471937, 12.6225], [108.471898, 12.622285]]]}, "properties": {"loai": "chuoi", "ten": "Diện tích đã trồng chuối", "dienTichChuGiai": null}}, {"type": "Feature", "geometry": {"type": "Polygon", "coordinates": [[[108.464899, 12.621281], [108.466925, 12.621282], [108.466925, 12.623257], [108.466921, 12.623265], [108.466921, 12.623364], [108.466925, 12.623372], [108.466925, 12.624218], [108.466859, 12.624267], [108.46682, 12.624287], [108.466785, 12.624283], [108.466738, 12.624302], [108.466711, 12.62431], [108.466691, 12.62431], [108.466629, 12.624336], [108.466617, 12.624348], [108.466598, 12.624355], [108.466582, 12.624355], [108.466543, 12.624371], [108.466516, 12.624398], [108.466516, 12.624417], [108.466496, 12.624443], [108.466477, 12.624455], [108.466461, 12.624451], [108.466434, 12.62447], [108.466414, 12.624478], [108.466407, 12.624489], [108.466375, 12.624497], [108.466348, 12.624516], [108.466313, 12.624516], [108.466301, 12.624524], [108.466286, 12.624524], [108.466274, 12.624543], [108.466274, 12.624558], [108.466255, 12.624543], [108.466184, 12.624378], [108.466095, 12.624126], [108.466079, 12.624041], [108.466052, 12.623961], [108.466017, 12.623796], [108.46599, 12.623724], [108.46597, 12.623643], [108.465962, 12.623563], [108.465947, 12.623483], [108.465947, 12.623391], [108.465939, 12.623318], [108.465927, 12.623245], [108.465912, 12.623192], [108.465904, 12.623111], [108.465885, 12.623019], [108.465857, 12.622939], [108.465807, 12.622721], [108.465779, 12.622648], [108.465643, 12.622357], [108.465608, 12.622185], [108.465581, 12.622112], [108.465546, 12.622039], [108.465456, 12.621894], [108.465429, 12.621833], [108.465421, 12.621787], [108.465409, 12.621775], [108.465374, 12.621775], [108.465347, 12.621787], [108.465327, 12.621787], [108.465308, 12.621794], [108.465281, 12.621794], [108.465187, 12.621829], [108.46516, 12.621829], [108.465144, 12.621821], [108.465144, 12.62181], [108.465133, 12.621802], [108.465133, 12.621783], [108.465125, 12.621791], [108.465098, 12.621791], [108.46509, 12.621775], [108.46509, 12.621676], [108.465078, 12.621664], [108.465051, 12.621664], [108.465043, 12.621618], [108.465024, 12.621618], [108.465008, 12.621603], [108.465, 12.621557], [108.464969, 12.621538], [108.464969, 12.62153], [108.464953, 12.621538], [108.464934, 12.621538], [108.464934, 12.621484], [108.464946, 12.621457], [108.464934, 12.621431], [108.464934, 12.621419], [108.464926, 12.621412], [108.464926, 12.6214], [108.464899, 12.621373], [108.464911, 12.621293], [108.464899, 12.621281]]]}, "properties": {"loai": "chuoi", "ten": "Diện tích đã trồng chuối", "dienTichChuGiai": null}}, {"type": "Feature", "geometry": {"type": "Polygon", "coordinates": [[[108.462896, 12.619233], [108.462896, 12.619195], [108.462982, 12.619115], [108.463052, 12.61908], [108.463126, 12.619034], [108.463212, 12.618992], [108.463368, 12.618885], [108.46345, 12.618847], [108.463637, 12.618778], [108.463711, 12.618732], [108.463785, 12.618697], [108.463933, 12.618617], [108.464081, 12.618563], [108.464245, 12.618514], [108.464412, 12.618441], [108.464486, 12.618414], [108.464552, 12.618414], [108.464615, 12.618407], [108.464716, 12.61838], [108.464763, 12.618353], [108.464817, 12.618311], [108.464856, 12.618265], [108.464911, 12.618231], [108.465114, 12.618143], [108.465188, 12.618116], [108.465262, 12.618077], [108.465336, 12.618051], [108.46541, 12.618043], [108.465476, 12.618028], [108.465519, 12.618009], [108.465566, 12.618009], [108.465667, 12.61802], [108.465796, 12.618066], [108.465916, 12.61812], [108.465998, 12.618139], [108.46608, 12.618169], [108.466263, 12.618261], [108.466446, 12.618334], [108.466548, 12.618361], [108.466649, 12.618399], [108.466711, 12.618437], [108.466785, 12.618464], [108.466859, 12.618503], [108.466926, 12.618526], [108.466925, 12.621289], [108.464903, 12.621289], [108.464899, 12.621285], [108.464899, 12.621258], [108.464891, 12.621239], [108.464844, 12.621193], [108.464844, 12.621186], [108.464837, 12.621182], [108.464837, 12.621167], [108.464829, 12.621147], [108.464809, 12.62114], [108.464801, 12.621147], [108.464782, 12.621128], [108.46479, 12.621094], [108.46479, 12.621082], [108.464774, 12.621056], [108.464782, 12.62104], [108.464782, 12.621013], [108.464774, 12.621002], [108.464766, 12.620948], [108.464755, 12.620941], [108.464739, 12.62091], [108.464747, 12.620876], [108.464685, 12.62083], [108.464646, 12.62083], [108.46463, 12.620822], [108.464583, 12.620822], [108.464517, 12.620837], [108.464509, 12.620856], [108.46447, 12.620864], [108.464462, 12.620856], [108.464455, 12.620856], [108.464435, 12.620864], [108.464396, 12.620864], [108.464381, 12.620872], [108.464322, 12.620872], [108.464295, 12.620853], [108.464287, 12.620864], [108.464268, 12.620864], [108.464221, 12.620879], [108.464205, 12.620879], [108.464186, 12.620887], [108.464186, 12.620925], [108.464178, 12.620933], [108.464166, 12.620933], [108.464166, 12.620944], [108.464174, 12.62096], [108.464174, 12.620987], [108.464139, 12.621013], [108.464139, 12.621032], [108.46412, 12.621052], [108.464092, 12.621052], [108.464092, 12.621025], [108.464073, 12.620987], [108.464065, 12.620987], [108.464045, 12.620952], [108.464049, 12.620933], [108.46403, 12.620895], [108.463968, 12.62086], [108.463862, 12.62086], [108.463819, 12.620841], [108.463781, 12.620841], [108.463745, 12.620822], [108.463726, 12.62083], [108.463706, 12.620822], [108.463699, 12.62081], [108.463652, 12.62081], [108.463636, 12.620822], [108.463617, 12.620822], [108.463597, 12.620818], [108.46359, 12.62081], [108.46357, 12.62081], [108.463551, 12.620818], [108.463543, 12.620837], [108.463523, 12.62083], [108.463504, 12.62081], [108.463504, 12.620784], [108.463488, 12.620764], [108.463469, 12.620757], [108.463461, 12.620738], [108.463441, 12.620726], [108.463414, 12.620673], [108.463399, 12.620657], [108.463379, 12.620627], [108.463344, 12.620611], [108.463325, 12.620592], [108.463325, 12.620573], [108.463297, 12.620546], [108.46327, 12.620539], [108.46327, 12.620527], [108.463251, 12.620519], [108.463243, 12.6205], [108.463216, 12.620481], [108.463204, 12.620462], [108.463188, 12.620454], [108.463161, 12.62042], [108.463141, 12.620408], [108.463095, 12.620362], [108.463087, 12.620336], [108.463052, 12.620328], [108.46304, 12.620309], [108.463025, 12.620301], [108.462997, 12.620263], [108.462986, 12.620236], [108.462931, 12.620198], [108.462904, 12.620152], [108.462915, 12.620098], [108.462923, 12.620026], [108.462943, 12.619957], [108.462954, 12.619884], [108.462982, 12.619658], [108.462986, 12.619566], [108.462966, 12.619494], [108.462951, 12.619348], [108.462931, 12.619275], [108.462896, 12.619233]]]}, "properties": {"loai": "chuoi", "ten": "Diện tích đã trồng chuối", "dienTichChuGiai": null}}, {"type": "Feature", "geometry": {"type": "Polygon", "coordinates": [[[108.466917, 12.624225], [108.466918, 12.621282], [108.467401, 12.621282], [108.467401, 12.621328], [108.467412, 12.621335], [108.467412, 12.621354], [108.467393, 12.621381], [108.467393, 12.621488], [108.467373, 12.621523], [108.467373, 12.621542], [108.467381, 12.621569], [108.467373, 12.621588], [108.46737, 12.621634], [108.467381, 12.621653], [108.467381, 12.621668], [108.467362, 12.621687], [108.467334, 12.621768], [108.467334, 12.621795], [108.467323, 12.621814], [108.467323, 12.62186], [108.467315, 12.621875], [108.467315, 12.621921], [108.467284, 12.621975], [108.467284, 12.622047], [108.467276, 12.622066], [108.467256, 12.622093], [108.467249, 12.62212], [108.467245, 12.622185], [108.467229, 12.62222], [108.46721, 12.622227], [108.467198, 12.622254], [108.467198, 12.622319], [108.467179, 12.622354], [108.467178, 12.622399], [108.467163, 12.622419], [108.467151, 12.622453], [108.467151, 12.622499], [108.467132, 12.622533], [108.467132, 12.622553], [108.467124, 12.622572], [108.467112, 12.622587], [108.467112, 12.622625], [108.467093, 12.62266], [108.467093, 12.622679], [108.467085, 12.622706], [108.467073, 12.622725], [108.467073, 12.622767], [108.467058, 12.622805], [108.467026, 12.622851], [108.467026, 12.622939], [108.467019, 12.622951], [108.467019, 12.622985], [108.466972, 12.623085], [108.46696, 12.623092], [108.46696, 12.623119], [108.466952, 12.623138], [108.466952, 12.623192], [108.466933, 12.623219], [108.466933, 12.623245], [108.466921, 12.623265], [108.466921, 12.623364], [108.466933, 12.623383], [108.466929, 12.62341], [108.466941, 12.623429], [108.466941, 12.623456], [108.466968, 12.623471], [108.466976, 12.62349], [108.467011, 12.62351], [108.467022, 12.623529], [108.46703, 12.623555], [108.46705, 12.623575], [108.467077, 12.62359], [108.467085, 12.623601], [108.467112, 12.623609], [108.467112, 12.623628], [108.46712, 12.623636], [108.46712, 12.623682], [108.467159, 12.623735], [108.467174, 12.623735], [108.467194, 12.623747], [108.467213, 12.623774], [108.467256, 12.623866], [108.467256, 12.623881], [108.467268, 12.6239], [108.467264, 12.623919], [108.467276, 12.623927], [108.467276, 12.623946], [108.467284, 12.623954], [108.467291, 12.62398], [108.467284, 12.624], [108.467264, 12.624007], [108.467248, 12.624007], [108.467217, 12.624026], [108.467174, 12.624034], [108.467155, 12.624045], [108.4671, 12.624042], [108.467061, 12.624061], [108.467042, 12.624088], [108.467015, 12.624107], [108.467015, 12.624153], [108.466917, 12.624225]]]}, "properties": {"loai": "chuoi", "ten": "Diện tích đã trồng chuối", "dienTichChuGiai": null}}, {"type": "Feature", "geometry": {"type": "MultiPolygon", "coordinates": [[[[108.467401, 12.621289], [108.466918, 12.621289], [108.466918, 12.619643], [108.467915, 12.619643], [108.467908, 12.619659], [108.467908, 12.619686], [108.467876, 12.619739], [108.467876, 12.619758], [108.467857, 12.619777], [108.467841, 12.61982], [108.467841, 12.619858], [108.467822, 12.619904], [108.467822, 12.619931], [108.467791, 12.619984], [108.467791, 12.620064], [108.467783, 12.620091], [108.467763, 12.620126], [108.467763, 12.620145], [108.467744, 12.620164], [108.467744, 12.620183], [108.467724, 12.620225], [108.467724, 12.620244], [108.467705, 12.620264], [108.467678, 12.620306], [108.46765, 12.620363], [108.467623, 12.620405], [108.467623, 12.620424], [108.467604, 12.620443], [108.467557, 12.620531], [108.467537, 12.620551], [108.467518, 12.620585], [108.467518, 12.620612], [108.467502, 12.62065], [108.467483, 12.620665], [108.467483, 12.620685], [108.467471, 12.620704], [108.467483, 12.620731], [108.467483, 12.620765], [108.467471, 12.620811], [108.467471, 12.620857], [108.467451, 12.620876], [108.467424, 12.620918], [108.467416, 12.620945], [108.467412, 12.621002], [108.467424, 12.621029], [108.467432, 12.621037], [108.467432, 12.62109], [108.46742, 12.621109], [108.46742, 12.621117], [108.46744, 12.621163], [108.46744, 12.621201], [108.46742, 12.621236], [108.467401, 12.621289]]], [[[108.468196, 12.619643], [108.468936, 12.619644], [108.468936, 12.620302], [108.468901, 12.620302], [108.468874, 12.62029], [108.468827, 12.62029], [108.468812, 12.620283], [108.468773, 12.620218], [108.468745, 12.620183], [108.468738, 12.620164], [108.46873, 12.620156], [108.468718, 12.620156], [108.46871, 12.620145], [108.468675, 12.620072], [108.468664, 12.620065], [108.468656, 12.620045], [108.46864, 12.620026], [108.46864, 12.620019], [108.468628, 12.620011], [108.468613, 12.61998], [108.468593, 12.61998], [108.468574, 12.619973], [108.468539, 12.619927], [108.468539, 12.619892], [108.468527, 12.619873], [108.468531, 12.619854], [108.468504, 12.6198], [108.468465, 12.619762], [108.468465, 12.619747], [108.46843, 12.619747], [108.46841, 12.619728], [108.468364, 12.619728], [108.468348, 12.619716], [108.468328, 12.619716], [108.468301, 12.619709], [108.468293, 12.619697], [108.468254, 12.619682], [108.468239, 12.619682], [108.4682, 12.619663], [108.468196, 12.619643]]]]}, "properties": {"loai": "chuoi", "ten": "Diện tích đã trồng chuối", "dienTichChuGiai": null}}, {"type": "Feature", "geometry": {"type": "Polygon", "coordinates": [[[108.467565, 12.618732], [108.467713, 12.618809], [108.467795, 12.61879], [108.467877, 12.61879], [108.467931, 12.618763], [108.46797, 12.618736], [108.468017, 12.618725], [108.468005, 12.618721], [108.468036, 12.618709], [108.468126, 12.618713], [108.468219, 12.618694], [108.468313, 12.618687], [108.468496, 12.61866], [108.468761, 12.618637], [108.468862, 12.618618], [108.468937, 12.61861], [108.468936, 12.619651], [108.468196, 12.619651], [108.46818, 12.619617], [108.46818, 12.619598], [108.468145, 12.619605], [108.468118, 12.619598], [108.468044, 12.619624], [108.467923, 12.619624], [108.467911, 12.619651], [108.466918, 12.619651], [108.466918, 12.618526], [108.467245, 12.618648], [108.4673, 12.618679], [108.467428, 12.618725], [108.467545, 12.618744], [108.467565, 12.618732]]]}, "properties": {"loai": "chuoi", "ten": "Diện tích đã trồng chuối", "dienTichChuGiai": null}}, {"type": "Feature", "geometry": {"type": "Polygon", "coordinates": [[[108.468929, 12.620302], [108.468929, 12.619644], [108.470795, 12.619644], [108.470795, 12.619705], [108.470803, 12.619778], [108.47083, 12.619839], [108.47083, 12.619904], [108.470854, 12.620157], [108.470854, 12.620249], [108.470869, 12.620517], [108.470896, 12.620689], [108.470912, 12.620834], [108.470939, 12.620899], [108.470947, 12.620934], [108.47092, 12.620961], [108.470873, 12.620987], [108.470791, 12.621007], [108.470589, 12.621041], [108.470495, 12.621064], [108.470394, 12.62111], [108.470312, 12.621156], [108.470246, 12.621183], [108.470199, 12.621217], [108.470136, 12.621225], [108.470082, 12.621205], [108.47007, 12.621205], [108.47007, 12.621198], [108.470043, 12.62116], [108.470027, 12.621106], [108.470027, 12.621098], [108.470035, 12.621091], [108.470035, 12.621098], [108.470055, 12.621079], [108.470055, 12.621064], [108.470047, 12.621045], [108.470047, 12.621006], [108.470035, 12.62098], [108.470008, 12.620945], [108.469965, 12.620815], [108.469926, 12.620761], [108.46993, 12.620754], [108.469911, 12.620715], [108.469911, 12.6207], [108.469891, 12.62067], [108.469875, 12.620654], [108.469836, 12.620589], [108.469821, 12.620581], [108.469809, 12.620589], [108.469762, 12.620597], [108.469747, 12.620608], [108.469727, 12.620608], [108.469708, 12.620597], [108.469681, 12.620597], [108.469665, 12.620589], [108.469638, 12.620589], [108.469626, 12.620578], [108.469607, 12.62057], [108.469579, 12.620551], [108.469552, 12.620551], [108.469544, 12.620532], [108.469536, 12.620524], [108.469525, 12.620524], [108.469509, 12.620497], [108.46947, 12.62047], [108.469455, 12.620451], [108.469427, 12.620432], [108.469408, 12.620425], [108.469369, 12.620432], [108.469342, 12.620432], [108.469342, 12.620451], [108.469326, 12.620467], [108.469295, 12.620467], [108.469225, 12.620432], [108.469205, 12.620432], [108.469186, 12.620375], [108.469158, 12.62034], [108.469143, 12.620329], [108.469123, 12.620321], [108.469084, 12.620321], [108.469077, 12.620302], [108.469057, 12.620294], [108.469042, 12.620294], [108.468987, 12.62031], [108.468967, 12.620302], [108.468929, 12.620302]]]}, "properties": {"loai": "chuoi", "ten": "Diện tích đã trồng chuối", "dienTichChuGiai": null}}, {"type": "Feature", "geometry": {"type": "Polygon", "coordinates": [[[108.470795, 12.619651], [108.468929, 12.619651], [108.468929, 12.61861], [108.469112, 12.618587], [108.469424, 12.618587], [108.469482, 12.618579], [108.469572, 12.618553], [108.4697, 12.618557], [108.469759, 12.618545], [108.469802, 12.618549], [108.46986, 12.618537], [108.469915, 12.618537], [108.470032, 12.618568], [108.470086, 12.618576], [108.470172, 12.618622], [108.470226, 12.618641], [108.470281, 12.618668], [108.470398, 12.618744], [108.470538, 12.618805], [108.470647, 12.618871], [108.47069, 12.618924], [108.47071, 12.618989], [108.470725, 12.619135], [108.470745, 12.619207], [108.470752, 12.619269], [108.470752, 12.619334], [108.47078, 12.619452], [108.470795, 12.619651]]]}, "properties": {"loai": "chuoi", "ten": "Diện tích đã trồng chuối", "dienTichChuGiai": null}}, {"type": "Feature", "geometry": {"type": "MultiPolygon", "coordinates": [[[[108.470298, 12.64317], [108.4705, 12.64317], [108.470454, 12.643182], [108.470298, 12.64317]]], [[[108.4705, 12.64317], [108.470722, 12.64317], [108.470683, 12.643182], [108.47057, 12.643182], [108.4705, 12.64317]]], [[[108.470859, 12.64317], [108.473903, 12.64317], [108.474257, 12.643281], [108.474526, 12.643714], [108.474604, 12.644154], [108.474799, 12.644583], [108.475029, 12.644438], [108.474639, 12.643171], [108.480692, 12.643171], [108.480691, 12.647742], [108.479947, 12.647726], [108.479296, 12.64765], [108.478957, 12.647378], [108.478567, 12.647286], [108.478065, 12.647362], [108.477839, 12.647171], [108.477679, 12.647267], [108.477094, 12.647427], [108.476256, 12.648036], [108.475851, 12.648189], [108.475703, 12.648174], [108.475543, 12.647982], [108.475461, 12.64768], [108.47564, 12.647408], [108.475169, 12.646443], [108.474214, 12.645456], [108.4731, 12.64482], [108.473049, 12.643817], [108.472956, 12.643534], [108.472987, 12.643381], [108.472948, 12.643419], [108.472909, 12.643385], [108.472796, 12.643381], [108.472694, 12.643366], [108.472687, 12.643373], [108.472605, 12.643362], [108.472503, 12.643369], [108.472348, 12.643343], [108.472235, 12.643369], [108.472227, 12.643377], [108.472024, 12.643323], [108.472024, 12.643331], [108.471767, 12.643346], [108.471673, 12.643346], [108.471556, 12.643342], [108.471428, 12.643323], [108.471299, 12.643323], [108.471233, 12.643296], [108.471163, 12.643239], [108.471104, 12.643212], [108.470859, 12.64317]]]]}, "properties": {"loai": "chuoi", "ten": "Diện tích đã trồng chuối", "dienTichChuGiai": null}}, {"type": "Feature", "geometry": {"type": "MultiPolygon", "coordinates": [[[[108.469296, 12.642251], [108.46992, 12.641528], [108.471736, 12.641501], [108.47188, 12.642198], [108.471751, 12.642236], [108.471783, 12.642588], [108.471892, 12.642734], [108.472075, 12.642853], [108.472203, 12.642918], [108.472242, 12.642925], [108.472313, 12.642918], [108.472352, 12.642883], [108.472472, 12.642872], [108.472718, 12.642876], [108.472765, 12.642914], [108.472784, 12.642987], [108.472866, 12.642987], [108.472948, 12.643067], [108.473073, 12.643113], [108.473891, 12.643167], [108.473926, 12.643178], [108.470902, 12.643178], [108.470777, 12.643155], [108.470695, 12.643178], [108.470547, 12.643178], [108.4705, 12.64317], [108.470469, 12.643178], [108.470403, 12.643178], [108.470294, 12.64317], [108.470173, 12.643151], [108.470142, 12.643105], [108.470021, 12.642967], [108.469994, 12.642967], [108.469966, 12.642948], [108.469951, 12.642948], [108.469931, 12.642933], [108.469924, 12.642902], [108.469849, 12.642856], [108.469783, 12.642868], [108.469736, 12.642848], [108.469694, 12.642803], [108.469557, 12.642764], [108.469491, 12.64281], [108.469436, 12.642825], [108.469351, 12.642845], [108.469206, 12.642852], [108.469132, 12.642833], [108.469058, 12.642806], [108.468988, 12.64281], [108.468934, 12.642726], [108.469019, 12.642573], [108.469019, 12.642565], [108.469273, 12.642508], [108.469335, 12.642512], [108.469366, 12.642508], [108.469062, 12.642378], [108.469296, 12.642251]], [[108.469296, 12.642251], [108.46916, 12.642404], [108.469729, 12.64201], [108.469296, 12.642251]]], [[[108.474639, 12.643178], [108.474554, 12.642899], [108.47462, 12.642849], [108.474717, 12.642053], [108.474815, 12.641877], [108.474815, 12.643178], [108.474639, 12.643178]]], [[[108.474815, 12.641138], [108.474491, 12.640671], [108.474265, 12.64064], [108.473907, 12.640544], [108.473665, 12.640544], [108.473424, 12.640353], [108.473295, 12.640418], [108.473178, 12.640365], [108.473127, 12.640479], [108.473139, 12.640483], [108.473201, 12.640575], [108.473221, 12.640613], [108.473229, 12.640667], [108.473264, 12.640721], [108.473209, 12.64074], [108.473147, 12.640786], [108.473135, 12.640786], [108.4731, 12.64082], [108.473135, 12.640854], [108.473252, 12.640939], [108.473272, 12.640958], [108.473291, 12.640946], [108.473381, 12.640985], [108.473462, 12.641038], [108.473482, 12.641065], [108.473521, 12.641092], [108.473583, 12.641157], [108.473591, 12.641176], [108.473657, 12.641241], [108.473653, 12.641283], [108.473638, 12.641295], [108.473564, 12.641256], [108.473455, 12.641283], [108.473427, 12.641283], [108.473381, 12.641302], [108.473353, 12.641291], [108.47326, 12.641318], [108.473221, 12.641318], [108.473194, 12.641344], [108.473174, 12.641433], [108.473053, 12.641513], [108.472983, 12.641505], [108.472928, 12.641459], [108.472769, 12.64144], [108.472648, 12.641475], [108.472632, 12.641643], [108.471787, 12.641425], [108.471237, 12.640678], [108.471377, 12.640648], [108.471362, 12.64056], [108.47142, 12.640307], [108.47144, 12.640315], [108.471448, 12.64028], [108.47142, 12.640261], [108.471311, 12.640142], [108.471292, 12.640131], [108.471264, 12.640096], [108.471163, 12.640012], [108.471093, 12.639932], [108.471093, 12.639805], [108.471105, 12.639779], [108.471187, 12.639706], [108.471241, 12.639706], [108.471456, 12.639691], [108.47151, 12.639683], [108.471545, 12.639656], [108.471592, 12.639702], [108.471635, 12.639721], [108.472087, 12.639427], [108.472064, 12.6394], [108.472083, 12.639361], [108.472266, 12.639285], [108.472368, 12.639266], [108.472434, 12.639277], [108.472558, 12.639335], [108.47271, 12.639369], [108.472983, 12.639392], [108.473053, 12.639297], [108.473077, 12.6393], [108.473272, 12.639201], [108.473272, 12.639166], [108.473354, 12.639025], [108.473338, 12.638887], [108.47335, 12.638826], [108.472991, 12.63873], [108.472824, 12.638692], [108.472675, 12.638791], [108.47264, 12.63881], [108.472527, 12.638688], [108.47243, 12.638699], [108.472403, 12.638642], [108.472379, 12.638542], [108.474815, 12.638543], [108.474815, 12.641138]]]]}, "properties": {"loai": "chuoi", "ten": "Diện tích đã trồng chuối", "dienTichChuGiai": null}}, {"type": "Feature", "geometry": {"type": "Polygon", "coordinates": [[[108.472383, 12.63855], [108.472309, 12.638343], [108.472177, 12.638163], [108.472032, 12.637945], [108.471877, 12.63775], [108.472005, 12.637677], [108.472235, 12.63744], [108.472461, 12.637233], [108.472594, 12.636896], [108.472656, 12.636682], [108.472886, 12.636257], [108.473015, 12.636146], [108.473077, 12.63602], [108.473085, 12.636024], [108.473108, 12.635779], [108.473038, 12.635767], [108.472991, 12.63574], [108.47291, 12.635576], [108.472875, 12.635541], [108.472801, 12.635404], [108.472773, 12.635365], [108.472723, 12.635266], [108.472703, 12.635185], [108.47275, 12.635032], [108.472742, 12.634952], [108.472855, 12.634906], [108.473167, 12.634845], [108.473303, 12.63481], [108.473525, 12.634715], [108.473658, 12.634627], [108.473748, 12.6345], [108.473752, 12.634481], [108.473861, 12.634401], [108.474028, 12.634431], [108.474083, 12.634405], [108.474157, 12.634385], [108.474321, 12.634305], [108.474414, 12.634278], [108.474589, 12.63419], [108.474702, 12.634175], [108.474816, 12.634194], [108.474815, 12.63855], [108.472383, 12.63855]]]}, "properties": {"loai": "chuoi", "ten": "Diện tích đã trồng chuối", "dienTichChuGiai": null}}, {"type": "Feature", "geometry": {"type": "MultiPolygon", "coordinates": [[[[108.474807, 12.643178], [108.474807, 12.641892], [108.475041, 12.641467], [108.474807, 12.641126], [108.474807, 12.638543], [108.47752, 12.638543], [108.47734, 12.63875], [108.477418, 12.639132], [108.477792, 12.639848], [108.477808, 12.640258], [108.477691, 12.640602], [108.47773, 12.640583], [108.47773, 12.640618], [108.477746, 12.640702], [108.477746, 12.640744], [108.477785, 12.640775], [108.477835, 12.640863], [108.477874, 12.64092], [108.47789, 12.640928], [108.477917, 12.641008], [108.477979, 12.641134], [108.477972, 12.64118], [108.477952, 12.64118], [108.477917, 12.641245], [108.477925, 12.641291], [108.477987, 12.641364], [108.478014, 12.64141], [108.478069, 12.641444], [108.478108, 12.641479], [108.47828, 12.641544], [108.4784, 12.641582], [108.478494, 12.641621], [108.478747, 12.641816], [108.479055, 12.641835], [108.479815, 12.641594], [108.480692, 12.641429], [108.480692, 12.643179], [108.474807, 12.643178]]], [[[108.47773, 12.640583], [108.47773, 12.640564], [108.477785, 12.640556], [108.477753, 12.640572], [108.47773, 12.640583]]]]}, "properties": {"loai": "chuoi", "ten": "Diện tích đã trồng chuối", "dienTichChuGiai": null}}, {"type": "Feature", "geometry": {"type": "Polygon", "coordinates": [[[108.474807, 12.63855], [108.474808, 12.634194], [108.47503, 12.634232], [108.475462, 12.634282], [108.47563, 12.634336], [108.47563, 12.634328], [108.475731, 12.634309], [108.475801, 12.634313], [108.475977, 12.634305], [108.476152, 12.634259], [108.476254, 12.634244], [108.476308, 12.634225], [108.476534, 12.634064], [108.476643, 12.634003], [108.476846, 12.633915], [108.476873, 12.634068], [108.476799, 12.634286], [108.476787, 12.634286], [108.47676, 12.634374], [108.476936, 12.63406], [108.477403, 12.634569], [108.477567, 12.634791], [108.477777, 12.634983], [108.477781, 12.635335], [108.47789, 12.635794], [108.477921, 12.636254], [108.478471, 12.636874], [108.478276, 12.637333], [108.478373, 12.637938], [108.478147, 12.638145], [108.477921, 12.638084], [108.477516, 12.63855], [108.474807, 12.63855]]]}, "properties": {"loai": "chuoi", "ten": "Diện tích đã trồng chuối", "dienTichChuGiai": null}}, {"type": "Feature", "geometry": {"type": "Polygon", "coordinates": [[[108.492446, 12.651539], [108.492415, 12.651704], [108.492368, 12.651746], [108.492138, 12.65188], [108.492072, 12.651972], [108.492025, 12.65206], [108.491885, 12.652232], [108.491838, 12.652267], [108.491783, 12.652267], [108.491647, 12.652301], [108.491518, 12.652316], [108.49146, 12.652336], [108.491308, 12.652316], [108.491253, 12.652286], [108.491222, 12.652259], [108.491199, 12.652225], [108.491168, 12.652205], [108.491043, 12.652079], [108.491031, 12.652079], [108.490941, 12.652029], [108.490914, 12.652029], [108.490848, 12.652014], [108.490692, 12.651995], [108.490645, 12.651964], [108.490544, 12.651949], [108.4904, 12.651918], [108.489975, 12.651861], [108.489846, 12.651857], [108.489745, 12.651842], [108.489745, 12.651807], [108.489511, 12.651872], [108.488751, 12.652029], [108.488428, 12.652136], [108.48803, 12.652232], [108.487839, 12.652255], [108.487617, 12.652343], [108.487543, 12.652435], [108.486947, 12.652416], [108.486732, 12.65237], [108.486514, 12.652117], [108.486604, 12.65201], [108.486779, 12.651865], [108.486779, 12.651639], [108.486584, 12.651421], [108.486346, 12.651176], [108.486257, 12.651042], [108.486171, 12.650869], [108.486136, 12.650724], [108.48607, 12.650571], [108.485793, 12.650226], [108.485664, 12.650272], [108.485516, 12.650364], [108.485298, 12.650452], [108.485158, 12.650418], [108.4849, 12.650582], [108.484476, 12.650923], [108.484109, 12.650896], [108.483926, 12.650796], [108.483669, 12.649667], [108.483622, 12.649288], [108.483618, 12.649196], [108.483614, 12.648986], [108.48363, 12.648553], [108.483622, 12.648484], [108.483501, 12.648274], [108.483291, 12.648159], [108.48319, 12.648075], [108.483042, 12.647975], [108.48296, 12.647968], [108.482866, 12.647948], [108.482792, 12.647902], [108.482738, 12.647543], [108.482749, 12.647489], [108.482823, 12.647397], [108.482749, 12.647443], [108.482703, 12.647577], [108.48264, 12.64755], [108.482418, 12.647619], [108.481514, 12.64773], [108.48098, 12.647745], [108.480684, 12.647742], [108.480684, 12.643171], [108.486394, 12.643171], [108.486269, 12.643677], [108.486659, 12.643914], [108.486916, 12.643834], [108.48791, 12.643971], [108.488097, 12.644837], [108.486998, 12.646268], [108.486479, 12.646253], [108.485883, 12.646027], [108.484912, 12.646119], [108.484792, 12.646081], [108.484593, 12.646214], [108.48515, 12.646142], [108.4854, 12.646142], [108.485509, 12.646203], [108.485583, 12.646249], [108.485746, 12.646739], [108.485859, 12.646934], [108.485922, 12.646907], [108.485996, 12.646946], [108.486035, 12.646992], [108.486109, 12.647018], [108.486238, 12.647018], [108.4863, 12.647072], [108.486292, 12.647217], [108.486312, 12.647271], [108.48644, 12.647405], [108.48653, 12.647462], [108.486853, 12.647298], [108.486908, 12.647244], [108.487001, 12.647279], [108.487036, 12.647325], [108.487231, 12.647351], [108.487305, 12.647424], [108.487333, 12.647505], [108.487426, 12.647535], [108.487469, 12.647631], [108.487461, 12.647822], [108.4875, 12.647933], [108.48782, 12.647849], [108.488206, 12.647868], [108.488436, 12.647842], [108.488455, 12.647769], [108.488549, 12.647677], [108.488638, 12.647662], [108.488759, 12.647723], [108.489063, 12.647577], [108.489313, 12.647443], [108.489414, 12.647524], [108.489679, 12.647279], [108.49024, 12.647352], [108.490435, 12.647478], [108.490599, 12.647742], [108.490887, 12.648067], [108.4913, 12.648645], [108.491511, 12.648737], [108.491889, 12.648626], [108.491982, 12.648753], [108.492064, 12.649116], [108.491854, 12.649197], [108.49178, 12.649277], [108.49197, 12.649832], [108.491935, 12.649844], [108.491974, 12.649909], [108.492025, 12.6501], [108.492025, 12.650115], [108.492099, 12.650334], [108.492134, 12.650533], [108.492134, 12.650559], [108.492177, 12.650743], [108.492259, 12.650789], [108.492333, 12.650896], [108.492333, 12.65095], [108.49236, 12.651015], [108.492384, 12.651053], [108.492384, 12.651069], [108.492321, 12.651095], [108.492349, 12.651095], [108.492376, 12.651115], [108.492411, 12.651226], [108.492419, 12.651306], [108.492438, 12.651394], [108.492411, 12.651451], [108.492446, 12.651539]]]}, "properties": {"loai": "chuoi", "ten": "Diện tích đã trồng chuối", "dienTichChuGiai": null}}, {"type": "Feature", "geometry": {"type": "Polygon", "coordinates": [[[108.480684, 12.643179], [108.480684, 12.641429], [108.480832, 12.641403], [108.481838, 12.641755], [108.482146, 12.641755], [108.482516, 12.641816], [108.482726, 12.641533], [108.482824, 12.640897], [108.482808, 12.640817], [108.482785, 12.640798], [108.482711, 12.640832], [108.482684, 12.640806], [108.482676, 12.64079], [108.482629, 12.64048], [108.482629, 12.640289], [108.482765, 12.640155], [108.483062, 12.640028], [108.483354, 12.639872], [108.483373, 12.639856], [108.483354, 12.639711], [108.483272, 12.639493], [108.483264, 12.639431], [108.483311, 12.639385], [108.483373, 12.639378], [108.483744, 12.639225], [108.484009, 12.639366], [108.484055, 12.639412], [108.484129, 12.639405], [108.48457, 12.639267], [108.48478, 12.63924], [108.4848, 12.639424], [108.48478, 12.639803], [108.485104, 12.639902], [108.485131, 12.639921], [108.48519, 12.639937], [108.485158, 12.63999], [108.485096, 12.640036], [108.485049, 12.64009], [108.484983, 12.640209], [108.484909, 12.640461], [108.484874, 12.640752], [108.484847, 12.640852], [108.484765, 12.64133], [108.484765, 12.641368], [108.484784, 12.64138], [108.485279, 12.641529], [108.485318, 12.641537], [108.485341, 12.64161], [108.485318, 12.641709], [108.485306, 12.641709], [108.48531, 12.641728], [108.485704, 12.64174], [108.485801, 12.642279], [108.486222, 12.642184], [108.486468, 12.642054], [108.486643, 12.641231], [108.487193, 12.641388], [108.486818, 12.642452], [108.486413, 12.643087], [108.48639, 12.643179], [108.480684, 12.643179]]]}, "properties": {"loai": "chuoi", "ten": "Diện tích đã trồng chuối", "dienTichChuGiai": null}}, {"type": "Feature", "geometry": {"type": "Polygon", "coordinates": [[[108.484624, 12.650911], [108.484674, 12.650907], [108.485158, 12.650475], [108.485399, 12.65046], [108.485766, 12.650326], [108.485906, 12.650375], [108.486226, 12.651038], [108.486444, 12.651394], [108.486888, 12.651822], [108.486545, 12.652106], [108.486631, 12.652224], [108.486935, 12.65242], [108.487254, 12.652492], [108.487149, 12.652672], [108.487075, 12.652871], [108.487099, 12.652898], [108.486993, 12.652979], [108.48688, 12.653097], [108.486604, 12.653319], [108.486424, 12.653568], [108.486385, 12.653308], [108.485879, 12.652427], [108.48515, 12.65165], [108.484612, 12.650923], [108.484624, 12.650911]]]}, "properties": {"loai": "caoSuDucLoc", "ten": "Cao su Đức Lộc", "dienTichChuGiai": null}}, {"type": "Feature", "geometry": {"type": "Polygon", "coordinates": [[[108.487718, 12.657465], [108.487484, 12.657729], [108.487254, 12.657951], [108.486981, 12.658192], [108.486592, 12.658667], [108.486455, 12.65856], [108.486295, 12.658303], [108.486062, 12.658012], [108.486136, 12.657997], [108.487718, 12.657465]]]}, "properties": {"loai": "caoSuDucLoc", "ten": "Cao su Đức Lộc", "dienTichChuGiai": null}}, {"type": "Feature", "geometry": {"type": "Polygon", "coordinates": [[[108.487418, 12.655834], [108.487324, 12.655819], [108.487196, 12.655386], [108.487118, 12.655149], [108.486946, 12.654778], [108.486798, 12.654636], [108.486767, 12.654433], [108.48713, 12.654131], [108.488007, 12.653928], [108.488494, 12.65389], [108.488825, 12.654127], [108.489254, 12.654123], [108.489304, 12.654284], [108.489842, 12.654127], [108.489924, 12.65454], [108.4901, 12.654805], [108.490111, 12.655291], [108.490201, 12.655662], [108.490193, 12.655413], [108.490197, 12.654962], [108.490174, 12.654724], [108.489975, 12.654368], [108.490029, 12.65392], [108.49052, 12.654062], [108.491425, 12.654276], [108.49162, 12.654556], [108.491721, 12.654996], [108.492173, 12.655379], [108.492208, 12.655298], [108.492044, 12.655214], [108.491853, 12.654877], [108.491744, 12.654311], [108.491959, 12.654349], [108.492446, 12.654349], [108.492816, 12.654185], [108.493288, 12.654208], [108.494219, 12.65443], [108.494523, 12.654613], [108.495081, 12.654613], [108.495295, 12.654763], [108.495295, 12.65477], [108.495022, 12.654927], [108.494352, 12.655352], [108.493405, 12.655903], [108.492656, 12.656504], [108.491744, 12.656711], [108.490746, 12.656535], [108.49008, 12.656305], [108.489394, 12.655884], [108.488657, 12.655907], [108.488291, 12.655823], [108.487691, 12.655761], [108.487418, 12.655834]]]}, "properties": {"loai": "caoSuDucLoc", "ten": "Cao su Đức Lộc", "dienTichChuGiai": null}}, {"type": "Feature", "geometry": {"type": "Polygon", "coordinates": [[[108.487862, 12.657415], [108.488498, 12.657205], [108.488844, 12.657155], [108.489133, 12.657128], [108.489355, 12.657132], [108.489893, 12.657243], [108.490563, 12.657408], [108.490934, 12.65748], [108.490918, 12.657641], [108.490895, 12.657645], [108.490856, 12.657867], [108.490649, 12.658139], [108.490446, 12.658181], [108.489889, 12.657978], [108.488677, 12.657622], [108.488069, 12.657515], [108.487862, 12.657415]]]}, "properties": {"loai": "caoSuDucLoc", "ten": "Cao su Đức Lộc", "dienTichChuGiai": null}}, {"type": "Feature", "geometry": {"type": "Polygon", "coordinates": [[[108.491023, 12.656585], [108.491744, 12.656711], [108.492656, 12.656504], [108.493405, 12.655903], [108.494352, 12.655352], [108.495022, 12.654927], [108.495303, 12.65477], [108.495653, 12.6549], [108.496184, 12.654996], [108.496488, 12.655031], [108.496897, 12.655061], [108.497415, 12.655077], [108.497454, 12.655092], [108.49745, 12.655222], [108.496799, 12.655712], [108.496558, 12.655907], [108.496219, 12.655945], [108.495634, 12.65588], [108.495108, 12.656022], [108.4948, 12.656424], [108.494749, 12.656531], [108.4942, 12.656856], [108.493299, 12.657323], [108.492684, 12.657396], [108.491994, 12.657499], [108.491538, 12.657503], [108.491019, 12.657496], [108.490934, 12.65748], [108.490937, 12.656585], [108.491023, 12.656585]]]}, "properties": {"loai": "caoSuDucLoc", "ten": "Cao su Đức Lộc", "dienTichChuGiai": null}}, {"type": "Feature", "geometry": {"type": "Polygon", "coordinates": [[[108.490934, 12.65748], [108.491019, 12.657496], [108.491538, 12.657503], [108.491994, 12.657499], [108.491666, 12.657545], [108.491202, 12.657618], [108.490918, 12.657641], [108.490934, 12.65748]]]}, "properties": {"loai": "caoSuDucLoc", "ten": "Cao su Đức Lộc", "dienTichChuGiai": null}}, {"type": "Feature", "geometry": {"type": "Polygon", "coordinates": [[[108.487418, 12.655834], [108.487691, 12.655761], [108.488291, 12.655823], [108.488657, 12.655907], [108.489394, 12.655884], [108.49008, 12.656305], [108.490746, 12.656535], [108.491023, 12.656585], [108.490937, 12.656585], [108.490934, 12.65748], [108.490563, 12.657408], [108.489893, 12.657243], [108.489355, 12.657132], [108.489133, 12.657128], [108.488844, 12.657155], [108.488498, 12.657205], [108.487862, 12.657415], [108.4878, 12.657388], [108.488061, 12.657009], [108.488233, 12.65637], [108.488287, 12.656083], [108.488353, 12.655983], [108.487418, 12.655834]]]}, "properties": {"loai": "caoSuDucLoc", "ten": "Cao su Đức Lộc", "dienTichChuGiai": null}}, {"type": "Feature", "geometry": {"type": "Polygon", "coordinates": [[[108.48649, 12.653633], [108.486915, 12.653258], [108.487691, 12.652263], [108.488116, 12.652202], [108.489231, 12.651888], [108.489866, 12.651815], [108.491086, 12.652026], [108.491273, 12.652213], [108.491924, 12.652167], [108.4922, 12.651811], [108.492512, 12.651532], [108.493144, 12.651712], [108.493826, 12.652385], [108.495275, 12.653316], [108.495685, 12.653549], [108.496858, 12.654319], [108.497454, 12.655084], [108.497454, 12.655092], [108.497415, 12.655077], [108.496897, 12.655061], [108.496488, 12.655031], [108.496184, 12.654996], [108.495653, 12.6549], [108.495303, 12.65477], [108.495081, 12.654613], [108.494523, 12.654613], [108.494219, 12.65443], [108.494223, 12.65443], [108.493884, 12.654181], [108.493674, 12.654081], [108.493167, 12.653985], [108.492563, 12.654043], [108.492103, 12.654131], [108.491994, 12.653985], [108.491787, 12.654008], [108.491436, 12.654035], [108.491097, 12.65402], [108.491054, 12.653794], [108.490867, 12.653802], [108.49068, 12.65371], [108.490513, 12.653752], [108.48994, 12.653614], [108.489768, 12.653744], [108.489507, 12.653817], [108.489304, 12.653698], [108.489043, 12.65374], [108.488821, 12.653744], [108.488455, 12.653625], [108.48796, 12.653687], [108.487792, 12.653679], [108.487605, 12.653805], [108.487348, 12.653874], [108.487071, 12.653824], [108.486541, 12.654146], [108.48649, 12.653633]]]}, "properties": {"loai": "caoSuDucLoc", "ten": "Cao su Đức Lộc", "dienTichChuGiai": null}}, {"type": "Feature", "geometry": {"type": "Polygon", "coordinates": [[[108.469493, 12.659301], [108.469508, 12.659186], [108.469232, 12.658015], [108.469622, 12.65762], [108.469875, 12.656204], [108.471395, 12.655753], [108.472085, 12.656024], [108.472015, 12.655756], [108.472183, 12.655822], [108.47212, 12.655749], [108.472128, 12.655668], [108.472299, 12.655764], [108.473028, 12.656109], [108.47336, 12.656235], [108.473917, 12.65653], [108.474459, 12.656867], [108.475285, 12.657475], [108.475975, 12.657908], [108.475873, 12.657943], [108.474794, 12.657931], [108.474342, 12.657908], [108.474275, 12.65803], [108.473858, 12.657981], [108.473578, 12.657904], [108.473391, 12.657938], [108.472857, 12.658248], [108.472619, 12.658367], [108.472303, 12.658356], [108.472015, 12.658493], [108.471789, 12.658788], [108.471508, 12.659022], [108.471169, 12.659163], [108.470549, 12.65927], [108.469972, 12.659331], [108.469703, 12.659347], [108.469505, 12.659347], [108.469493, 12.659301]]]}, "properties": {"loai": "caoSuDucLoc", "ten": "Cao su Đức Lộc", "dienTichChuGiai": null}}, {"type": "Feature", "geometry": {"type": "Polygon", "coordinates": [[[108.472128, 12.655668], [108.472136, 12.655588], [108.472229, 12.65545], [108.472374, 12.655389], [108.472448, 12.655381], [108.47272, 12.655121], [108.472986, 12.654999], [108.473064, 12.654807], [108.473173, 12.654712], [108.473406, 12.65478], [108.473559, 12.654616], [108.473648, 12.654486], [108.473722, 12.654164], [108.473827, 12.654118], [108.474034, 12.654241], [108.474299, 12.654176], [108.474412, 12.654233], [108.474385, 12.654486], [108.47449, 12.65467], [108.474712, 12.654681], [108.47511, 12.654815], [108.475675, 12.654807], [108.47601, 12.654781], [108.476439, 12.654758], [108.476708, 12.654727], [108.477008, 12.654823], [108.477261, 12.654823], [108.477748, 12.65488], [108.478048, 12.655125], [108.4785, 12.65534], [108.478594, 12.655466], [108.478879, 12.655795], [108.479136, 12.656113], [108.479257, 12.656232], [108.479451, 12.656461], [108.479701, 12.656634], [108.479849, 12.656772], [108.479693, 12.657173], [108.479564, 12.657522], [108.479268, 12.657713], [108.478898, 12.657637], [108.478789, 12.657656], [108.478489, 12.657717], [108.478227, 12.657847], [108.477775, 12.658012], [108.477397, 12.657996], [108.477179, 12.65792], [108.476676, 12.657709], [108.476509, 12.657625], [108.476271, 12.657793], [108.475975, 12.657908], [108.475285, 12.657475], [108.474459, 12.656867], [108.473917, 12.65653], [108.47336, 12.656235], [108.473028, 12.656109], [108.472299, 12.655764], [108.472128, 12.655668]]]}, "properties": {"loai": "caoSuDucLoc", "ten": "Cao su Đức Lộc", "dienTichChuGiai": null}}, {"type": "Feature", "geometry": {"type": "Polygon", "coordinates": [[[108.480645, 12.648446], [108.480532, 12.648266], [108.48073, 12.647768], [108.481073, 12.647772], [108.481596, 12.647722], [108.482223, 12.647631], [108.48264, 12.64755], [108.482788, 12.647615], [108.482749, 12.647883], [108.482847, 12.648327], [108.4828, 12.648327], [108.482777, 12.648335], [108.482757, 12.648358], [108.482741, 12.648396], [108.482734, 12.648431], [108.48273, 12.648519], [108.482718, 12.648561], [108.482691, 12.648584], [108.482636, 12.648588], [108.482609, 12.64858], [108.482508, 12.648507], [108.482461, 12.648496], [108.482422, 12.6485], [108.482367, 12.648534], [108.482305, 12.648553], [108.482243, 12.648542], [108.481989, 12.648423], [108.481954, 12.648423], [108.481919, 12.648427], [108.481841, 12.648511], [108.481732, 12.648649], [108.481697, 12.648664], [108.481654, 12.648672], [108.481599, 12.648672], [108.481541, 12.648645], [108.48149, 12.648611], [108.481424, 12.648454], [108.481397, 12.648434], [108.481311, 12.648427], [108.48121, 12.648431], [108.480984, 12.64845], [108.480793, 12.648457], [108.480645, 12.648446]]]}, "properties": {"loai": "caoSuDucLoc", "ten": "Cao su Đức Lộc", "dienTichChuGiai": null}}, {"type": "Feature", "geometry": {"type": "Polygon", "coordinates": [[[108.47737, 12.653981], [108.477511, 12.654019], [108.477865, 12.65377], [108.47806, 12.653682], [108.478964, 12.653744], [108.479159, 12.653874], [108.479171, 12.653989], [108.479144, 12.654088], [108.479187, 12.654241], [108.47928, 12.654253], [108.479869, 12.654195], [108.480138, 12.654126], [108.480488, 12.653832], [108.480691, 12.653744], [108.48117, 12.653748], [108.481381, 12.653893], [108.481708, 12.654088], [108.482184, 12.654307], [108.482503, 12.65449], [108.482667, 12.65454], [108.483053, 12.65462], [108.483205, 12.654686], [108.48331, 12.654613], [108.483076, 12.654284], [108.483182, 12.653974], [108.483361, 12.653958], [108.483669, 12.653748], [108.483801, 12.653755], [108.484924, 12.653962], [108.485193, 12.653886], [108.485317, 12.653932], [108.48575, 12.654134], [108.486241, 12.654498], [108.486553, 12.654609], [108.486685, 12.654831], [108.486985, 12.655206], [108.487133, 12.655501], [108.487169, 12.65562], [108.487262, 12.655834], [108.486642, 12.655976], [108.485516, 12.655398], [108.484549, 12.655325], [108.483735, 12.655084], [108.483369, 12.655087], [108.483014, 12.65513], [108.482371, 12.655309], [108.482223, 12.655321], [108.481919, 12.655256], [108.481642, 12.655252], [108.480574, 12.655072], [108.479268, 12.654969], [108.478091, 12.654253], [108.47737, 12.653981]]]}, "properties": {"loai": "caoSuDucLoc", "ten": "Cao su Đức Lộc", "dienTichChuGiai": null}}, {"type": "Feature", "geometry": {"type": "Polygon", "coordinates": [[[108.475936, 12.654321], [108.47587, 12.654402], [108.475827, 12.654628], [108.475749, 12.654628], [108.475593, 12.654536], [108.475351, 12.654459], [108.474969, 12.654455], [108.474708, 12.654425], [108.474763, 12.654092], [108.474856, 12.653969], [108.475141, 12.653789], [108.475351, 12.653556], [108.475679, 12.653096], [108.476478, 12.65374], [108.477324, 12.653965], [108.477324, 12.653996], [108.477335, 12.654076], [108.477335, 12.654161], [108.477316, 12.654195], [108.477285, 12.65421], [108.477238, 12.654207], [108.477191, 12.654153], [108.477156, 12.654069], [108.477125, 12.654031], [108.477094, 12.654008], [108.477055, 12.654004], [108.47702, 12.654015], [108.476981, 12.654046], [108.476868, 12.65421], [108.476817, 12.654249], [108.476743, 12.654295], [108.476665, 12.654318], [108.47654, 12.654329], [108.476493, 12.654329], [108.476388, 12.654306], [108.476295, 12.654279], [108.476158, 12.654199], [108.476088, 12.654168], [108.47603, 12.654172], [108.475998, 12.65418], [108.475975, 12.654199], [108.475952, 12.654249], [108.475936, 12.654306], [108.475936, 12.654321]]]}, "properties": {"loai": "caoSuDucLoc", "ten": "Cao su Đức Lộc", "dienTichChuGiai": null}}, {"type": "Feature", "geometry": {"type": "Polygon", "coordinates": [[[108.473641, 12.650413], [108.473594, 12.650405], [108.473528, 12.650459], [108.473461, 12.650566], [108.473461, 12.6506], [108.4735, 12.650639], [108.473551, 12.650784], [108.473551, 12.650811], [108.473578, 12.650819], [108.473551, 12.650899], [108.473516, 12.650953], [108.473485, 12.650964], [108.473383, 12.651025], [108.473356, 12.651052], [108.473228, 12.651006], [108.473118, 12.651033], [108.473052, 12.650995], [108.473017, 12.650987], [108.472943, 12.650949], [108.4729, 12.650857], [108.472881, 12.65083], [108.472846, 12.650738], [108.472861, 12.650711], [108.472939, 12.650642], [108.473048, 12.650616], [108.473087, 12.65057], [108.473115, 12.650482], [108.473263, 12.650375], [108.473727, 12.650011], [108.474526, 12.649169], [108.475613, 12.648128], [108.47573, 12.648281], [108.475757, 12.648392], [108.475644, 12.648698], [108.475617, 12.648706], [108.47557, 12.648832], [108.475523, 12.648912], [108.475531, 12.648985], [108.475605, 12.64905], [108.475714, 12.649096], [108.475886, 12.649215], [108.475987, 12.649414], [108.476049, 12.649521], [108.476104, 12.64967], [108.476077, 12.649724], [108.476065, 12.649724], [108.475999, 12.649812], [108.475956, 12.649858], [108.475855, 12.649892], [108.475769, 12.6499], [108.475769, 12.649908], [108.475706, 12.6499], [108.475668, 12.649862], [108.475551, 12.649816], [108.475504, 12.649824], [108.475395, 12.649789], [108.475367, 12.64977], [108.475266, 12.649739], [108.475165, 12.649766], [108.475052, 12.649785], [108.47497, 12.649839], [108.474958, 12.649911], [108.47497, 12.649992], [108.474939, 12.650072], [108.474919, 12.650145], [108.474892, 12.650191], [108.474771, 12.650206], [108.474662, 12.650241], [108.47458, 12.650241], [108.474459, 12.650222], [108.474405, 12.650275], [108.474393, 12.650294], [108.47435, 12.65031], [108.474237, 12.65031], [108.474183, 12.650283], [108.47412, 12.650202], [108.473999, 12.650145], [108.473898, 12.650107], [108.473836, 12.650198], [108.473789, 12.650332], [108.473641, 12.650413]]]}, "properties": {"loai": "caoSuDucLoc", "ten": "Cao su Đức Lộc", "dienTichChuGiai": null}}, {"type": "Feature", "geometry": {"type": "Polygon", "coordinates": [[[108.486424, 12.653568], [108.48637, 12.653645], [108.48612, 12.653828], [108.485886, 12.653935], [108.485785, 12.653889], [108.48561, 12.653824], [108.485438, 12.653733], [108.485239, 12.653606], [108.484935, 12.653675], [108.484651, 12.653618], [108.484199, 12.653633], [108.483938, 12.653618], [108.483563, 12.653553], [108.483408, 12.653686], [108.482991, 12.654069], [108.482297, 12.654238], [108.482063, 12.654153], [108.481693, 12.653805], [108.481584, 12.653671], [108.481751, 12.653552], [108.482024, 12.653476], [108.482305, 12.653549], [108.482312, 12.653476], [108.482036, 12.653422], [108.481681, 12.653319], [108.481662, 12.653254], [108.481502, 12.652978], [108.48135, 12.653082], [108.481229, 12.653357], [108.481061, 12.65351], [108.481011, 12.653537], [108.480258, 12.653648], [108.480044, 12.65377], [108.479799, 12.653307], [108.479518, 12.653288], [108.479448, 12.653204], [108.479327, 12.652798], [108.479187, 12.652228], [108.47914, 12.652101], [108.479167, 12.651849], [108.479046, 12.651703], [108.478949, 12.651845], [108.478875, 12.652144], [108.478918, 12.652316], [108.478844, 12.652741], [108.478699, 12.653081], [108.478477, 12.653215], [108.478037, 12.653345], [108.47762, 12.653625], [108.477226, 12.653897], [108.476482, 12.653701], [108.476614, 12.652771], [108.476868, 12.652568], [108.477211, 12.652373], [108.477901, 12.652189], [108.478169, 12.651918], [108.478306, 12.651359], [108.478438, 12.65098], [108.478711, 12.650478], [108.479452, 12.649985], [108.479588, 12.649889], [108.479608, 12.649809], [108.479557, 12.649575], [108.479479, 12.649476], [108.47898, 12.648974], [108.478949, 12.648982], [108.478906, 12.648897], [108.478805, 12.648664], [108.479105, 12.648637], [108.47939, 12.648767], [108.479444, 12.648599], [108.479534, 12.648526], [108.479791, 12.648411], [108.480173, 12.648408], [108.480407, 12.64866], [108.480586, 12.648618], [108.481194, 12.648507], [108.48121, 12.648431], [108.481311, 12.648427], [108.481397, 12.648434], [108.481424, 12.648454], [108.48149, 12.648611], [108.481541, 12.648645], [108.481599, 12.648672], [108.481654, 12.648672], [108.481697, 12.648664], [108.481732, 12.648649], [108.481841, 12.648511], [108.481919, 12.648427], [108.481954, 12.648423], [108.481989, 12.648423], [108.482243, 12.648542], [108.482305, 12.648553], [108.482367, 12.648534], [108.482422, 12.6485], [108.482461, 12.648496], [108.482508, 12.648507], [108.482609, 12.64858], [108.482636, 12.648588], [108.482691, 12.648584], [108.482718, 12.648561], [108.48273, 12.648519], [108.482734, 12.648431], [108.482741, 12.648396], [108.482757, 12.648358], [108.482777, 12.648335], [108.4828, 12.648327], [108.482847, 12.648327], [108.482866, 12.648404], [108.483057, 12.64809], [108.48324, 12.648197], [108.48354, 12.648347], [108.483673, 12.648664], [108.483634, 12.649196], [108.483704, 12.649794], [108.483844, 12.65023], [108.483996, 12.650839], [108.484413, 12.650927], [108.484624, 12.650911], [108.484612, 12.650923], [108.48515, 12.65165], [108.485879, 12.652427], [108.486385, 12.653308], [108.486424, 12.653568]]]}, "properties": {"loai": "caoSuDucLoc", "ten": "Cao su Đức Lộc", "dienTichChuGiai": null}}, {"type": "Feature", "geometry": {"type": "Polygon", "coordinates": [[[108.473115, 12.650482], [108.473087, 12.65039], [108.472885, 12.650317], [108.472885, 12.650263], [108.472931, 12.650198], [108.47297, 12.650118], [108.472998, 12.650018], [108.472998, 12.649992], [108.473037, 12.649892], [108.473091, 12.649858], [108.473193, 12.649858], [108.473294, 12.649869], [108.47338, 12.64977], [108.473415, 12.649697], [108.47338, 12.649624], [108.473352, 12.649552], [108.473278, 12.649498], [108.473255, 12.649425], [108.473271, 12.649379], [108.473317, 12.649307], [108.473337, 12.649207], [108.473329, 12.649199], [108.473329, 12.649165], [108.473341, 12.649146], [108.473329, 12.6491], [108.473349, 12.648993], [108.473454, 12.648794], [108.473536, 12.648686], [108.473536, 12.648633], [108.473508, 12.648579], [108.473501, 12.648461], [108.473485, 12.648422], [108.473485, 12.648361], [108.473505, 12.648334], [108.47352, 12.648334], [108.473586, 12.648196], [108.473661, 12.648147], [108.473816, 12.648181], [108.473972, 12.648227], [108.473992, 12.648239], [108.47412, 12.648239], [108.474249, 12.648231], [108.474296, 12.648216], [108.474323, 12.648185], [108.47437, 12.64817], [108.474397, 12.648124], [108.474424, 12.648043], [108.474518, 12.647963], [108.474557, 12.647909], [108.474631, 12.647856], [108.474623, 12.647829], [108.474569, 12.647772], [108.474448, 12.647737], [108.474401, 12.647664], [108.474448, 12.647565], [108.474526, 12.647439], [108.474506, 12.647278], [108.474506, 12.647232], [108.474499, 12.64722], [108.474491, 12.647186], [108.474499, 12.647086], [108.474483, 12.646987], [108.47451, 12.646922], [108.474421, 12.646868], [108.474382, 12.646796], [108.474428, 12.646715], [108.474347, 12.646669], [108.474339, 12.646623], [108.474413, 12.64657], [108.47444, 12.646508], [108.474444, 12.646397], [108.4746, 12.646382], [108.47469, 12.646401], [108.47481, 12.64644], [108.474838, 12.646432], [108.474959, 12.646459], [108.475001, 12.646486], [108.475177, 12.646558], [108.475224, 12.646585], [108.475356, 12.646914], [108.475418, 12.647113], [108.475438, 12.647274], [108.475426, 12.647404], [108.475352, 12.647538], [108.475305, 12.647665], [108.47541, 12.647883], [108.475449, 12.647936], [108.475492, 12.648017], [108.475613, 12.648128], [108.474526, 12.649169], [108.473727, 12.650011], [108.473263, 12.650375], [108.473115, 12.650482]]]}, "properties": {"loai": "caoSuDucLoc", "ten": "Cao su Đức Lộc", "dienTichChuGiai": null}}, {"type": "Feature", "geometry": {"type": "Polygon", "coordinates": [[[108.475936, 12.654321], [108.475936, 12.654306], [108.475952, 12.654249], [108.475975, 12.654199], [108.475998, 12.65418], [108.47603, 12.654172], [108.476088, 12.654168], [108.476158, 12.654199], [108.476295, 12.654279], [108.476388, 12.654306], [108.476493, 12.654329], [108.47654, 12.654329], [108.476665, 12.654318], [108.476743, 12.654295], [108.476817, 12.654249], [108.476868, 12.65421], [108.476981, 12.654046], [108.47702, 12.654015], [108.477055, 12.654004], [108.477094, 12.654008], [108.477125, 12.654031], [108.477156, 12.654069], [108.477191, 12.654153], [108.477238, 12.654207], [108.477285, 12.65421], [108.477316, 12.654195], [108.477335, 12.654161], [108.477335, 12.654076], [108.477324, 12.653996], [108.477324, 12.653965], [108.478091, 12.654253], [108.479268, 12.654969], [108.480574, 12.655072], [108.481642, 12.655252], [108.481919, 12.655256], [108.482223, 12.655321], [108.482371, 12.655309], [108.483014, 12.65513], [108.483369, 12.655087], [108.483735, 12.655084], [108.484549, 12.655325], [108.485516, 12.655398], [108.486642, 12.655976], [108.487262, 12.655834], [108.487274, 12.655895], [108.487527, 12.655983], [108.487808, 12.65601], [108.488287, 12.656083], [108.488233, 12.65637], [108.488139, 12.656711], [108.488042, 12.65704], [108.487847, 12.657319], [108.487718, 12.657465], [108.486136, 12.657997], [108.486062, 12.658012], [108.48603, 12.657966], [108.486214, 12.657518], [108.485933, 12.657495], [108.485781, 12.657381], [108.485418, 12.657266], [108.485266, 12.657132], [108.485259, 12.656787], [108.485212, 12.656397], [108.485103, 12.656232], [108.484892, 12.656113], [108.484783, 12.65624], [108.484436, 12.656293], [108.484105, 12.656404], [108.483509, 12.656489], [108.483442, 12.656569], [108.483111, 12.656599], [108.482807, 12.656546], [108.482527, 12.656607], [108.482464, 12.656814], [108.481977, 12.65681], [108.481638, 12.656814], [108.481615, 12.656707], [108.48156, 12.656389], [108.481038, 12.656094], [108.480753, 12.655995], [108.480239, 12.655964], [108.480083, 12.65609], [108.479681, 12.655891], [108.479467, 12.655726], [108.479202, 12.655589], [108.478863, 12.655351], [108.47845, 12.655187], [108.478224, 12.655083], [108.478091, 12.654991], [108.477881, 12.654796], [108.477818, 12.654693], [108.477374, 12.654632], [108.476984, 12.654612], [108.476158, 12.654559], [108.476026, 12.654628], [108.476002, 12.654241], [108.475936, 12.654321]]]}, "properties": {"loai": "caoSuDucLoc", "ten": "Cao su Đức Lộc", "dienTichChuGiai": null}}, {"type": "Feature", "geometry": {"type": "Polygon", "coordinates": [[[108.479608, 12.649809], [108.479588, 12.649889], [108.478711, 12.650478], [108.478438, 12.65098], [108.478306, 12.651359], [108.478169, 12.651918], [108.477901, 12.652189], [108.477211, 12.652373], [108.476868, 12.652568], [108.476536, 12.652832], [108.476361, 12.652664], [108.47617, 12.652388], [108.476209, 12.651845], [108.476041, 12.651741], [108.475843, 12.651864], [108.475706, 12.652185], [108.475387, 12.652499], [108.475379, 12.652633], [108.475087, 12.652568], [108.474689, 12.652717], [108.474868, 12.652775], [108.47488, 12.652962], [108.475168, 12.653066], [108.475277, 12.653066], [108.475277, 12.65323], [108.475227, 12.653437], [108.474938, 12.653674], [108.474463, 12.653808], [108.47382, 12.653831], [108.473594, 12.653957], [108.473403, 12.654], [108.473336, 12.654141], [108.473239, 12.65444], [108.472982, 12.65452], [108.47274, 12.654623], [108.472561, 12.654669], [108.472393, 12.65475], [108.472167, 12.654953], [108.471777, 12.65496], [108.471621, 12.655155], [108.471536, 12.655148], [108.471442, 12.65493], [108.471325, 12.654899], [108.471208, 12.65519], [108.471091, 12.655178], [108.471009, 12.655052], [108.471103, 12.65488], [108.471216, 12.65452], [108.471298, 12.654474], [108.471512, 12.654053], [108.471637, 12.653927], [108.471738, 12.653601], [108.471887, 12.653341], [108.471949, 12.652962], [108.471602, 12.652912], [108.471357, 12.652667], [108.471466, 12.65248], [108.471587, 12.65248], [108.471762, 12.652464], [108.472047, 12.652449], [108.472148, 12.652361], [108.472234, 12.652208], [108.472503, 12.651795], [108.472733, 12.651975], [108.472935, 12.651852], [108.473356, 12.651343], [108.473586, 12.651106], [108.473777, 12.650956], [108.473816, 12.650673], [108.474046, 12.650597], [108.474144, 12.650543], [108.474253, 12.650581], [108.474448, 12.650375], [108.475137, 12.650535], [108.47525, 12.650329], [108.475438, 12.650394], [108.475644, 12.650413], [108.476049, 12.650562], [108.476279, 12.650555], [108.47672, 12.649682], [108.476915, 12.649567], [108.477145, 12.649544], [108.477492, 12.649628], [108.477608, 12.649755], [108.477714, 12.649713], [108.477862, 12.649495], [108.477803, 12.649376], [108.478002, 12.649161], [108.478318, 12.649139], [108.47898, 12.648974], [108.479479, 12.649476], [108.479557, 12.649575], [108.479608, 12.649809]]]}, "properties": {"loai": "caoSuDucLoc", "ten": "Cao su Đức Lộc", "dienTichChuGiai": null}}, {"type": "Feature", "geometry": {"type": "Polygon", "coordinates": [[[108.471057, 12.652855], [108.471158, 12.653318], [108.471072, 12.653705], [108.470624, 12.654378], [108.470444, 12.654761], [108.470253, 12.654845], [108.469907, 12.654815], [108.469213, 12.654822], [108.46885, 12.655013], [108.468753, 12.65522], [108.468846, 12.655415], [108.468495, 12.656058], [108.468164, 12.655928], [108.468055, 12.65558], [108.468215, 12.654841], [108.467202, 12.654297], [108.466563, 12.65414], [108.467225, 12.652751], [108.467412, 12.652403], [108.469061, 12.652544], [108.471057, 12.652855]]]}, "properties": {"loai": "caoSuDucLoc", "ten": "Cao su Đức Lộc", "dienTichChuGiai": null}}, {"type": "Feature", "geometry": {"type": "Polygon", "coordinates": [[[108.454157, 12.630283], [108.454013, 12.629866], [108.454036, 12.629586], [108.454726, 12.629357], [108.454995, 12.629828], [108.455104, 12.629946], [108.455116, 12.630207], [108.45459, 12.63026], [108.454157, 12.630283]]]}, "properties": {"loai": "caoSuDucLoc", "ten": "Cao su Đức Lộc", "dienTichChuGiai": null}}, {"type": "Feature", "geometry": {"type": "Polygon", "coordinates": [[[108.47085, 12.652606], [108.47094, 12.652464], [108.471298, 12.651385], [108.471513, 12.650933], [108.472238, 12.650382], [108.472331, 12.650057], [108.472273, 12.649486], [108.472487, 12.648686], [108.472632, 12.648449], [108.472904, 12.64763], [108.472507, 12.646742], [108.472784, 12.646206], [108.472901, 12.645693], [108.473209, 12.644958], [108.473591, 12.645061], [108.473945, 12.645192], [108.474206, 12.645356], [108.474382, 12.645655], [108.47428, 12.645724], [108.474086, 12.645655], [108.473836, 12.646175], [108.474152, 12.646451], [108.473898, 12.64678], [108.473902, 12.647071], [108.474066, 12.647136], [108.474319, 12.647209], [108.474066, 12.647814], [108.473774, 12.647806], [108.473357, 12.648185], [108.473302, 12.648529], [108.473006, 12.648786], [108.472869, 12.648771], [108.472893, 12.648989], [108.47313, 12.649203], [108.473084, 12.649322], [108.47299, 12.649364], [108.473052, 12.649647], [108.472694, 12.64959], [108.472733, 12.649842], [108.472744, 12.650107], [108.472795, 12.650145], [108.47276, 12.65029], [108.472892, 12.65047], [108.472612, 12.650719], [108.472768, 12.650949], [108.473154, 12.651312], [108.473052, 12.651634], [108.472717, 12.65168], [108.472468, 12.65155], [108.472397, 12.651358], [108.471852, 12.651615], [108.471914, 12.652239], [108.471805, 12.652319], [108.471653, 12.652212], [108.471236, 12.652449], [108.47085, 12.652606]]]}, "properties": {"loai": "caoSuDucLoc", "ten": "Cao su Đức Lộc", "dienTichChuGiai": null}}, {"type": "Feature", "geometry": {"type": "Polygon", "coordinates": [[[108.455591, 12.630149], [108.455525, 12.629598], [108.455439, 12.629315], [108.455592, 12.62884], [108.455997, 12.62871], [108.456157, 12.628848], [108.456262, 12.629246], [108.456394, 12.629219], [108.456394, 12.628974], [108.456932, 12.629143], [108.457279, 12.629055], [108.457528, 12.629013], [108.457727, 12.628944], [108.458257, 12.629193], [108.458401, 12.629426], [108.458783, 12.629629], [108.459064, 12.629668], [108.459079, 12.629698], [108.457446, 12.630444], [108.457368, 12.630406], [108.457006, 12.630314], [108.456608, 12.630222], [108.45623, 12.630169], [108.455965, 12.630138], [108.455665, 12.630138], [108.455591, 12.630149]]]}, "properties": {"loai": "caoSuDucLoc", "ten": "Cao su Đức Lộc", "dienTichChuGiai": null}}, {"type": "Feature", "geometry": {"type": "Polygon", "coordinates": [[[108.459286, 12.630089], [108.459352, 12.630276], [108.459496, 12.63054], [108.459808, 12.630908], [108.459983, 12.631088], [108.460104, 12.631168], [108.460361, 12.631471], [108.460408, 12.631723], [108.460264, 12.632083], [108.4604, 12.632202], [108.460069, 12.633228], [108.459792, 12.633136], [108.459585, 12.632986], [108.459394, 12.632841], [108.459083, 12.632427], [108.458413, 12.63149], [108.458545, 12.631359], [108.458689, 12.63116], [108.458834, 12.630988], [108.45876, 12.630896], [108.458666, 12.63064], [108.458534, 12.630513], [108.45821, 12.630575], [108.458117, 12.630582], [108.458401, 12.630464], [108.45899, 12.630207], [108.459286, 12.630089]]]}, "properties": {"loai": "caoSuDucLoc", "ten": "Cao su Đức Lộc", "dienTichChuGiai": null}}, {"type": "Feature", "geometry": {"type": "Polygon", "coordinates": [[[108.465383, 12.640249], [108.465317, 12.640054], [108.46536, 12.639897], [108.465368, 12.639889], [108.465539, 12.639835], [108.466214, 12.639751], [108.466319, 12.639751], [108.466342, 12.639904], [108.466779, 12.639901], [108.467165, 12.639839], [108.467621, 12.639583], [108.467987, 12.639866], [108.468338, 12.640058], [108.468478, 12.64018], [108.468649, 12.64041], [108.468934, 12.64077], [108.469047, 12.640923], [108.469031, 12.641103], [108.469031, 12.641187], [108.468996, 12.641535], [108.468969, 12.641673], [108.468918, 12.641842], [108.468825, 12.642018], [108.46868, 12.642259], [108.468544, 12.642435], [108.468201, 12.642228], [108.467344, 12.641432], [108.466471, 12.640873], [108.46603, 12.640743], [108.466015, 12.640517], [108.4658, 12.640433], [108.465383, 12.640249]]]}, "properties": {"loai": "caoSuDucLoc", "ten": "Cao su Đức Lộc", "dienTichChuGiai": null}}, {"type": "Feature", "geometry": {"type": "Polygon", "coordinates": [[[108.473354, 12.639025], [108.473318, 12.639094], [108.473272, 12.639166], [108.473272, 12.639201], [108.473178, 12.639247], [108.473143, 12.639274], [108.473077, 12.6393], [108.473003, 12.639281], [108.472968, 12.639327], [108.472901, 12.639381], [108.47282, 12.639388], [108.472734, 12.639362], [108.472707, 12.639331], [108.472691, 12.639323], [108.472617, 12.639262], [108.472481, 12.639258], [108.472368, 12.639266], [108.472293, 12.639266], [108.472177, 12.639285], [108.472056, 12.639247], [108.472001, 12.639281], [108.471915, 12.639308], [108.471888, 12.639327], [108.4719, 12.639327], [108.471888, 12.639335], [108.471799, 12.639381], [108.471658, 12.639377], [108.471631, 12.639369], [108.471596, 12.63927], [108.471596, 12.63925], [108.471588, 12.639231], [108.471549, 12.639212], [108.47144, 12.639277], [108.471354, 12.639346], [108.471339, 12.639354], [108.471226, 12.639338], [108.471144, 12.639292], [108.471035, 12.639208], [108.470961, 12.639162], [108.470879, 12.63909], [108.470809, 12.639009], [108.470789, 12.638998], [108.470727, 12.638891], [108.470653, 12.638638], [108.470645, 12.638626], [108.470618, 12.638546], [108.47061, 12.638508], [108.470536, 12.638408], [108.470501, 12.638309], [108.470454, 12.63837], [108.470388, 12.638408], [108.470372, 12.638469], [108.470306, 12.638508], [108.470177, 12.638523], [108.470158, 12.638496], [108.470142, 12.638462], [108.470142, 12.638431], [108.470076, 12.638297], [108.470006, 12.63824], [108.469979, 12.638152], [108.469944, 12.638079], [108.469944, 12.638067], [108.469905, 12.63796], [108.469877, 12.637907], [108.46978, 12.637887], [108.469776, 12.637922], [108.469788, 12.637941], [108.469803, 12.638033], [108.469831, 12.638075], [108.469831, 12.638113], [108.469803, 12.638228], [108.469819, 12.638293], [108.469873, 12.638458], [108.469819, 12.638511], [108.46978, 12.638599], [108.469827, 12.638745], [108.469834, 12.638756], [108.469869, 12.638856], [108.469842, 12.638883], [108.469788, 12.638837], [108.469749, 12.638833], [108.469714, 12.638852], [108.469639, 12.638879], [108.469585, 12.638844], [108.469558, 12.638799], [108.469503, 12.638741], [108.469464, 12.63863], [108.469402, 12.638508], [108.46939, 12.638393], [108.46939, 12.638155], [108.469371, 12.638155], [108.469316, 12.638198], [108.469242, 12.638197], [108.469203, 12.638217], [108.469191, 12.638454], [108.469261, 12.63863], [108.469367, 12.638722], [108.469468, 12.638948], [108.469355, 12.63899], [108.469055, 12.638971], [108.468891, 12.638867], [108.468731, 12.638806], [108.468583, 12.638695], [108.468466, 12.638519], [108.468314, 12.6384], [108.468201, 12.638324], [108.468085, 12.638216], [108.468022, 12.638094], [108.467929, 12.638029], [108.467925, 12.637998], [108.467901, 12.637941], [108.467765, 12.637883], [108.467644, 12.637876], [108.467578, 12.637857], [108.467516, 12.637818], [108.467481, 12.637738], [108.4675, 12.637703], [108.467543, 12.637677], [108.467636, 12.637669], [108.467718, 12.637631], [108.467804, 12.637623], [108.467886, 12.63757], [108.467933, 12.637554], [108.46796, 12.637535], [108.468108, 12.637474], [108.468202, 12.637428], [108.468237, 12.63742], [108.468237, 12.637428], [108.468276, 12.637394], [108.468338, 12.637367], [108.468424, 12.637321], [108.468478, 12.637306], [108.468525, 12.637325], [108.46858, 12.637325], [108.468634, 12.637344], [108.468697, 12.637332], [108.468735, 12.637344], [108.46879, 12.63739], [108.468852, 12.63739], [108.468938, 12.637374], [108.469039, 12.637329], [108.469121, 12.637302], [108.46918, 12.637286], [108.469168, 12.637294], [108.469188, 12.637286], [108.469336, 12.637195], [108.469379, 12.637198], [108.469472, 12.637225], [108.469527, 12.637233], [108.469601, 12.637252], [108.469737, 12.637218], [108.469784, 12.637198], [108.469823, 12.637198], [108.469924, 12.637244], [108.470072, 12.637176], [108.470072, 12.637076], [108.470037, 12.636976], [108.470037, 12.636885], [108.470065, 12.636885], [108.470131, 12.636843], [108.470228, 12.636854], [108.470287, 12.636881], [108.470443, 12.636919], [108.470505, 12.636927], [108.470598, 12.636965], [108.470708, 12.636992], [108.470782, 12.637], [108.470871, 12.637019], [108.470984, 12.63703], [108.471074, 12.637057], [108.471148, 12.637122], [108.471156, 12.63716], [108.471175, 12.637187], [108.471257, 12.637187], [108.471358, 12.637233], [108.471378, 12.637287], [108.471386, 12.637367], [108.471382, 12.637467], [108.471374, 12.637486], [108.471393, 12.637524], [108.471428, 12.637731], [108.471409, 12.637803], [108.471389, 12.637819], [108.471538, 12.637849], [108.471713, 12.637807], [108.471775, 12.637807], [108.471849, 12.637907], [108.471877, 12.637934], [108.471931, 12.638006], [108.471966, 12.638014], [108.471986, 12.638026], [108.472013, 12.638026], [108.472021, 12.638052], [108.472068, 12.638125], [108.472149, 12.638236], [108.472138, 12.638244], [108.472212, 12.638343], [108.472231, 12.638382], [108.472383, 12.638554], [108.472395, 12.638607], [108.47243, 12.638699], [108.472531, 12.638791], [108.47264, 12.63881], [108.472675, 12.638791], [108.472703, 12.638764], [108.472761, 12.638726], [108.472824, 12.638692], [108.472952, 12.638711], [108.472991, 12.63873], [108.473038, 12.63873], [108.473081, 12.638722], [108.473147, 12.638734], [108.473221, 12.638734], [108.473237, 12.63878], [108.473248, 12.638787], [108.473322, 12.638807], [108.47335, 12.638826], [108.473338, 12.638868], [108.473338, 12.638887], [108.473357, 12.63896], [108.473354, 12.639025]]]}, "properties": {"loai": "caoSuDucLoc", "ten": "Cao su Đức Lộc", "dienTichChuGiai": null}}, {"type": "Feature", "geometry": {"type": "Polygon", "coordinates": [[[108.468033, 12.643036], [108.467916, 12.643074], [108.467371, 12.643476], [108.466981, 12.643418], [108.466794, 12.64325], [108.466708, 12.643089], [108.466038, 12.643116], [108.465734, 12.643407], [108.465668, 12.643629], [108.465258, 12.643958], [108.464869, 12.643973], [108.464724, 12.643667], [108.465293, 12.642932], [108.465407, 12.642473], [108.465036, 12.642607], [108.465118, 12.641983], [108.464818, 12.641761], [108.465286, 12.640854], [108.465255, 12.64049], [108.465383, 12.640249], [108.4658, 12.640433], [108.466015, 12.640517], [108.46603, 12.640743], [108.466471, 12.640873], [108.467344, 12.641432], [108.468201, 12.642228], [108.468544, 12.642435], [108.468033, 12.643036]]]}, "properties": {"loai": "caoSuDucLoc", "ten": "Cao su Đức Lộc", "dienTichChuGiai": null}}, {"type": "Feature", "geometry": {"type": "Polygon", "coordinates": [[[108.456503, 12.631401], [108.456858, 12.631654], [108.457025, 12.631853], [108.457204, 12.63209], [108.45729, 12.6324], [108.45731, 12.632875], [108.457793, 12.633354], [108.458412, 12.63384], [108.458763, 12.634131], [108.45911, 12.634223], [108.459437, 12.634391], [108.459207, 12.635038], [108.458611, 12.634969], [108.458381, 12.634969], [108.45819, 12.634885], [108.457559, 12.635015], [108.4572, 12.63418], [108.457064, 12.634077], [108.45676, 12.633813], [108.456429, 12.633296], [108.456464, 12.63317], [108.455938, 12.632377], [108.455435, 12.632266], [108.454753, 12.632331], [108.454441, 12.632251], [108.455911, 12.631631], [108.455989, 12.631646], [108.456004, 12.631654], [108.456148, 12.631596], [108.456152, 12.631531], [108.456503, 12.631401]]]}, "properties": {"loai": "caoSuDucLoc", "ten": "Cao su Đức Lộc", "dienTichChuGiai": null}}, {"type": "Feature", "geometry": {"type": "Polygon", "coordinates": [[[108.45406, 12.631412], [108.454161, 12.630788], [108.454219, 12.630463], [108.454157, 12.630283], [108.45459, 12.63026], [108.455034, 12.630214], [108.454999, 12.630398], [108.455116, 12.630402], [108.455085, 12.630723], [108.455186, 12.630808], [108.455396, 12.630926], [108.455556, 12.63111], [108.455572, 12.631122], [108.455256, 12.631301], [108.454172, 12.631757], [108.454063, 12.631412], [108.45406, 12.631412]]]}, "properties": {"loai": "caoSuDucLoc", "ten": "Cao su Đức Lộc", "dienTichChuGiai": null}}, {"type": "Feature", "geometry": {"type": "Polygon", "coordinates": [[[108.456752, 12.631225], [108.456827, 12.631172], [108.457555, 12.63082], [108.457703, 12.630754], [108.457848, 12.631133], [108.458038, 12.631512], [108.458303, 12.631597], [108.458413, 12.63149], [108.459083, 12.632427], [108.459394, 12.632841], [108.459585, 12.632986], [108.459792, 12.633136], [108.460069, 12.633228], [108.459952, 12.633587], [108.459527, 12.634238], [108.45918, 12.634142], [108.45888, 12.633725], [108.458447, 12.633614], [108.458256, 12.633511], [108.457454, 12.632791], [108.457567, 12.6325], [108.457886, 12.63255], [108.457053, 12.631394], [108.456752, 12.631225]]]}, "properties": {"loai": "caoSuDucLoc", "ten": "Cao su Đức Lộc", "dienTichChuGiai": null}}, {"type": "Feature", "geometry": {"type": "Polygon", "coordinates": [[[108.455533, 12.630433], [108.455607, 12.630249], [108.455591, 12.630149], [108.455665, 12.630138], [108.455965, 12.630138], [108.45623, 12.630169], [108.456608, 12.630222], [108.457006, 12.630314], [108.457368, 12.630406], [108.457446, 12.630444], [108.457396, 12.630471], [108.456538, 12.630804], [108.456195, 12.630911], [108.456156, 12.630888], [108.455915, 12.630838], [108.455821, 12.63075], [108.455806, 12.630704], [108.4557, 12.630547], [108.455533, 12.630433]]]}, "properties": {"loai": "caoSuDucLoc", "ten": "Cao su Đức Lộc", "dienTichChuGiai": null}}, {"type": "Feature", "geometry": {"type": "Polygon", "coordinates": [[[108.467621, 12.639583], [108.467609, 12.639376], [108.467819, 12.638791], [108.467987, 12.638638], [108.468194, 12.638538], [108.4684, 12.638749], [108.468583, 12.638906], [108.468607, 12.639204], [108.46856, 12.639392], [108.468899, 12.639323], [108.469955, 12.639442], [108.471039, 12.639698], [108.471155, 12.639905], [108.471502, 12.640326], [108.471537, 12.640785], [108.471783, 12.640904], [108.472126, 12.641027], [108.472258, 12.641272], [108.472219, 12.641425], [108.472465, 12.64149], [108.472765, 12.641394], [108.4731, 12.641513], [108.473416, 12.641471], [108.473774, 12.641567], [108.473883, 12.641612], [108.473981, 12.642137], [108.473895, 12.642355], [108.473497, 12.642279], [108.473416, 12.642278], [108.472952, 12.642171], [108.473618, 12.642569], [108.4737, 12.642841], [108.473345, 12.642975], [108.473006, 12.642925], [108.472932, 12.642856], [108.472652, 12.642761], [108.472133, 12.642994], [108.471728, 12.64255], [108.471596, 12.64198], [108.471358, 12.641739], [108.470793, 12.641834], [108.470649, 12.641918], [108.470321, 12.642064], [108.470157, 12.641949], [108.46902, 12.641313], [108.469031, 12.641187], [108.469031, 12.641103], [108.469047, 12.640923], [108.468934, 12.64077], [108.468649, 12.64041], [108.468478, 12.64018], [108.468338, 12.640058], [108.467987, 12.639866], [108.467621, 12.639583]]]}, "properties": {"loai": "caoSuDucLoc", "ten": "Cao su Đức Lộc", "dienTichChuGiai": null}}, {"type": "Feature", "geometry": {"type": "Polygon", "coordinates": [[[108.470321, 12.642064], [108.469503, 12.642492], [108.468575, 12.642864], [108.468033, 12.643036], [108.468544, 12.642439], [108.46868, 12.642259], [108.468825, 12.642018], [108.468918, 12.641842], [108.468969, 12.641673], [108.468996, 12.641535], [108.46902, 12.641313], [108.470157, 12.641949], [108.470321, 12.642064]]]}, "properties": {"loai": "caoSuDucLoc", "ten": "Cao su Đức Lộc", "dienTichChuGiai": null}}, {"type": "Feature", "geometry": {"type": "Polygon", "coordinates": [[[108.484197, 12.611698], [108.485382, 12.609865], [108.485413, 12.610106], [108.48546, 12.610205], [108.485487, 12.610205], [108.485495, 12.610224], [108.48546, 12.610251], [108.485499, 12.610397], [108.485612, 12.610512], [108.485659, 12.610527], [108.48576, 12.610661], [108.485869, 12.610714], [108.485936, 12.610822], [108.486056, 12.610883], [108.486111, 12.610956], [108.486123, 12.611063], [108.486041, 12.611166], [108.485955, 12.611365], [108.485978, 12.611698], [108.485943, 12.611851], [108.485772, 12.612115], [108.485534, 12.612318], [108.485573, 12.612579], [108.485604, 12.612625], [108.485624, 12.612732], [108.48555, 12.612804], [108.485476, 12.612889], [108.485479, 12.612961], [108.485398, 12.613195], [108.485343, 12.613252], [108.48532, 12.613505], [108.485242, 12.613738], [108.485074, 12.613696], [108.485, 12.613708], [108.484946, 12.613708], [108.48491, 12.613727], [108.484856, 12.613746], [108.4847, 12.613746], [108.484642, 12.613731], [108.484568, 12.613666], [108.484229, 12.613635], [108.484045, 12.613639], [108.48378, 12.613704], [108.483617, 12.613914], [108.483597, 12.614048], [108.483609, 12.614094], [108.483582, 12.614148], [108.483527, 12.614186], [108.483511, 12.614286], [108.483457, 12.614366], [108.483488, 12.614737], [108.483445, 12.614818], [108.483371, 12.61491], [108.483289, 12.614967], [108.48297, 12.614998], [108.482849, 12.61507], [108.482814, 12.615136], [108.48265, 12.615155], [108.482603, 12.615166], [108.482557, 12.615166], [108.482455, 12.615247], [108.482319, 12.615269], [108.482331, 12.615377], [108.482315, 12.615465], [108.482198, 12.615668], [108.482062, 12.615821], [108.481933, 12.61587], [108.481859, 12.615932], [108.481777, 12.615897], [108.481703, 12.615817], [108.48154, 12.615733], [108.484197, 12.611698]]]}, "properties": {"loai": "caoSuLK", "ten": "Cao su giao khoán cho LK", "dienTichChuGiai": null}}, {"type": "Feature", "geometry": {"type": "Polygon", "coordinates": [[[108.48463, 12.606504], [108.484525, 12.606469], [108.484295, 12.606446], [108.484221, 12.606412], [108.484159, 12.606393], [108.484073, 12.606259], [108.484065, 12.606213], [108.484007, 12.606071], [108.483902, 12.605864], [108.483734, 12.605677], [108.483676, 12.605451], [108.483602, 12.605436], [108.483547, 12.605443], [108.483485, 12.605436], [108.483411, 12.605382], [108.483399, 12.605313], [108.483473, 12.605294], [108.483691, 12.605252], [108.483808, 12.605152], [108.483984, 12.605106], [108.484065, 12.605114], [108.484408, 12.605252], [108.484673, 12.60524], [108.484895, 12.60521], [108.485043, 12.605172], [108.485188, 12.605172], [108.485215, 12.605133], [108.485227, 12.605133], [108.485515, 12.604942], [108.485671, 12.604812], [108.485768, 12.604594], [108.485803, 12.60436], [108.485827, 12.60415], [108.485807, 12.603916], [108.485823, 12.603656], [108.485983, 12.603399], [108.486045, 12.603193], [108.486092, 12.603173], [108.486193, 12.603181], [108.486357, 12.60317], [108.486404, 12.603158], [108.486423, 12.603185], [108.48645, 12.603239], [108.48647, 12.603449], [108.486466, 12.603755], [108.486489, 12.603935], [108.486563, 12.60405], [108.486637, 12.604303], [108.486704, 12.604364], [108.486891, 12.604506], [108.487226, 12.604747], [108.487315, 12.604827], [108.487292, 12.604973], [108.487245, 12.605007], [108.487062, 12.605019], [108.487027, 12.60503], [108.487007, 12.605049], [108.486871, 12.605221], [108.486692, 12.605348], [108.486645, 12.60534], [108.486618, 12.605287], [108.486622, 12.605042], [108.486583, 12.604953], [108.486583, 12.604908], [108.486563, 12.604873], [108.486501, 12.604854], [108.486481, 12.604919], [108.486493, 12.605126], [108.48647, 12.605317], [108.486477, 12.605405], [108.486462, 12.60547], [108.486283, 12.605669], [108.486119, 12.605872], [108.485908, 12.606002], [108.48587, 12.606002], [108.485916, 12.605918], [108.485889, 12.605864], [108.485682, 12.605788], [108.485449, 12.605918], [108.485367, 12.605998], [108.485273, 12.606071], [108.485141, 12.606255], [108.484985, 12.606439], [108.484884, 12.606446], [108.484728, 12.606469], [108.48463, 12.606504]]]}, "properties": {"loai": "caoSuLK", "ten": "Cao su giao khoán cho LK", "dienTichChuGiai": null}}, {"type": "Feature", "geometry": {"type": "Polygon", "coordinates": [[[108.468501, 12.614032], [108.468579, 12.613829], [108.468579, 12.613737], [108.468536, 12.613592], [108.468547, 12.613538], [108.46852, 12.613511], [108.468516, 12.61319], [108.468555, 12.612799], [108.468555, 12.612696], [108.468536, 12.61255], [108.468548, 12.612409], [108.46854, 12.612302], [108.468587, 12.61221], [108.468633, 12.612091], [108.468626, 12.611911], [108.4687, 12.61185], [108.468774, 12.611838], [108.468914, 12.611624], [108.46898, 12.611578], [108.468953, 12.611509], [108.469, 12.611383], [108.469035, 12.611337], [108.469156, 12.611276], [108.469175, 12.611249], [108.469261, 12.611215], [108.469393, 12.611195], [108.469444, 12.610786], [108.469464, 12.610759], [108.469479, 12.610713], [108.469514, 12.610667], [108.469534, 12.610602], [108.469526, 12.610548], [108.469475, 12.610422], [108.469518, 12.61015], [108.469471, 12.610062], [108.469479, 12.60997], [108.469448, 12.609836], [108.469421, 12.609676], [108.469421, 12.60963], [108.469401, 12.609549], [108.469425, 12.60945], [108.469397, 12.609331], [108.46937, 12.609324], [108.469417, 12.609324], [108.469608, 12.609412], [108.469713, 12.609519], [108.469861, 12.609588], [108.469908, 12.609588], [108.470005, 12.609576], [108.470111, 12.609618], [108.470138, 12.609618], [108.470329, 12.609645], [108.47043, 12.609653], [108.470457, 12.609668], [108.470457, 12.60968], [108.470469, 12.609687], [108.470563, 12.609722], [108.470605, 12.609703], [108.470625, 12.609829], [108.470609, 12.609928], [108.470621, 12.610074], [108.47066, 12.610235], [108.470742, 12.610281], [108.47089, 12.610323], [108.470929, 12.610323], [108.471046, 12.610376], [108.471112, 12.610365], [108.47156, 12.610197], [108.471615, 12.61017], [108.471751, 12.610131], [108.471899, 12.610047], [108.472, 12.610021], [108.47211, 12.610021], [108.472129, 12.610036], [108.472149, 12.61017], [108.472156, 12.610189], [108.472168, 12.610288], [108.472187, 12.610323], [108.472207, 12.610407], [108.472187, 12.610461], [108.472219, 12.610541], [108.472219, 12.610595], [108.47225, 12.610786], [108.472265, 12.610821], [108.472343, 12.610947], [108.472343, 12.611119], [108.472417, 12.611154], [108.472484, 12.611261], [108.472632, 12.611402], [108.472651, 12.611437], [108.47271, 12.611502], [108.472745, 12.611563], [108.472748, 12.611655], [108.472784, 12.611743], [108.472815, 12.611789], [108.472815, 12.611835], [108.472943, 12.611904], [108.472963, 12.61195], [108.473037, 12.612057], [108.47315, 12.612137], [108.473232, 12.612168], [108.473302, 12.612214], [108.473306, 12.61221], [108.47338, 12.612241], [108.473446, 12.612249], [108.473481, 12.612268], [108.473629, 12.612294], [108.473804, 12.612383], [108.473871, 12.612451], [108.473972, 12.612478], [108.473991, 12.612524], [108.474066, 12.612605], [108.474066, 12.612712], [108.474124, 12.612784], [108.474132, 12.612838], [108.47419, 12.612899], [108.47421, 12.613018], [108.474128, 12.613198], [108.474093, 12.613217], [108.473458, 12.613313], [108.473738, 12.614415], [108.472273, 12.614714], [108.472171, 12.614706], [108.472043, 12.614725], [108.471988, 12.614698], [108.471832, 12.614683], [108.471786, 12.614683], [108.471766, 12.614675], [108.471712, 12.614675], [108.47163, 12.614656], [108.471493, 12.614687], [108.471365, 12.614698], [108.471271, 12.614679], [108.471252, 12.614664], [108.471178, 12.614664], [108.471131, 12.614572], [108.471123, 12.614491], [108.471084, 12.614331], [108.471061, 12.614197], [108.471073, 12.614185], [108.471026, 12.614097], [108.471034, 12.614078], [108.471014, 12.614051], [108.470995, 12.613645], [108.470773, 12.613672], [108.468528, 12.61399], [108.468528, 12.613982], [108.468501, 12.614032]]]}, "properties": {"loai": "caoSuLK", "ten": "Cao su giao khoán cho LK", "dienTichChuGiai": null}}, {"type": "Feature", "geometry": {"type": "Polygon", "coordinates": [[[108.47813, 12.609455], [108.48016, 12.610205], [108.476957, 12.615185], [108.476929, 12.615185], [108.476454, 12.615346], [108.476384, 12.615326], [108.476244, 12.615346], [108.476041, 12.615357], [108.475858, 12.615326], [108.47571, 12.615326], [108.475675, 12.615346], [108.475667, 12.615346], [108.475425, 12.615296], [108.475379, 12.615296], [108.475277, 12.615277], [108.475184, 12.615215], [108.475067, 12.615173], [108.475047, 12.615181], [108.47502, 12.6152], [108.474911, 12.615192], [108.474899, 12.615173], [108.474689, 12.615123], [108.474533, 12.615135], [108.474291, 12.615127], [108.474245, 12.615066], [108.474256, 12.615039], [108.474171, 12.61492], [108.474139, 12.61476], [108.473972, 12.614484], [108.47398, 12.614446], [108.473913, 12.614247], [108.473948, 12.61414], [108.474058, 12.61404], [108.47412, 12.614021], [108.474202, 12.613937], [108.474323, 12.613856], [108.474412, 12.613764], [108.474436, 12.613539], [108.474517, 12.61342], [108.474545, 12.613336], [108.474545, 12.613301], [108.474607, 12.613163], [108.474576, 12.613075], [108.474623, 12.612984], [108.474603, 12.612903], [108.474537, 12.61283], [108.474564, 12.61267], [108.474607, 12.612585], [108.474588, 12.612505], [108.47465, 12.612379], [108.474658, 12.612272], [108.474693, 12.612134], [108.474674, 12.611919], [108.474763, 12.611736], [108.474806, 12.611571], [108.474849, 12.611284], [108.474837, 12.611219], [108.474962, 12.611028], [108.474997, 12.610886], [108.474958, 12.610721], [108.474958, 12.610687], [108.474923, 12.610622], [108.474678, 12.610392], [108.474623, 12.610212], [108.474767, 12.610082], [108.474892, 12.609822], [108.475091, 12.609646], [108.47518, 12.609473], [108.47525, 12.609236], [108.475243, 12.609156], [108.475274, 12.608911], [108.475254, 12.608704], [108.475278, 12.608543], [108.475204, 12.608432], [108.475161, 12.608402], [108.47529, 12.608425], [108.47813, 12.609455]]]}, "properties": {"loai": "caoSuLK", "ten": "Cao su giao khoán cho LK", "dienTichChuGiai": null}}, {"type": "Feature", "geometry": {"type": "Polygon", "coordinates": [[[108.485355, 12.608525], [108.4885, 12.608525], [108.4885, 12.610347], [108.488488, 12.610366], [108.488414, 12.610427], [108.488402, 12.610447], [108.488387, 12.6106], [108.488426, 12.610764], [108.488371, 12.610837], [108.488289, 12.610891], [108.488262, 12.610902], [108.488254, 12.610891], [108.488118, 12.610929], [108.488098, 12.610921], [108.488071, 12.610921], [108.487977, 12.61094], [108.48795, 12.610979], [108.487942, 12.611013], [108.487915, 12.611067], [108.487861, 12.611097], [108.487806, 12.611151], [108.487744, 12.611189], [108.48767, 12.611189], [108.487596, 12.611143], [108.487557, 12.611101], [108.487549, 12.611055], [108.487502, 12.611021], [108.487455, 12.611028], [108.48742, 12.611048], [108.487299, 12.611021], [108.487264, 12.611048], [108.487182, 12.611093], [108.487062, 12.611151], [108.487027, 12.611162], [108.486925, 12.611243], [108.486898, 12.611289], [108.486843, 12.611281], [108.486816, 12.611174], [108.486758, 12.611128], [108.486758, 12.611055], [108.486777, 12.611021], [108.486793, 12.611021], [108.48682, 12.611002], [108.48682, 12.61099], [108.486804, 12.610982], [108.486847, 12.610864], [108.486847, 12.610837], [108.486808, 12.610695], [108.486863, 12.610623], [108.486882, 12.610577], [108.48689, 12.610577], [108.486918, 12.610458], [108.486941, 12.61042], [108.486995, 12.610412], [108.487062, 12.610412], [108.487124, 12.61042], [108.487284, 12.610401], [108.487401, 12.610297], [108.48742, 12.610251], [108.487471, 12.610205], [108.48751, 12.610179], [108.487619, 12.610052], [108.487654, 12.609995], [108.487681, 12.60996], [108.487642, 12.609941], [108.487635, 12.60996], [108.48758, 12.609987], [108.487498, 12.610071], [108.487451, 12.610091], [108.487409, 12.610137], [108.487389, 12.610137], [108.487241, 12.610182], [108.487241, 12.610202], [108.487151, 12.610236], [108.487116, 12.610248], [108.486968, 12.610267], [108.486957, 12.610251], [108.486882, 12.610225], [108.486828, 12.610133], [108.486801, 12.610045], [108.486762, 12.609972], [108.486742, 12.609846], [108.486742, 12.609792], [108.486711, 12.609784], [108.486676, 12.609731], [108.486703, 12.609612], [108.486692, 12.609574], [108.486692, 12.609532], [108.486672, 12.609478], [108.48668, 12.609432], [108.486734, 12.609413], [108.486836, 12.609294], [108.486816, 12.609248], [108.486781, 12.609241], [108.486653, 12.609367], [108.486606, 12.609352], [108.486579, 12.609359], [108.486579, 12.609386], [108.486618, 12.609467], [108.486664, 12.609604], [108.486637, 12.609685], [108.486649, 12.609738], [108.486723, 12.609857], [108.486742, 12.609953], [108.486699, 12.610098], [108.486746, 12.61019], [108.486785, 12.610351], [108.486797, 12.610531], [108.486777, 12.610558], [108.486754, 12.610657], [108.486754, 12.610676], [108.486645, 12.610822], [108.486543, 12.610921], [108.486489, 12.610871], [108.486434, 12.610833], [108.48636, 12.610799], [108.486294, 12.610745], [108.486275, 12.610699], [108.486255, 12.610684], [108.486173, 12.610565], [108.486146, 12.61055], [108.486052, 12.610462], [108.486033, 12.610335], [108.485928, 12.610236], [108.485819, 12.610175], [108.485698, 12.61006], [108.485639, 12.609968], [108.485647, 12.609914], [108.485682, 12.609788], [108.48571, 12.609723], [108.485717, 12.609715], [108.48571, 12.609643], [108.485636, 12.609562], [108.485503, 12.609394], [108.485484, 12.609283], [108.485464, 12.609088], [108.485472, 12.608996], [108.485441, 12.608904], [108.485449, 12.608816], [108.485476, 12.608716], [108.485429, 12.608624], [108.485382, 12.608571], [108.485355, 12.608525]]]}, "properties": {"loai": "caoSuLK", "ten": "Cao su giao khoán cho LK", "dienTichChuGiai": null}}, {"type": "Feature", "geometry": {"type": "Polygon", "coordinates": [[[108.486723, 12.606152], [108.486894, 12.606087], [108.487081, 12.605769], [108.487452, 12.605834], [108.487865, 12.605891], [108.488118, 12.605888], [108.4885, 12.60601], [108.4885, 12.608533], [108.485359, 12.608533], [108.485343, 12.608502], [108.485324, 12.608391], [108.485195, 12.608356], [108.485168, 12.608242], [108.485168, 12.608215], [108.485156, 12.60815], [108.485172, 12.608088], [108.485152, 12.607989], [108.485152, 12.60797], [108.485195, 12.607824], [108.485269, 12.607717], [108.485269, 12.607644], [108.485285, 12.607533], [108.485265, 12.607445], [108.485211, 12.607346], [108.485164, 12.607311], [108.485234, 12.607112], [108.485234, 12.607074], [108.485223, 12.606994], [108.485223, 12.606894], [108.485211, 12.606814], [108.485219, 12.606768], [108.485301, 12.606642], [108.485355, 12.606542], [108.48541, 12.606515], [108.485472, 12.606412], [108.485554, 12.606377], [108.485608, 12.606366], [108.485784, 12.606354], [108.485831, 12.606347], [108.485858, 12.606335], [108.485877, 12.606354], [108.485912, 12.60637], [108.48606, 12.606331], [108.486197, 12.606339], [108.486224, 12.606312], [108.486318, 12.606266], [108.486415, 12.606228], [108.486509, 12.606209], [108.486563, 12.606182], [108.486657, 12.606182], [108.486723, 12.606152]]]}, "properties": {"loai": "caoSuLK", "ten": "Cao su giao khoán cho LK", "dienTichChuGiai": null}}, {"type": "Feature", "geometry": {"type": "Polygon", "coordinates": [[[108.488492, 12.610359], [108.488492, 12.608525], [108.491126, 12.608525], [108.491107, 12.608544], [108.491083, 12.608651], [108.491091, 12.608724], [108.491122, 12.608785], [108.491142, 12.608797], [108.491142, 12.608877], [108.491169, 12.608931], [108.49115, 12.608977], [108.491134, 12.608992], [108.491134, 12.609004], [108.491126, 12.609004], [108.491107, 12.609084], [108.491091, 12.609229], [108.491029, 12.609329], [108.490974, 12.609394], [108.490974, 12.609482], [108.490947, 12.60952], [108.49092, 12.609528], [108.490857, 12.609574], [108.490783, 12.60962], [108.490701, 12.609731], [108.490639, 12.60975], [108.4906, 12.609784], [108.4906, 12.609804], [108.490584, 12.60983], [108.490483, 12.609861], [108.490464, 12.60985], [108.490327, 12.609846], [108.490152, 12.609865], [108.490062, 12.60993], [108.489969, 12.609984], [108.489914, 12.609976], [108.489704, 12.609987], [108.489427, 12.609991], [108.489365, 12.609983], [108.489306, 12.609957], [108.489279, 12.609949], [108.489061, 12.610006], [108.48887, 12.610091], [108.488831, 12.610125], [108.488788, 12.610137], [108.488722, 12.610144], [108.488659, 12.610171], [108.488593, 12.610228], [108.488531, 12.610301], [108.488492, 12.610359]]]}, "properties": {"loai": "caoSuLK", "ten": "Cao su giao khoán cho LK", "dienTichChuGiai": null}}, {"type": "Feature", "geometry": {"type": "Polygon", "coordinates": [[[108.491118, 12.608533], [108.488492, 12.608533], [108.488492, 12.606006], [108.488586, 12.606037], [108.488757, 12.606148], [108.488765, 12.606309], [108.488699, 12.606508], [108.488882, 12.6066], [108.489747, 12.60668], [108.490113, 12.606699], [108.490288, 12.606749], [108.490499, 12.606734], [108.490565, 12.60676], [108.490682, 12.606799], [108.490811, 12.606799], [108.490865, 12.606833], [108.491079, 12.606864], [108.491142, 12.606883], [108.491255, 12.606929], [108.49136, 12.606948], [108.491438, 12.606948], [108.491508, 12.607013], [108.491637, 12.60704], [108.491758, 12.607059], [108.491812, 12.607086], [108.491839, 12.607124], [108.491839, 12.607178], [108.491781, 12.607285], [108.491726, 12.607312], [108.49166, 12.607377], [108.491578, 12.607476], [108.491539, 12.607572], [108.491465, 12.607637], [108.491364, 12.607805], [108.491325, 12.607985], [108.491391, 12.608364], [108.491126, 12.608368], [108.491126, 12.608406], [108.491118, 12.608426], [108.491118, 12.60846], [108.491138, 12.608514], [108.491118, 12.608533]]]}, "properties": {"loai": "caoSuLK", "ten": "Cao su giao khoán cho LK", "dienTichChuGiai": null}}, {"type": "Feature", "geometry": {"type": "Polygon", "coordinates": [[[108.481672, 12.610764], [108.484197, 12.611698], [108.48154, 12.615733], [108.481321, 12.615625], [108.48115, 12.615625], [108.480974, 12.615736], [108.48085, 12.61592], [108.480713, 12.616039], [108.48007, 12.616081], [108.479895, 12.616177], [108.479833, 12.616249], [108.479614, 12.616288], [108.479326, 12.616257], [108.479232, 12.616203], [108.479186, 12.616111], [108.479147, 12.615997], [108.478932, 12.615683], [108.478932, 12.615637], [108.478866, 12.615556], [108.478773, 12.615514], [108.478399, 12.615464], [108.478165, 12.615357], [108.478009, 12.615296], [108.477732, 12.615154], [108.477748, 12.615074], [108.477775, 12.615047], [108.477802, 12.614967], [108.477884, 12.614856], [108.477947, 12.614817], [108.478021, 12.614664], [108.478036, 12.614599], [108.477943, 12.614504], [108.477978, 12.614484], [108.477943, 12.614484], [108.477888, 12.614603], [108.477799, 12.614722], [108.477736, 12.614787], [108.477654, 12.61484], [108.47758, 12.61494], [108.477545, 12.615039], [108.477557, 12.615177], [108.477522, 12.615238], [108.477475, 12.615258], [108.477097, 12.615181], [108.476957, 12.615185], [108.48016, 12.610205], [108.481419, 12.610672], [108.481353, 12.610729], [108.481232, 12.610802], [108.481174, 12.610875], [108.481131, 12.610936], [108.481146, 12.611001], [108.481092, 12.611082], [108.481119, 12.611108], [108.481127, 12.611128], [108.481127, 12.611162], [108.481107, 12.611242], [108.481255, 12.611373], [108.481302, 12.611334], [108.481392, 12.611338], [108.481419, 12.611353], [108.481411, 12.611392], [108.481411, 12.611426], [108.481446, 12.611399], [108.481481, 12.611426], [108.48154, 12.611445], [108.481602, 12.611365], [108.481614, 12.611285], [108.481633, 12.611258], [108.48168, 12.611223], [108.481817, 12.611143], [108.481883, 12.611051], [108.481867, 12.610925], [108.481887, 12.610844], [108.481672, 12.610764]]]}, "properties": {"loai": "caoSuLK", "ten": "Cao su giao khoán cho LK", "dienTichChuGiai": null}}, {"type": "Feature", "geometry": {"type": "Polygon", "coordinates": [[[108.48025, 12.616341], [108.480074, 12.616613], [108.479766, 12.616854], [108.479564, 12.617088], [108.47938, 12.617421], [108.479373, 12.617444], [108.479361, 12.617765], [108.479022, 12.617926], [108.478695, 12.617842], [108.478784, 12.617574], [108.478679, 12.617287], [108.478656, 12.617256], [108.478547, 12.617229], [108.478508, 12.617237], [108.478258, 12.617512], [108.47797, 12.617554], [108.477732, 12.617286], [108.477709, 12.617267], [108.47735, 12.617164], [108.477303, 12.617172], [108.477292, 12.617179], [108.477089, 12.617355], [108.476824, 12.617156], [108.47682, 12.617149], [108.476489, 12.617034], [108.476255, 12.616992], [108.476216, 12.6169], [108.47613, 12.61662], [108.476115, 12.616597], [108.475834, 12.616364], [108.475815, 12.616356], [108.475449, 12.616279], [108.475106, 12.616291], [108.475063, 12.616325], [108.474958, 12.616467], [108.474946, 12.616498], [108.474958, 12.616528], [108.475164, 12.616827], [108.474969, 12.617129], [108.474739, 12.617416], [108.474385, 12.617263], [108.474139, 12.617187], [108.474178, 12.616972], [108.474061, 12.616609], [108.473874, 12.616279], [108.473656, 12.616], [108.473683, 12.615694], [108.473851, 12.615491], [108.474147, 12.615349], [108.474315, 12.615185], [108.474498, 12.615188], [108.474506, 12.6152], [108.474541, 12.615204], [108.474685, 12.615177], [108.474864, 12.615223], [108.474884, 12.615238], [108.474907, 12.615246], [108.475016, 12.615254], [108.475051, 12.615246], [108.475071, 12.615231], [108.47516, 12.615265], [108.47525, 12.615326], [108.475371, 12.615349], [108.475421, 12.615349], [108.475663, 12.615399], [108.475725, 12.61538], [108.475854, 12.61538], [108.476045, 12.615414], [108.476251, 12.615399], [108.47638, 12.61538], [108.476442, 12.615395], [108.476474, 12.615395], [108.476941, 12.615238], [108.477093, 12.615235], [108.477463, 12.615311], [108.477495, 12.615307], [108.477549, 12.615288], [108.477557, 12.615277], [108.477728, 12.615216], [108.477982, 12.615346], [108.478145, 12.615407], [108.478391, 12.615518], [108.478757, 12.615564], [108.478831, 12.615598], [108.478878, 12.615656], [108.478878, 12.615683], [108.478886, 12.615713], [108.4791, 12.61602], [108.479135, 12.616131], [108.479186, 12.616226], [108.479205, 12.616249], [108.479299, 12.616303], [108.479318, 12.61631], [108.479607, 12.616341], [108.47984, 12.616303], [108.479875, 12.616284], [108.47993, 12.616219], [108.480086, 12.616134], [108.48014, 12.616131], [108.48025, 12.616341]]]}, "properties": {"loai": "caoSuLK", "ten": "Cao su giao khoán cho LK", "dienTichChuGiai": null}}, {"type": "Feature", "geometry": {"type": "Polygon", "coordinates": [[[108.48016, 12.610205], [108.47813, 12.609455], [108.47529, 12.608425], [108.475149, 12.60839], [108.474834, 12.608149], [108.47513, 12.607659], [108.475282, 12.607475], [108.475348, 12.60741], [108.475371, 12.607376], [108.475457, 12.607322], [108.475492, 12.60723], [108.475414, 12.607096], [108.475375, 12.606924], [108.475411, 12.606798], [108.475586, 12.606641], [108.475621, 12.606541], [108.475582, 12.606426], [108.47557, 12.606315], [108.475524, 12.606208], [108.475559, 12.606189], [108.475613, 12.606036], [108.475676, 12.605971], [108.475804, 12.605753], [108.475886, 12.605745], [108.475902, 12.605588], [108.475956, 12.605535], [108.476108, 12.605251], [108.476096, 12.605198], [108.476061, 12.605182], [108.476089, 12.60519], [108.476081, 12.605182], [108.476186, 12.604999], [108.476124, 12.604884], [108.476182, 12.604658], [108.476136, 12.604639], [108.476108, 12.604612], [108.476108, 12.604601], [108.476124, 12.604581], [108.476186, 12.604536], [108.476365, 12.604359], [108.476447, 12.604248], [108.476553, 12.604061], [108.476623, 12.604042], [108.47665, 12.604053], [108.476697, 12.604053], [108.476716, 12.604046], [108.476782, 12.603927], [108.476782, 12.603839], [108.476825, 12.603758], [108.476907, 12.603697], [108.477273, 12.603713], [108.477238, 12.603785], [108.477238, 12.603831], [108.477266, 12.603858], [108.477285, 12.60387], [108.477332, 12.603873], [108.477383, 12.603862], [108.477422, 12.603839], [108.477449, 12.603808], [108.477468, 12.60377], [108.477476, 12.60372], [108.477573, 12.603736], [108.477776, 12.603793], [108.47799, 12.603839], [108.478006, 12.603847], [108.478002, 12.603866], [108.478022, 12.604118], [108.477967, 12.604118], [108.478057, 12.604218], [108.47808, 12.60426], [108.478103, 12.604268], [108.478259, 12.604448], [108.478287, 12.604467], [108.478283, 12.604459], [108.478322, 12.604501], [108.478388, 12.604589], [108.478528, 12.604892], [108.479518, 12.605309], [108.479654, 12.605451], [108.479771, 12.60555], [108.480114, 12.605696], [108.480324, 12.605749], [108.480675, 12.605899], [108.480741, 12.605952], [108.480928, 12.60604], [108.481306, 12.60617], [108.481415, 12.606193], [108.481618, 12.606281], [108.481739, 12.606274], [108.481836, 12.606063], [108.481825, 12.605956], [108.48186, 12.605845], [108.481899, 12.605818], [108.482101, 12.60586], [108.482136, 12.60586], [108.482312, 12.60583], [108.482386, 12.605803], [108.482542, 12.605792], [108.482616, 12.605753], [108.48276, 12.605734], [108.482826, 12.605715], [108.482861, 12.605654], [108.482943, 12.605661], [108.483017, 12.605623], [108.483068, 12.605604], [108.48016, 12.610205]]]}, "properties": {"loai": "caoSuLK", "ten": "Cao su giao khoán cho LK", "dienTichChuGiai": null}}, {"type": "Feature", "geometry": {"type": "Polygon", "coordinates": [[[108.483068, 12.605604], [108.483243, 12.605531], [108.483337, 12.605566], [108.483485, 12.605673], [108.483582, 12.60588], [108.483765, 12.60601], [108.484003, 12.606389], [108.484077, 12.606469], [108.484178, 12.60653], [108.484389, 12.606607], [108.484447, 12.606653], [108.484665, 12.606657], [108.484724, 12.606703], [108.484778, 12.606802], [108.484806, 12.606864], [108.484798, 12.606909], [108.484743, 12.606955], [108.484728, 12.607036], [108.484755, 12.607089], [108.484755, 12.607147], [108.48486, 12.607277], [108.484899, 12.607415], [108.484852, 12.607476], [108.484743, 12.607641], [108.484677, 12.607993], [108.484751, 12.608119], [108.484759, 12.608184], [108.484778, 12.608184], [108.484763, 12.608257], [108.484794, 12.608418], [108.484926, 12.608697], [108.484926, 12.60877], [108.485121, 12.609019], [108.485207, 12.609233], [108.485254, 12.609325], [108.48525, 12.609505], [108.485296, 12.609704], [108.485382, 12.609865], [108.484197, 12.611698], [108.48016, 12.610205], [108.483068, 12.605604]]]}, "properties": {"loai": "caoSuLK", "ten": "Cao su giao khoán cho LK", "dienTichChuGiai": null}}, {"type": "Feature", "geometry": {"type": "Polygon", "coordinates": [[[108.473394, 12.626366], [108.473273, 12.626657], [108.47307, 12.626948], [108.473031, 12.627051], [108.472922, 12.627166], [108.472907, 12.627204], [108.472918, 12.62725], [108.47286, 12.6273], [108.472696, 12.627342], [108.4724, 12.627625], [108.472256, 12.62774], [108.472189, 12.627817], [108.471519, 12.628081], [108.471227, 12.628371], [108.47086, 12.628582], [108.47065, 12.628727], [108.470136, 12.628907], [108.469676, 12.629056], [108.469146, 12.62916], [108.468226, 12.62903], [108.467143, 12.629301], [108.466593, 12.628869], [108.466309, 12.629098], [108.465459, 12.629159], [108.465459, 12.629064], [108.465385, 12.628834], [108.465202, 12.628734], [108.465128, 12.628815], [108.465073, 12.628742], [108.464832, 12.628673], [108.465101, 12.627751], [108.465549, 12.627464], [108.465993, 12.627211], [108.466426, 12.62705], [108.466839, 12.62687], [108.466921, 12.626939], [108.46696, 12.626924], [108.467213, 12.626805], [108.467162, 12.62674], [108.46756, 12.626576], [108.46894, 12.625929], [108.469345, 12.625696], [108.469641, 12.625588], [108.469699, 12.625631], [108.469894, 12.625562], [108.469887, 12.625489], [108.471025, 12.624972], [108.471079, 12.625026], [108.471492, 12.624888], [108.471469, 12.6248], [108.472712, 12.624257], [108.472525, 12.624766], [108.472369, 12.624972], [108.472264, 12.62508], [108.472038, 12.625328], [108.472057, 12.625359], [108.472408, 12.625485], [108.472537, 12.625596], [108.472599, 12.625589], [108.472677, 12.625658], [108.472735, 12.625677], [108.473113, 12.625918], [108.473226, 12.625933], [108.473394, 12.626213], [108.473394, 12.626366]]]}, "properties": {"loai": "gd2", "ten": "Dự kiến thu hồi GĐ2", "dienTichChuGiai": 40.8}}, {"type": "Feature", "geometry": {"type": "Polygon", "coordinates": [[[108.477691, 12.640602], [108.477707, 12.640553], [108.477847, 12.640568], [108.478061, 12.640522], [108.47819, 12.640369], [108.478295, 12.640235], [108.478397, 12.64012], [108.478432, 12.640055], [108.478451, 12.639994], [108.478681, 12.639986], [108.478868, 12.63989], [108.479032, 12.639783], [108.479211, 12.639657], [108.479535, 12.639561], [108.479652, 12.639542], [108.479679, 12.639546], [108.479765, 12.639527], [108.479936, 12.639565], [108.479975, 12.639592], [108.480002, 12.6396], [108.480166, 12.639611], [108.480279, 12.639584], [108.480369, 12.639588], [108.480544, 12.639623], [108.480719, 12.639646], [108.480848, 12.639772], [108.480957, 12.639818], [108.481058, 12.639883], [108.481121, 12.639902], [108.481168, 12.639875], [108.481207, 12.639875], [108.481316, 12.639894], [108.481409, 12.639868], [108.481444, 12.639841], [108.481472, 12.639795], [108.48153, 12.639726], [108.481549, 12.63968], [108.481511, 12.639561], [108.481394, 12.639381], [108.481296, 12.63919], [108.481012, 12.638742], [108.480942, 12.638608], [108.480361, 12.63759], [108.479936, 12.636909], [108.480174, 12.637173], [108.480256, 12.637219], [108.480458, 12.636985], [108.480571, 12.636843], [108.480665, 12.636717], [108.480778, 12.636591], [108.480813, 12.636526], [108.48084, 12.636518], [108.480872, 12.636526], [108.482099, 12.636403], [108.48206, 12.636438], [108.482426, 12.638069], [108.482528, 12.638225], [108.482754, 12.638723], [108.483034, 12.639114], [108.483167, 12.639374], [108.483264, 12.639431], [108.483373, 12.639856], [108.483354, 12.639872], [108.483062, 12.640028], [108.482765, 12.640155], [108.482629, 12.640289], [108.482629, 12.64048], [108.482676, 12.64079], [108.482684, 12.640806], [108.482711, 12.640832], [108.482785, 12.640798], [108.482808, 12.640817], [108.482824, 12.640897], [108.482726, 12.641533], [108.482516, 12.641816], [108.482146, 12.641755], [108.481838, 12.641755], [108.480832, 12.641403], [108.479815, 12.641594], [108.479055, 12.641835], [108.478747, 12.641816], [108.478494, 12.641621], [108.4784, 12.641582], [108.47828, 12.641544], [108.478108, 12.641479], [108.478069, 12.641444], [108.478014, 12.64141], [108.477987, 12.641364], [108.477925, 12.641291], [108.477917, 12.641245], [108.477952, 12.64118], [108.477972, 12.64118], [108.477979, 12.641134], [108.477917, 12.641008], [108.47789, 12.640928], [108.477874, 12.64092], [108.477835, 12.640863], [108.477785, 12.640775], [108.477746, 12.640744], [108.477691, 12.640602]]]}, "properties": {"loai": "gd2", "ten": "Dự kiến thu hồi GĐ2", "dienTichChuGiai": 40.8}}, {"type": "Feature", "geometry": {"type": "Polygon", "coordinates": [[[108.450246, 12.640599], [108.450164, 12.640644], [108.449899, 12.640644], [108.449638, 12.640759], [108.449315, 12.640828], [108.449147, 12.640981], [108.448773, 12.640958], [108.448496, 12.640832], [108.448126, 12.64079], [108.447807, 12.640705], [108.447752, 12.64064], [108.447947, 12.639767], [108.448091, 12.63922], [108.448699, 12.639178], [108.449413, 12.639098], [108.449494, 12.639293], [108.449787, 12.639622], [108.450246, 12.640599]]]}, "properties": {"loai": "gd2", "ten": "Dự kiến thu hồi GĐ2", "dienTichChuGiai": 40.8}}, {"type": "Feature", "geometry": {"type": "Polygon", "coordinates": [[[108.451057, 12.642271], [108.45078, 12.642428], [108.450569, 12.642532], [108.449708, 12.642914], [108.44986, 12.641927], [108.449934, 12.641268], [108.450219, 12.640683], [108.450679, 12.640752], [108.451057, 12.642271]]]}, "properties": {"loai": "gd2", "ten": "Dự kiến thu hồi GĐ2", "dienTichChuGiai": 40.8}}, {"type": "Feature", "geometry": {"type": "Polygon", "coordinates": [[[108.462373, 12.62429], [108.465183, 12.62429], [108.465183, 12.626912], [108.464633, 12.627111], [108.464508, 12.627226], [108.463222, 12.627762], [108.462384, 12.628145], [108.462271, 12.62821], [108.461578, 12.628577], [108.460334, 12.62917], [108.459761, 12.629392], [108.45975, 12.629377], [108.459559, 12.629277], [108.459559, 12.629266], [108.459551, 12.629258], [108.45945, 12.629204], [108.459364, 12.629147], [108.459309, 12.62912], [108.459228, 12.629067], [108.459146, 12.629028], [108.459165, 12.628967], [108.459204, 12.628902], [108.459212, 12.628875], [108.459298, 12.628768], [108.459341, 12.628749], [108.459352, 12.628714], [108.459317, 12.628688], [108.459122, 12.6285], [108.45908, 12.628431], [108.459041, 12.628393], [108.458978, 12.628351], [108.458896, 12.628282], [108.458756, 12.62814], [108.458744, 12.628132], [108.458725, 12.628152], [108.458694, 12.628102], [108.458604, 12.628064], [108.45855, 12.628021], [108.458515, 12.627964], [108.458495, 12.62791], [108.458452, 12.62775], [108.458386, 12.627704], [108.458366, 12.6277], [108.458195, 12.627574], [108.45814, 12.627501], [108.458105, 12.627463], [108.458113, 12.62742], [108.458199, 12.627302], [108.4583, 12.627195], [108.458363, 12.627141], [108.458374, 12.627107], [108.458448, 12.627007], [108.458476, 12.626934], [108.458495, 12.626862], [108.458636, 12.626666], [108.458647, 12.626601], [108.45871, 12.626513], [108.458768, 12.626521], [108.458838, 12.626632], [108.458893, 12.626659], [108.459002, 12.626804], [108.459064, 12.626923], [108.459158, 12.627042], [108.459185, 12.627068], [108.459259, 12.627095], [108.459349, 12.627107], [108.459349, 12.627122], [108.459356, 12.627122], [108.460257, 12.626177], [108.460678, 12.626299], [108.461247, 12.625679], [108.461114, 12.625423], [108.461153, 12.625427], [108.46127, 12.625338], [108.461348, 12.625323], [108.461683, 12.62499], [108.461683, 12.624994], [108.461987, 12.624673], [108.462096, 12.624519], [108.462147, 12.624366], [108.462373, 12.62429]]]}, "properties": {"loai": "gd3", "ten": "Dự kiến thu hồi GĐ3", "dienTichChuGiai": 69.76}}, {"type": "Feature", "geometry": {"type": "Polygon", "coordinates": [[[108.465183, 12.621829], [108.465183, 12.624298], [108.46235, 12.624297], [108.46318, 12.624014], [108.463835, 12.62393], [108.463609, 12.623666], [108.463554, 12.623122], [108.463087, 12.622135], [108.462872, 12.621606], [108.46274, 12.621189], [108.462604, 12.620864], [108.462023, 12.619872], [108.462896, 12.619195], [108.462896, 12.619233], [108.462931, 12.619275], [108.462951, 12.619348], [108.462966, 12.619494], [108.462986, 12.619566], [108.462982, 12.619658], [108.462954, 12.619884], [108.462943, 12.619957], [108.462923, 12.620026], [108.462915, 12.620098], [108.462904, 12.620152], [108.462931, 12.620198], [108.462986, 12.620236], [108.462997, 12.620263], [108.463025, 12.620301], [108.46304, 12.620309], [108.463052, 12.620328], [108.463087, 12.620336], [108.463095, 12.620362], [108.463141, 12.620408], [108.463161, 12.62042], [108.463188, 12.620454], [108.463204, 12.620462], [108.463216, 12.620481], [108.463243, 12.6205], [108.463251, 12.620519], [108.46327, 12.620527], [108.46327, 12.620539], [108.463297, 12.620546], [108.463325, 12.620573], [108.463325, 12.620592], [108.463344, 12.620611], [108.463379, 12.620627], [108.463399, 12.620657], [108.463414, 12.620673], [108.463441, 12.620726], [108.463461, 12.620738], [108.463469, 12.620757], [108.463488, 12.620764], [108.463504, 12.620784], [108.463504, 12.62081], [108.463523, 12.62083], [108.463543, 12.620837], [108.463551, 12.620818], [108.46357, 12.62081], [108.46359, 12.62081], [108.463597, 12.620818], [108.463617, 12.620822], [108.463636, 12.620822], [108.463652, 12.62081], [108.463699, 12.62081], [108.463706, 12.620822], [108.463726, 12.62083], [108.463745, 12.620822], [108.463781, 12.620841], [108.463819, 12.620841], [108.463862, 12.62086], [108.463968, 12.62086], [108.46403, 12.620895], [108.464049, 12.620933], [108.464045, 12.620952], [108.464065, 12.620987], [108.464073, 12.620987], [108.464092, 12.621025], [108.464092, 12.621052], [108.46412, 12.621052], [108.464139, 12.621032], [108.464139, 12.621013], [108.464174, 12.620987], [108.464174, 12.62096], [108.464166, 12.620944], [108.464166, 12.620933], [108.464178, 12.620933], [108.464186, 12.620925], [108.464186, 12.620887], [108.464268, 12.620864], [108.464287, 12.620864], [108.464295, 12.620853], [108.464322, 12.620872], [108.464381, 12.620872], [108.464396, 12.620864], [108.464435, 12.620864], [108.464455, 12.620856], [108.464462, 12.620856], [108.46447, 12.620864], [108.464509, 12.620856], [108.464517, 12.620837], [108.464529, 12.620837], [108.464544, 12.62083], [108.464583, 12.620822], [108.46463, 12.620822], [108.464646, 12.62083], [108.464685, 12.62083], [108.464739, 12.620868], [108.464747, 12.620876], [108.464739, 12.62091], [108.464755, 12.620941], [108.464766, 12.620948], [108.464774, 12.621002], [108.464782, 12.621013], [108.464782, 12.62104], [108.464774, 12.621056], [108.46479, 12.621082], [108.46479, 12.621094], [108.464782, 12.621128], [108.464801, 12.621147], [108.464809, 12.62114], [108.464829, 12.621147], [108.464837, 12.621167], [108.464837, 12.621182], [108.464844, 12.621186], [108.464844, 12.621193], [108.464891, 12.621239], [108.464899, 12.621258], [108.464899, 12.621285], [108.464911, 12.621293], [108.464899, 12.621373], [108.464926, 12.6214], [108.464926, 12.621412], [108.464934, 12.621419], [108.464934, 12.621431], [108.464946, 12.621457], [108.464934, 12.621484], [108.464934, 12.621538], [108.464953, 12.621538], [108.464969, 12.62153], [108.464969, 12.621538], [108.465, 12.621557], [108.465008, 12.621603], [108.465024, 12.621618], [108.465043, 12.621618], [108.465051, 12.621664], [108.465078, 12.621664], [108.46509, 12.621676], [108.46509, 12.621775], [108.465098, 12.621791], [108.465125, 12.621791], [108.465133, 12.621783], [108.465133, 12.621802], [108.465144, 12.62181], [108.465144, 12.621821], [108.46516, 12.621829], [108.465183, 12.621829]]]}, "properties": {"loai": "gd3", "ten": "Dự kiến thu hồi GĐ3", "dienTichChuGiai": 69.76}}, {"type": "Feature", "geometry": {"type": "MultiPolygon", "coordinates": [[[[108.466765, 12.62429], [108.47111, 12.624291], [108.471056, 12.624318], [108.471071, 12.624371], [108.470475, 12.624681], [108.469914, 12.624915], [108.469883, 12.624838], [108.469661, 12.624915], [108.469703, 12.62501], [108.469111, 12.625278], [108.468281, 12.625596], [108.466519, 12.626319], [108.466477, 12.626277], [108.466297, 12.626377], [108.466328, 12.62643], [108.465175, 12.626916], [108.465175, 12.62429], [108.466149, 12.62429], [108.466255, 12.624543], [108.466274, 12.624558], [108.466274, 12.624543], [108.466286, 12.624524], [108.466301, 12.624524], [108.466313, 12.624516], [108.466348, 12.624516], [108.466375, 12.624497], [108.466407, 12.624489], [108.466414, 12.624478], [108.466434, 12.62447], [108.466461, 12.624451], [108.466477, 12.624455], [108.466496, 12.624443], [108.466516, 12.624417], [108.466516, 12.624398], [108.466543, 12.624371], [108.466582, 12.624355], [108.466598, 12.624355], [108.466617, 12.624348], [108.466629, 12.624336], [108.466691, 12.62431], [108.466711, 12.62431], [108.466765, 12.62429]]], [[[108.471368, 12.624291], [108.471539, 12.624291], [108.471457, 12.624325], [108.471368, 12.624291]]]]}, "properties": {"loai": "gd3", "ten": "Dự kiến thu hồi GĐ3", "dienTichChuGiai": 69.76}}, {"type": "Feature", "geometry": {"type": "MultiPolygon", "coordinates": [[[[108.466153, 12.624298], [108.465175, 12.624298], [108.465176, 12.621829], [108.465187, 12.621829], [108.465281, 12.621794], [108.465308, 12.621794], [108.465327, 12.621787], [108.465347, 12.621787], [108.465374, 12.621775], [108.465409, 12.621775], [108.465421, 12.621787], [108.465429, 12.621833], [108.465456, 12.621894], [108.465546, 12.622039], [108.465581, 12.622112], [108.465608, 12.622185], [108.465643, 12.622357], [108.465779, 12.622648], [108.465807, 12.622721], [108.465857, 12.622939], [108.465885, 12.623019], [108.465904, 12.623111], [108.465912, 12.623192], [108.465927, 12.623245], [108.465939, 12.623318], [108.465947, 12.623391], [108.465947, 12.623483], [108.465962, 12.623563], [108.46597, 12.623643], [108.46599, 12.623724], [108.466017, 12.623796], [108.466052, 12.623961], [108.466079, 12.624041], [108.466095, 12.624126], [108.466153, 12.624298]]], [[[108.46675, 12.624298], [108.466785, 12.624283], [108.46682, 12.624287], [108.466859, 12.624267], [108.46696, 12.624195], [108.467015, 12.624153], [108.467015, 12.624107], [108.467042, 12.624088], [108.467061, 12.624061], [108.4671, 12.624042], [108.467155, 12.624045], [108.467174, 12.624034], [108.467217, 12.624026], [108.467248, 12.624007], [108.467264, 12.624007], [108.467284, 12.624], [108.467291, 12.62398], [108.467284, 12.623954], [108.467276, 12.623946], [108.467276, 12.623927], [108.467264, 12.623919], [108.467268, 12.6239], [108.467256, 12.623881], [108.467256, 12.623866], [108.467213, 12.623774], [108.467194, 12.623747], [108.467174, 12.623735], [108.467159, 12.623735], [108.46712, 12.623682], [108.46712, 12.623636], [108.467112, 12.623628], [108.467112, 12.623609], [108.467085, 12.623601], [108.467077, 12.62359], [108.46705, 12.623575], [108.46703, 12.623555], [108.467022, 12.623529], [108.467011, 12.62351], [108.466976, 12.62349], [108.466968, 12.623471], [108.466941, 12.623456], [108.466941, 12.623429], [108.466929, 12.62341], [108.466933, 12.623383], [108.466921, 12.623364], [108.466921, 12.623265], [108.466933, 12.623245], [108.466933, 12.623219], [108.466952, 12.623192], [108.466952, 12.623138], [108.46696, 12.623119], [108.46696, 12.623092], [108.466972, 12.623085], [108.467019, 12.622985], [108.467019, 12.622951], [108.467026, 12.622939], [108.467026, 12.622851], [108.467058, 12.622805], [108.467073, 12.622767], [108.467073, 12.622725], [108.467085, 12.622706], [108.467093, 12.622679], [108.467093, 12.62266], [108.467112, 12.622625], [108.467112, 12.622587], [108.467124, 12.622572], [108.467132, 12.622553], [108.467132, 12.622533], [108.467151, 12.622499], [108.467151, 12.622453], [108.467163, 12.622419], [108.467178, 12.622399], [108.467179, 12.622354], [108.467198, 12.622319], [108.467198, 12.622254], [108.46721, 12.622227], [108.467229, 12.62222], [108.467245, 12.622185], [108.467249, 12.62212], [108.467256, 12.622093], [108.467276, 12.622066], [108.467284, 12.622047], [108.467284, 12.621975], [108.467315, 12.621921], [108.467315, 12.621875], [108.467323, 12.62186], [108.467323, 12.621814], [108.467334, 12.621795], [108.467334, 12.621768], [108.467346, 12.621741], [108.468722, 12.621741], [108.468721, 12.624298], [108.46675, 12.624298]]]]}, "properties": {"loai": "gd3", "ten": "Dự kiến thu hồi GĐ3", "dienTichChuGiai": 69.76}}, {"type": "Feature", "geometry": {"type": "Polygon", "coordinates": [[[108.468722, 12.620156], [108.468722, 12.621749], [108.467342, 12.621749], [108.467362, 12.621687], [108.467381, 12.621668], [108.467381, 12.621653], [108.46737, 12.621634], [108.467373, 12.621588], [108.467381, 12.621569], [108.467373, 12.621542], [108.467373, 12.621523], [108.467393, 12.621488], [108.467393, 12.621381], [108.467412, 12.621354], [108.467412, 12.621335], [108.467401, 12.621328], [108.467401, 12.621282], [108.46744, 12.621201], [108.46744, 12.621163], [108.46742, 12.621117], [108.46742, 12.621109], [108.467432, 12.62109], [108.467432, 12.621037], [108.467424, 12.621029], [108.467412, 12.621002], [108.467413, 12.620983], [108.467424, 12.620918], [108.467451, 12.620876], [108.467471, 12.620857], [108.467471, 12.620811], [108.467483, 12.620765], [108.467483, 12.620731], [108.467471, 12.620704], [108.467483, 12.620685], [108.467483, 12.620665], [108.467502, 12.62065], [108.467518, 12.620612], [108.467518, 12.620585], [108.467537, 12.620551], [108.467557, 12.620531], [108.467604, 12.620443], [108.467623, 12.620424], [108.467623, 12.620405], [108.46765, 12.620363], [108.467678, 12.620306], [108.467705, 12.620264], [108.467724, 12.620244], [108.467724, 12.620225], [108.467744, 12.620183], [108.467744, 12.620164], [108.467763, 12.620145], [108.467763, 12.620126], [108.467783, 12.620091], [108.467791, 12.620064], [108.467791, 12.619984], [108.467822, 12.619931], [108.467822, 12.619904], [108.467841, 12.619858], [108.467841, 12.61982], [108.467857, 12.619777], [108.467876, 12.619758], [108.467876, 12.619739], [108.467908, 12.619686], [108.467908, 12.619659], [108.467923, 12.619624], [108.468044, 12.619624], [108.468118, 12.619598], [108.468145, 12.619605], [108.46818, 12.619598], [108.46818, 12.619617], [108.468192, 12.619636], [108.4682, 12.619663], [108.468239, 12.619682], [108.468254, 12.619682], [108.468293, 12.619697], [108.468301, 12.619709], [108.468328, 12.619716], [108.468348, 12.619716], [108.468364, 12.619728], [108.46841, 12.619728], [108.46843, 12.619747], [108.468465, 12.619747], [108.468465, 12.619762], [108.468504, 12.6198], [108.468531, 12.619854], [108.468527, 12.619873], [108.468539, 12.619892], [108.468539, 12.619927], [108.468574, 12.619973], [108.468593, 12.61998], [108.468613, 12.61998], [108.468628, 12.620011], [108.46864, 12.620019], [108.46864, 12.620026], [108.468656, 12.620045], [108.468664, 12.620065], [108.468675, 12.620072], [108.468691, 12.620111], [108.468718, 12.620156], [108.468722, 12.620156]]]}, "properties": {"loai": "gd3", "ten": "Dự kiến thu hồi GĐ3", "dienTichChuGiai": 69.76}}, {"type": "Feature", "geometry": {"type": "Polygon", "coordinates": [[[108.472256, 12.623985], [108.47152, 12.624299], [108.471387, 12.624299], [108.47127, 12.624253], [108.471216, 12.624237], [108.471095, 12.624299], [108.468714, 12.624298], [108.468714, 12.621741], [108.471859, 12.621742], [108.471902, 12.621872], [108.471898, 12.622285], [108.471929, 12.622503], [108.471878, 12.622515], [108.471676, 12.622607], [108.470783, 12.622775], [108.470662, 12.622767], [108.470803, 12.623483], [108.470912, 12.623602], [108.471305, 12.623659], [108.471317, 12.623778], [108.472198, 12.623793], [108.472252, 12.623985], [108.472256, 12.623985]]]}, "properties": {"loai": "gd3", "ten": "Dự kiến thu hồi GĐ3", "dienTichChuGiai": 69.76}}, {"type": "Feature", "geometry": {"type": "Polygon", "coordinates": [[[108.471863, 12.621749], [108.468714, 12.621749], [108.468714, 12.620153], [108.46873, 12.620156], [108.468738, 12.620164], [108.468745, 12.620183], [108.468773, 12.620218], [108.468792, 12.620256], [108.468812, 12.620283], [108.468827, 12.62029], [108.468874, 12.62029], [108.468901, 12.620302], [108.468967, 12.620302], [108.468987, 12.62031], [108.469042, 12.620294], [108.469057, 12.620294], [108.469077, 12.620302], [108.469084, 12.620321], [108.469123, 12.620321], [108.469158, 12.62034], [108.469186, 12.620375], [108.469205, 12.620432], [108.469225, 12.620432], [108.469295, 12.620467], [108.469326, 12.620467], [108.469342, 12.620451], [108.469342, 12.620432], [108.469369, 12.620432], [108.469408, 12.620425], [108.469427, 12.620432], [108.469455, 12.620451], [108.46947, 12.62047], [108.469509, 12.620497], [108.469525, 12.620524], [108.469536, 12.620524], [108.469544, 12.620532], [108.469552, 12.620551], [108.469579, 12.620551], [108.469607, 12.62057], [108.469626, 12.620578], [108.469638, 12.620589], [108.469665, 12.620589], [108.469681, 12.620597], [108.469708, 12.620597], [108.469727, 12.620608], [108.469747, 12.620608], [108.469762, 12.620597], [108.469809, 12.620589], [108.469821, 12.620581], [108.469836, 12.620589], [108.469875, 12.620654], [108.469891, 12.62067], [108.469911, 12.6207], [108.469911, 12.620715], [108.46993, 12.620754], [108.469926, 12.620761], [108.469965, 12.620815], [108.470008, 12.620945], [108.470035, 12.62098], [108.470047, 12.621006], [108.470047, 12.621045], [108.470055, 12.621064], [108.470055, 12.621079], [108.470035, 12.621098], [108.470035, 12.621091], [108.470027, 12.621098], [108.470027, 12.621106], [108.470043, 12.62116], [108.47007, 12.621198], [108.47007, 12.621205], [108.470082, 12.621205], [108.470136, 12.621225], [108.470199, 12.621217], [108.470246, 12.621183], [108.470312, 12.621156], [108.470394, 12.62111], [108.470495, 12.621064], [108.470589, 12.621041], [108.470791, 12.621007], [108.470873, 12.620987], [108.47092, 12.620961], [108.470947, 12.620934], [108.471672, 12.62106], [108.471715, 12.621167], [108.471703, 12.621328], [108.471754, 12.621412], [108.471863, 12.621749]]]}, "properties": {"loai": "gd3", "ten": "Dự kiến thu hồi GĐ3", "dienTichChuGiai": 69.76}}, {"type": "Feature", "geometry": {"type": "Polygon", "coordinates": [[[108.461531, 12.6286], [108.463109, 12.6286], [108.462953, 12.62865], [108.4618, 12.629086], [108.460934, 12.629385], [108.460685, 12.629488], [108.460334, 12.629637], [108.459781, 12.629886], [108.459777, 12.629978], [108.459629, 12.630039], [108.459543, 12.629985], [108.45899, 12.630207], [108.458401, 12.630464], [108.457555, 12.63082], [108.456827, 12.631172], [108.45653, 12.63139], [108.456152, 12.631531], [108.456148, 12.631596], [108.456004, 12.631654], [108.455989, 12.631646], [108.455911, 12.631631], [108.454387, 12.632274], [108.45441, 12.632335], [108.455119, 12.632335], [108.455123, 12.632412], [108.454387, 12.632446], [108.454137, 12.632381], [108.453775, 12.632503], [108.453104, 12.63274], [108.450754, 12.633632], [108.449885, 12.633972], [108.449086, 12.634244], [108.448653, 12.634803], [108.44849, 12.634841], [108.448466, 12.634784], [108.448618, 12.634738], [108.448942, 12.634286], [108.447387, 12.634772], [108.446869, 12.634952], [108.446853, 12.635017], [108.447944, 12.635132], [108.44794, 12.635205], [108.446771, 12.635101], [108.446381, 12.635174], [108.446311, 12.635105], [108.444795, 12.635483], [108.445259, 12.636498], [108.445333, 12.637015], [108.445309, 12.637018], [108.445274, 12.636858], [108.445278, 12.636808], [108.445247, 12.636651], [108.445208, 12.636551], [108.4452, 12.636513], [108.444908, 12.636046], [108.444904, 12.63605], [108.444674, 12.63561], [108.444561, 12.635372], [108.444421, 12.635131], [108.444246, 12.634767], [108.444059, 12.634442], [108.444074, 12.634431], [108.444382, 12.635001], [108.444659, 12.634944], [108.444682, 12.634963], [108.445582, 12.634745], [108.445598, 12.634745], [108.446245, 12.634573], [108.446304, 12.634554], [108.4463, 12.634515], [108.446448, 12.634473], [108.446479, 12.634504], [108.447243, 12.634316], [108.447999, 12.634106], [108.448802, 12.633857], [108.44879, 12.633811], [108.448926, 12.633769], [108.448958, 12.633815], [108.449741, 12.633547], [108.451464, 12.632928], [108.452309, 12.632572], [108.453147, 12.632201], [108.4539, 12.631887], [108.453904, 12.631883], [108.453904, 12.6316], [108.453954, 12.631393], [108.454063, 12.631412], [108.454172, 12.631757], [108.455256, 12.631301], [108.45572, 12.631034], [108.455739, 12.630731], [108.455381, 12.630417], [108.454999, 12.630398], [108.455057, 12.63008], [108.455026, 12.629935], [108.454882, 12.629797], [108.454644, 12.629399], [108.454855, 12.62925], [108.454773, 12.628626], [108.454808, 12.628622], [108.454921, 12.628993], [108.454941, 12.629211], [108.454898, 12.629322], [108.454746, 12.62941], [108.454944, 12.629747], [108.455096, 12.6299], [108.455128, 12.63008], [108.455077, 12.630337], [108.455408, 12.630344], [108.4557, 12.630547], [108.455806, 12.630704], [108.455895, 12.631007], [108.456538, 12.630804], [108.457396, 12.630471], [108.459395, 12.629553], [108.459002, 12.628971], [108.459239, 12.628722], [108.459111, 12.6286], [108.459228, 12.6286], [108.459348, 12.628718], [108.459091, 12.628975], [108.459559, 12.629472], [108.460334, 12.62917], [108.461531, 12.6286]]]}, "properties": {"loai": "caoToc", "ten": "Cao tốc BMT - KH", "dienTichChuGiai": null}}, {"type": "Feature", "geometry": {"type": "MultiPolygon", "coordinates": [[[[108.459235, 12.628607], [108.459118, 12.628607], [108.458709, 12.628221], [108.458733, 12.62819], [108.458702, 12.628171], [108.458744, 12.628132], [108.458756, 12.62814], [108.458931, 12.628316], [108.459235, 12.628607]]], [[[108.461511, 12.628608], [108.461578, 12.628577], [108.462271, 12.62821], [108.462384, 12.628145], [108.46314, 12.6278], [108.46314, 12.628585], [108.46309, 12.628608], [108.461511, 12.628608]]]]}, "properties": {"loai": "caoToc", "ten": "Cao tốc BMT - KH", "dienTichChuGiai": null}}, {"type": "Feature", "geometry": {"type": "Polygon", "coordinates": [[[108.482213, 12.620625], [108.482108, 12.620652], [108.481231, 12.620927], [108.480432, 12.621145], [108.480273, 12.621222], [108.480273, 12.621306], [108.479922, 12.621394], [108.479871, 12.621294], [108.47862, 12.62175], [108.477767, 12.622075], [108.476937, 12.622454], [108.476582, 12.622611], [108.476605, 12.622676], [108.476481, 12.622722], [108.476457, 12.622665], [108.475425, 12.623105], [108.475354, 12.623204], [108.475354, 12.623376], [108.475269, 12.623376], [108.475269, 12.623269], [108.475195, 12.623212], [108.473558, 12.623885], [108.471469, 12.6248], [108.471492, 12.624888], [108.471079, 12.625026], [108.471025, 12.624972], [108.469887, 12.625489], [108.469894, 12.625562], [108.469699, 12.625631], [108.469641, 12.625588], [108.469345, 12.625696], [108.46894, 12.625929], [108.46756, 12.626576], [108.467162, 12.62674], [108.467213, 12.626805], [108.46696, 12.626924], [108.466921, 12.626939], [108.466839, 12.62687], [108.466426, 12.62705], [108.465993, 12.627211], [108.465549, 12.627464], [108.46498, 12.627831], [108.464773, 12.62785], [108.463881, 12.628256], [108.463133, 12.628589], [108.463133, 12.627804], [108.463222, 12.627762], [108.464508, 12.627226], [108.464633, 12.627111], [108.4653, 12.626866], [108.466328, 12.62643], [108.466297, 12.626377], [108.466477, 12.626277], [108.466519, 12.626319], [108.468281, 12.625596], [108.469111, 12.625278], [108.469703, 12.62501], [108.469661, 12.624915], [108.469883, 12.624838], [108.469914, 12.624915], [108.470475, 12.624681], [108.471071, 12.624371], [108.471056, 12.624318], [108.471216, 12.624237], [108.47127, 12.624253], [108.471457, 12.624325], [108.472541, 12.623866], [108.473375, 12.623483], [108.474213, 12.623108], [108.475245, 12.622622], [108.475269, 12.622305], [108.475358, 12.622305], [108.475374, 12.622561], [108.476185, 12.622232], [108.477221, 12.621512], [108.478012, 12.620954], [108.478418, 12.620712], [108.478488, 12.620785], [108.477736, 12.621248], [108.477264, 12.62157], [108.476527, 12.622106], [108.478476, 12.621371], [108.479341, 12.621065], [108.479622, 12.620322], [108.480008, 12.620184], [108.480027, 12.620196], [108.480179, 12.620253], [108.479645, 12.620391], [108.479797, 12.620835], [108.479809, 12.620762], [108.480226, 12.620716], [108.480409, 12.620674], [108.480736, 12.620598], [108.481372, 12.62041], [108.48198, 12.620257], [108.482213, 12.620625]]]}, "properties": {"loai": "caoToc", "ten": "Cao tốc BMT - KH", "dienTichChuGiai": null}}, {"type": "Feature", "geometry": {"type": "Polygon", "coordinates": [[[108.479708, 12.621367], [108.479684, 12.621371], [108.479688, 12.621363], [108.479871, 12.621294], [108.479922, 12.621394], [108.480273, 12.621306], [108.480273, 12.621222], [108.480432, 12.621145], [108.481231, 12.620927], [108.482124, 12.620648], [108.482587, 12.621444], [108.483526, 12.622952], [108.483628, 12.623098], [108.483612, 12.623132], [108.483593, 12.623224], [108.483573, 12.623358], [108.483604, 12.623477], [108.483604, 12.623572], [108.4836, 12.623591], [108.483608, 12.623618], [108.483612, 12.623729], [108.483523, 12.623848], [108.483429, 12.624024], [108.483413, 12.624074], [108.483421, 12.624146], [108.48339, 12.62425], [108.483332, 12.624319], [108.48332, 12.624372], [108.48337, 12.624483], [108.483386, 12.62456], [108.483355, 12.624648], [108.483304, 12.624755], [108.483281, 12.624755], [108.483265, 12.624736], [108.483254, 12.624736], [108.483254, 12.624728], [108.483265, 12.624717], [108.483254, 12.624717], [108.483098, 12.625027], [108.483102, 12.625004], [108.483051, 12.625027], [108.483063, 12.625042], [108.483098, 12.625115], [108.483098, 12.62518], [108.48307, 12.625413], [108.483078, 12.625498], [108.483078, 12.625578], [108.48307, 12.625605], [108.48307, 12.625678], [108.483078, 12.625712], [108.48309, 12.625823], [108.483105, 12.626057], [108.483117, 12.626409], [108.48309, 12.626834], [108.483117, 12.627105], [108.483117, 12.627144], [108.48309, 12.627213], [108.483105, 12.627343], [108.483062, 12.627496], [108.483023, 12.627549], [108.482977, 12.62763], [108.482887, 12.627737], [108.482832, 12.627768], [108.482805, 12.627775], [108.482556, 12.627921], [108.482318, 12.628036], [108.482178, 12.62812], [108.482057, 12.628181], [108.481967, 12.628246], [108.481874, 12.6283], [108.481679, 12.628426], [108.481367, 12.628591], [108.481239, 12.628652], [108.481172, 12.628698], [108.481137, 12.628705], [108.48109, 12.628759], [108.481063, 12.628832], [108.481036, 12.628969], [108.481001, 12.629077], [108.480962, 12.62923], [108.480934, 12.629268], [108.478846, 12.629268], [108.478834, 12.629203], [108.478818, 12.629168], [108.478752, 12.629096], [108.478779, 12.629042], [108.478772, 12.629023], [108.478779, 12.62895], [108.478865, 12.628751], [108.478881, 12.628659], [108.478865, 12.628632], [108.4789, 12.628571], [108.478908, 12.628498], [108.478963, 12.628453], [108.478955, 12.628426], [108.478963, 12.628353], [108.478974, 12.628334], [108.478974, 12.628135], [108.478947, 12.628035], [108.478928, 12.628001], [108.478892, 12.628009], [108.478947, 12.627756], [108.478963, 12.627702], [108.478963, 12.627683], [108.478908, 12.62761], [108.478826, 12.627595], [108.478705, 12.627542], [108.478651, 12.627522], [108.478604, 12.627484], [108.478561, 12.627442], [108.478468, 12.627323], [108.478413, 12.627212], [108.478312, 12.627185], [108.478265, 12.627185], [108.478211, 12.627159], [108.478129, 12.627117], [108.47807, 12.627078], [108.478008, 12.627025], [108.477961, 12.627013], [108.477879, 12.626952], [108.47786, 12.626944], [108.477797, 12.626898], [108.477786, 12.62678], [108.477798, 12.626734], [108.477798, 12.626646], [108.477813, 12.626607], [108.477759, 12.626535], [108.477778, 12.626462], [108.477778, 12.626393], [108.477786, 12.626355], [108.477833, 12.626274], [108.477895, 12.626183], [108.477942, 12.626049], [108.477953, 12.626003], [108.477934, 12.625976], [108.478008, 12.625811], [108.478008, 12.625784], [108.478016, 12.625765], [108.478043, 12.625712], [108.47809, 12.62565], [108.478156, 12.625585], [108.478144, 12.625486], [108.478191, 12.625314], [108.478129, 12.625287], [108.478028, 12.62516], [108.477954, 12.624973], [108.477841, 12.624873], [108.477798, 12.624789], [108.477825, 12.624701], [108.47786, 12.624682], [108.477887, 12.624621], [108.477895, 12.624575], [108.478, 12.624337], [108.478028, 12.624112], [108.478129, 12.623878], [108.478238, 12.623779], [108.478359, 12.623595], [108.478468, 12.623499], [108.478495, 12.623499], [108.478624, 12.623526], [108.478772, 12.62348], [108.478975, 12.623453], [108.479049, 12.623427], [108.479251, 12.623254], [108.479325, 12.623128], [108.479333, 12.623101], [108.479372, 12.623036], [108.479353, 12.623028], [108.479435, 12.62281], [108.47947, 12.622703], [108.479489, 12.62255], [108.479516, 12.622493], [108.479536, 12.622431], [108.479591, 12.622378], [108.479598, 12.622305], [108.479629, 12.62224], [108.479657, 12.622213], [108.479727, 12.622121], [108.47984, 12.622114], [108.479859, 12.62206], [108.479859, 12.622006], [108.47982, 12.621953], [108.479739, 12.621888], [108.479684, 12.621861], [108.479645, 12.621807], [108.47963, 12.621715], [108.47963, 12.621528], [108.479672, 12.62139], [108.47968, 12.621379], [108.479708, 12.621367]]]}, "properties": {"loai": "traiHeo", "ten": "Trang trại nuôi heo", "dienTichChuGiai": null}}, {"type": "Feature", "geometry": {"type": "Polygon", "coordinates": [[[108.4418, 12.611206], [108.4418, 12.61015], [108.443452, 12.61015], [108.443452, 12.611206], [108.4418, 12.611206]]]}, "properties": {"loai": "chuoi", "ten": "Diện tích đã trồng chuối", "dienTichChuGiai": null}}, {"type": "Feature", "geometry": {"type": "Polygon", "coordinates": [[[108.4418, 12.609901], [108.4418, 12.608844], [108.443453, 12.608845], [108.443452, 12.609901], [108.4418, 12.609901]]]}, "properties": {"loai": "caoSuDucLoc", "ten": "Cao su Đức Lộc", "dienTichChuGiai": null}}, {"type": "Feature", "geometry": {"type": "Polygon", "coordinates": [[[108.4418, 12.608595], [108.441801, 12.607535], [108.443453, 12.607535], [108.443453, 12.608596], [108.4418, 12.608595]]]}, "properties": {"loai": "caoSuLK", "ten": "Cao su giao khoán cho LK", "dienTichChuGiai": null}}]}